2025-09-28T15:10:49+00:00 METHOD=POST
2025-09-28T15:10:49+00:00 HEADERS={"User-Agent":"okhttp\/4.12.0","Accept-Encoding":"gzip","Content-Length":"180","Content-Type":"application\/json","X-Api-Key":"YOUR_SECURE_RANDOM_KEY","Host":"wjin.upv.edu.es"}
2025-09-28T15:10:49+00:00 RAW={"mac":"E6:14:89:83:B3:B9","major":10554,"minor":8289,"nombre":"GTI-3J","rssi":-55,"timestamp":1759072249790,"txPower":99,"uuid":"64:61:74:6f:73:00:2d:2d:2d:2d:20:6c:6f:6f:70:28:"}
2025-09-28T15:10:49+00:00 METHOD=POST
2025-09-28T15:10:49+00:00 HEADERS={"User-Agent":"okhttp\/4.12.0","Accept-Encoding":"gzip","Content-Length":"180","Content-Type":"application\/json","X-Api-Key":"YOUR_SECURE_RANDOM_KEY","Host":"wjin.upv.edu.es"}
2025-09-28T15:10:49+00:00 RAW={"mac":"E6:14:89:83:B3:B9","major":10554,"minor":8289,"nombre":"GTI-3J","rssi":-55,"timestamp":1759072249729,"txPower":99,"uuid":"64:61:74:6f:73:00:2d:2d:2d:2d:20:6c:6f:6f:70:28:"}
2025-09-28T15:10:49+00:00 METHOD=POST
2025-09-28T15:10:49+00:00 HEADERS={"User-Agent":"okhttp\/4.12.0","Accept-Encoding":"gzip","Content-Length":"180","Content-Type":"application\/json","X-Api-Key":"YOUR_SECURE_RANDOM_KEY","Host":"wjin.upv.edu.es"}
2025-09-28T15:10:49+00:00 RAW={"mac":"E6:14:89:83:B3:B9","major":10554,"minor":8289,"nombre":"GTI-3J","rssi":-55,"timestamp":1759072249692,"txPower":99,"uuid":"64:61:74:6f:73:00:2d:2d:2d:2d:20:6c:6f:6f:70:28:"}
2025-09-28T15:10:49+00:00 METHOD=POST
2025-09-28T15:10:49+00:00 HEADERS={"User-Agent":"okhttp\/4.12.0","Accept-Encoding":"gzip","Content-Length":"180","Content-Type":"application\/json","X-Api-Key":"YOUR_SECURE_RANDOM_KEY","Host":"wjin.upv.edu.es"}
2025-09-28T15:10:49+00:00 RAW={"mac":"E6:14:89:83:B3:B9","major":10554,"minor":8289,"nombre":"GTI-3J","rssi":-59,"timestamp":1759072249923,"txPower":99,"uuid":"64:61:74:6f:73:00:2d:2d:2d:2d:20:6c:6f:6f:70:28:"}
2025-09-28T15:10:49+00:00 METHOD=POST
2025-09-28T15:10:49+00:00 HEADERS={"User-Agent":"okhttp\/4.12.0","Accept-Encoding":"gzip","Content-Length":"180","Content-Type":"application\/json","X-Api-Key":"YOUR_SECURE_RANDOM_KEY","Host":"wjin.upv.edu.es"}
2025-09-28T15:10:49+00:00 RAW={"mac":"E6:14:89:83:B3:B9","major":10554,"minor":8289,"nombre":"GTI-3J","rssi":-58,"timestamp":1759072249856,"txPower":99,"uuid":"64:61:74:6f:73:00:2d:2d:2d:2d:20:6c:6f:6f:70:28:"}
2025-09-28T15:10:49+00:00 METHOD=POST
2025-09-28T15:10:49+00:00 HEADERS={"User-Agent":"okhttp\/4.12.0","Accept-Encoding":"gzip","Content-Length":"180","Content-Type":"application\/json","X-Api-Key":"YOUR_SECURE_RANDOM_KEY","Host":"wjin.upv.edu.es"}
2025-09-28T15:10:49+00:00 RAW={"mac":"E6:14:89:83:B3:B9","major":10554,"minor":8289,"nombre":"GTI-3J","rssi":-54,"timestamp":1759072250117,"txPower":99,"uuid":"64:61:74:6f:73:00:2d:2d:2d:2d:20:6c:6f:6f:70:28:"}
2025-09-28T15:10:49+00:00 METHOD=POST
2025-09-28T15:10:49+00:00 HEADERS={"User-Agent":"okhttp\/4.12.0","Accept-Encoding":"gzip","Content-Length":"180","Content-Type":"application\/json","X-Api-Key":"YOUR_SECURE_RANDOM_KEY","Host":"wjin.upv.edu.es"}
2025-09-28T15:10:49+00:00 RAW={"mac":"E6:14:89:83:B3:B9","major":10554,"minor":8289,"nombre":"GTI-3J","rssi":-57,"timestamp":1759072250204,"txPower":99,"uuid":"64:61:74:6f:73:00:2d:2d:2d:2d:20:6c:6f:6f:70:28:"}
2025-09-28T15:10:49+00:00 METHOD=POST
2025-09-28T15:10:49+00:00 HEADERS={"User-Agent":"okhttp\/4.12.0","Accept-Encoding":"gzip","Content-Length":"180","Content-Type":"application\/json","X-Api-Key":"YOUR_SECURE_RANDOM_KEY","Host":"wjin.upv.edu.es"}
2025-09-28T15:10:49+00:00 RAW={"mac":"E6:14:89:83:B3:B9","major":10554,"minor":8289,"nombre":"GTI-3J","rssi":-54,"timestamp":1759072250260,"txPower":99,"uuid":"64:61:74:6f:73:00:2d:2d:2d:2d:20:6c:6f:6f:70:28:"}
2025-09-28T15:10:49+00:00 METHOD=POST
2025-09-28T15:10:49+00:00 HEADERS={"User-Agent":"okhttp\/4.12.0","Accept-Encoding":"gzip","Content-Length":"180","Content-Type":"application\/json","X-Api-Key":"YOUR_SECURE_RANDOM_KEY","Host":"wjin.upv.edu.es"}
2025-09-28T15:10:49+00:00 RAW={"mac":"E6:14:89:83:B3:B9","major":10554,"minor":8289,"nombre":"GTI-3J","rssi":-54,"timestamp":1759072250319,"txPower":99,"uuid":"64:61:74:6f:73:00:2d:2d:2d:2d:20:6c:6f:6f:70:28:"}
2025-09-28T15:10:49+00:00 METHOD=POST
2025-09-28T15:10:49+00:00 HEADERS={"User-Agent":"okhttp\/4.12.0","Accept-Encoding":"gzip","Content-Length":"180","Content-Type":"application\/json","X-Api-Key":"YOUR_SECURE_RANDOM_KEY","Host":"wjin.upv.edu.es"}
2025-09-28T15:10:49+00:00 RAW={"mac":"E6:14:89:83:B3:B9","major":10554,"minor":8289,"nombre":"GTI-3J","rssi":-54,"timestamp":1759072250392,"txPower":99,"uuid":"64:61:74:6f:73:00:2d:2d:2d:2d:20:6c:6f:6f:70:28:"}
2025-09-28T15:10:49+00:00 METHOD=POST
2025-09-28T15:10:49+00:00 HEADERS={"User-Agent":"okhttp\/4.12.0","Accept-Encoding":"gzip","Content-Length":"180","Content-Type":"application\/json","X-Api-Key":"YOUR_SECURE_RANDOM_KEY","Host":"wjin.upv.edu.es"}
2025-09-28T15:10:49+00:00 RAW={"mac":"E6:14:89:83:B3:B9","major":10554,"minor":8289,"nombre":"GTI-3J","rssi":-56,"timestamp":1759072250473,"txPower":99,"uuid":"64:61:74:6f:73:00:2d:2d:2d:2d:20:6c:6f:6f:70:28:"}
2025-09-28T15:10:49+00:00 METHOD=POST
2025-09-28T15:10:49+00:00 HEADERS={"User-Agent":"okhttp\/4.12.0","Accept-Encoding":"gzip","Content-Length":"180","Content-Type":"application\/json","X-Api-Key":"YOUR_SECURE_RANDOM_KEY","Host":"wjin.upv.edu.es"}
2025-09-28T15:10:49+00:00 RAW={"mac":"E6:14:89:83:B3:B9","major":10554,"minor":8289,"nombre":"GTI-3J","rssi":-56,"timestamp":1759072250539,"txPower":99,"uuid":"64:61:74:6f:73:00:2d:2d:2d:2d:20:6c:6f:6f:70:28:"}
2025-09-28T15:10:50+00:00 METHOD=POST
2025-09-28T15:10:50+00:00 HEADERS={"User-Agent":"okhttp\/4.12.0","Accept-Encoding":"gzip","Content-Length":"180","Content-Type":"application\/json","X-Api-Key":"YOUR_SECURE_RANDOM_KEY","Host":"wjin.upv.edu.es"}
2025-09-28T15:10:50+00:00 RAW={"mac":"E6:14:89:83:B3:B9","major":10554,"minor":8289,"nombre":"GTI-3J","rssi":-55,"timestamp":1759072250596,"txPower":99,"uuid":"64:61:74:6f:73:00:2d:2d:2d:2d:20:6c:6f:6f:70:28:"}
2025-09-28T15:10:50+00:00 METHOD=POST
2025-09-28T15:10:50+00:00 HEADERS={"User-Agent":"okhttp\/4.12.0","Accept-Encoding":"gzip","Content-Length":"180","Content-Type":"application\/json","X-Api-Key":"YOUR_SECURE_RANDOM_KEY","Host":"wjin.upv.edu.es"}
2025-09-28T15:10:50+00:00 RAW={"mac":"E6:14:89:83:B3:B9","major":10554,"minor":8289,"nombre":"GTI-3J","rssi":-55,"timestamp":1759072250739,"txPower":99,"uuid":"64:61:74:6f:73:00:2d:2d:2d:2d:20:6c:6f:6f:70:28:"}
2025-09-28T15:10:50+00:00 METHOD=POST
2025-09-28T15:10:50+00:00 HEADERS={"User-Agent":"okhttp\/4.12.0","Accept-Encoding":"gzip","Content-Length":"180","Content-Type":"application\/json","X-Api-Key":"YOUR_SECURE_RANDOM_KEY","Host":"wjin.upv.edu.es"}
2025-09-28T15:10:50+00:00 RAW={"mac":"E6:14:89:83:B3:B9","major":10554,"minor":8289,"nombre":"GTI-3J","rssi":-55,"timestamp":1759072250875,"txPower":99,"uuid":"64:61:74:6f:73:00:2d:2d:2d:2d:20:6c:6f:6f:70:28:"}
2025-09-28T15:10:50+00:00 METHOD=POST
2025-09-28T15:10:50+00:00 HEADERS={"User-Agent":"okhttp\/4.12.0","Accept-Encoding":"gzip","Content-Length":"180","Content-Type":"application\/json","X-Api-Key":"YOUR_SECURE_RANDOM_KEY","Host":"wjin.upv.edu.es"}
2025-09-28T15:10:50+00:00 RAW={"mac":"E6:14:89:83:B3:B9","major":10554,"minor":8289,"nombre":"GTI-3J","rssi":-55,"timestamp":1759072250935,"txPower":99,"uuid":"64:61:74:6f:73:00:2d:2d:2d:2d:20:6c:6f:6f:70:28:"}
2025-09-28T15:10:50+00:00 METHOD=POST
2025-09-28T15:10:50+00:00 HEADERS={"User-Agent":"okhttp\/4.12.0","Accept-Encoding":"gzip","Content-Length":"180","Content-Type":"application\/json","X-Api-Key":"YOUR_SECURE_RANDOM_KEY","Host":"wjin.upv.edu.es"}
2025-09-28T15:10:50+00:00 RAW={"mac":"E6:14:89:83:B3:B9","major":10554,"minor":8289,"nombre":"GTI-3J","rssi":-57,"timestamp":1759072251165,"txPower":99,"uuid":"64:61:74:6f:73:00:2d:2d:2d:2d:20:6c:6f:6f:70:28:"}
2025-09-28T15:10:50+00:00 METHOD=POST
2025-09-28T15:10:50+00:00 HEADERS={"User-Agent":"okhttp\/4.12.0","Accept-Encoding":"gzip","Content-Length":"180","Content-Type":"application\/json","X-Api-Key":"YOUR_SECURE_RANDOM_KEY","Host":"wjin.upv.edu.es"}
2025-09-28T15:10:50+00:00 RAW={"mac":"E6:14:89:83:B3:B9","major":10554,"minor":8289,"nombre":"GTI-3J","rssi":-61,"timestamp":1759072251282,"txPower":99,"uuid":"64:61:74:6f:73:00:2d:2d:2d:2d:20:6c:6f:6f:70:28:"}
2025-09-28T15:10:50+00:00 METHOD=POST
2025-09-28T15:10:50+00:00 HEADERS={"User-Agent":"okhttp\/4.12.0","Accept-Encoding":"gzip","Content-Length":"180","Content-Type":"application\/json","X-Api-Key":"YOUR_SECURE_RANDOM_KEY","Host":"wjin.upv.edu.es"}
2025-09-28T15:10:50+00:00 RAW={"mac":"E6:14:89:83:B3:B9","major":10554,"minor":8289,"nombre":"GTI-3J","rssi":-63,"timestamp":1759072251347,"txPower":99,"uuid":"64:61:74:6f:73:00:2d:2d:2d:2d:20:6c:6f:6f:70:28:"}
2025-09-28T15:10:50+00:00 METHOD=POST
2025-09-28T15:10:50+00:00 HEADERS={"User-Agent":"okhttp\/4.12.0","Accept-Encoding":"gzip","Content-Length":"180","Content-Type":"application\/json","X-Api-Key":"YOUR_SECURE_RANDOM_KEY","Host":"wjin.upv.edu.es"}
2025-09-28T15:10:50+00:00 RAW={"mac":"E6:14:89:83:B3:B9","major":10554,"minor":8289,"nombre":"GTI-3J","rssi":-67,"timestamp":1759072251419,"txPower":99,"uuid":"64:61:74:6f:73:00:2d:2d:2d:2d:20:6c:6f:6f:70:28:"}
2025-09-28T15:10:50+00:00 METHOD=POST
2025-09-28T15:10:50+00:00 HEADERS={"User-Agent":"okhttp\/4.12.0","Accept-Encoding":"gzip","Content-Length":"180","Content-Type":"application\/json","X-Api-Key":"YOUR_SECURE_RANDOM_KEY","Host":"wjin.upv.edu.es"}
2025-09-28T15:10:50+00:00 RAW={"mac":"E6:14:89:83:B3:B9","major":10554,"minor":8289,"nombre":"GTI-3J","rssi":-69,"timestamp":1759072251485,"txPower":99,"uuid":"64:61:74:6f:73:00:2d:2d:2d:2d:20:6c:6f:6f:70:28:"}
2025-09-28T15:10:50+00:00 METHOD=POST
2025-09-28T15:10:50+00:00 HEADERS={"User-Agent":"okhttp\/4.12.0","Accept-Encoding":"gzip","Content-Length":"180","Content-Type":"application\/json","X-Api-Key":"YOUR_SECURE_RANDOM_KEY","Host":"wjin.upv.edu.es"}
2025-09-28T15:10:50+00:00 RAW={"mac":"E6:14:89:83:B3:B9","major":10554,"minor":8289,"nombre":"GTI-3J","rssi":-70,"timestamp":1759072251547,"txPower":99,"uuid":"64:61:74:6f:73:00:2d:2d:2d:2d:20:6c:6f:6f:70:28:"}
2025-09-28T15:26:07+00:00 METHOD=GET
2025-09-28T15:26:07+00:00 HEADERS={"Cookie":"sites-dynamic-list-state-collapsed=%7B%22domain%3A3651%22%3A0%7D; PLESKSESSID=2cc8b63c3ca981c3caab69a15ab3c833","Priority":"u=0, i","Accept-Language":"zh-CN,zh;q=0.9,es;q=0.8","Accept-Encoding":"gzip, deflate, br, zstd","Referer":"https:\/\/wjin.upv.edu.es:8443\/","Sec-Fetch-Dest":"document","Sec-Fetch-User":"?1","Sec-Fetch-Mode":"navigate","Sec-Fetch-Site":"same-site","Accept":"text\/html,application\/xhtml+xml,application\/xml;q=0.9,image\/avif,image\/webp,image\/apng,*\/*;q=0.8,application\/signed-exchange;v=b3;q=0.7","User-Agent":"Mozilla\/5.0 (Windows NT 10.0; Win64; x64) AppleWebKit\/537.36 (KHTML, like Gecko) Chrome\/134.0.0.0 Safari\/537.36","Upgrade-Insecure-Requests":"1","Sec-Ch-Ua-Platform":"\"Windows\"","Sec-Ch-Ua-Mobile":"?0","Sec-Ch-Ua":"\"Chromium\";v=\"134\", \"Not:A-Brand\";v=\"24\", \"Google Chrome\";v=\"134\"","Cache-Control":"max-age=0","Host":"wjin.upv.edu.es","Content-Length":"","Content-Type":""}
2025-09-28T15:26:07+00:00 RAW=
2025-09-30T19:43:41+00:00 METHOD=POST
2025-09-30T19:43:41+00:00 HEADERS={"User-Agent":"okhttp\/4.12.0","Accept-Encoding":"gzip","Content-Length":"178","Content-Type":"application\/json","X-Api-Key":"YOUR_SECURE_RANDOM_KEY","Host":"wjin.upv.edu.es"}
2025-09-30T19:43:41+00:00 RAW={"mac":"E6:14:89:83:B3:B9","major":3086,"minor":10,"nombre":"GTI-3A","rssi":-60,"timestamp":1759261421396,"txPower":203,"uuid":"45:50:53:47:2d:47:54:49:2d:50:52:4f:59:2d:33:41:"}
2025-09-30T19:43:41+00:00 METHOD=POST
2025-09-30T19:43:41+00:00 HEADERS={"User-Agent":"okhttp\/4.12.0","Accept-Encoding":"gzip","Content-Length":"178","Content-Type":"application\/json","X-Api-Key":"YOUR_SECURE_RANDOM_KEY","Host":"wjin.upv.edu.es"}
2025-09-30T19:43:41+00:00 RAW={"mac":"E6:14:89:83:B3:B9","major":3086,"minor":10,"nombre":"GTI-3A","rssi":-63,"timestamp":1759261421241,"txPower":203,"uuid":"45:50:53:47:2d:47:54:49:2d:50:52:4f:59:2d:33:41:"}
2025-09-30T19:43:41+00:00 METHOD=POST
2025-09-30T19:43:41+00:00 HEADERS={"User-Agent":"okhttp\/4.12.0","Accept-Encoding":"gzip","Content-Length":"178","Content-Type":"application\/json","X-Api-Key":"YOUR_SECURE_RANDOM_KEY","Host":"wjin.upv.edu.es"}
2025-09-30T19:43:41+00:00 RAW={"mac":"E6:14:89:83:B3:B9","major":3086,"minor":10,"nombre":"GTI-3A","rssi":-74,"timestamp":1759261421326,"txPower":203,"uuid":"45:50:53:47:2d:47:54:49:2d:50:52:4f:59:2d:33:41:"}
2025-09-30T19:43:41+00:00 METHOD=POST
2025-09-30T19:43:41+00:00 HEADERS={"User-Agent":"okhttp\/4.12.0","Accept-Encoding":"gzip","Content-Length":"178","Content-Type":"application\/json","X-Api-Key":"YOUR_SECURE_RANDOM_KEY","Host":"wjin.upv.edu.es"}
2025-09-30T19:43:41+00:00 RAW={"mac":"E6:14:89:83:B3:B9","major":3086,"minor":10,"nombre":"GTI-3A","rssi":-52,"timestamp":1759261421264,"txPower":203,"uuid":"45:50:53:47:2d:47:54:49:2d:50:52:4f:59:2d:33:41:"}
2025-09-30T19:43:41+00:00 METHOD=POST
2025-09-30T19:43:41+00:00 HEADERS={"User-Agent":"okhttp\/4.12.0","Accept-Encoding":"gzip","Content-Length":"178","Content-Type":"application\/json","X-Api-Key":"YOUR_SECURE_RANDOM_KEY","Host":"wjin.upv.edu.es"}
2025-09-30T19:43:41+00:00 RAW={"mac":"E6:14:89:83:B3:B9","major":3086,"minor":10,"nombre":"GTI-3A","rssi":-51,"timestamp":1759261421217,"txPower":203,"uuid":"45:50:53:47:2d:47:54:49:2d:50:52:4f:59:2d:33:41:"}
2025-09-30T19:43:41+00:00 METHOD=POST
2025-09-30T19:43:41+00:00 HEADERS={"User-Agent":"okhttp\/4.12.0","Accept-Encoding":"gzip","Content-Length":"178","Content-Type":"application\/json","X-Api-Key":"YOUR_SECURE_RANDOM_KEY","Host":"wjin.upv.edu.es"}
2025-09-30T19:43:41+00:00 RAW={"mac":"E6:14:89:83:B3:B9","major":3086,"minor":10,"nombre":"GTI-3A","rssi":-59,"timestamp":1759261421609,"txPower":203,"uuid":"45:50:53:47:2d:47:54:49:2d:50:52:4f:59:2d:33:41:"}
2025-09-30T19:43:41+00:00 METHOD=POST
2025-09-30T19:43:41+00:00 HEADERS={"User-Agent":"okhttp\/4.12.0","Accept-Encoding":"gzip","Content-Length":"178","Content-Type":"application\/json","X-Api-Key":"YOUR_SECURE_RANDOM_KEY","Host":"wjin.upv.edu.es"}
2025-09-30T19:43:41+00:00 RAW={"mac":"E6:14:89:83:B3:B9","major":3086,"minor":10,"nombre":"GTI-3A","rssi":-63,"timestamp":1759261421741,"txPower":203,"uuid":"45:50:53:47:2d:47:54:49:2d:50:52:4f:59:2d:33:41:"}
2025-09-30T19:43:41+00:00 METHOD=POST
2025-09-30T19:43:41+00:00 HEADERS={"User-Agent":"okhttp\/4.12.0","Accept-Encoding":"gzip","Content-Length":"178","Content-Type":"application\/json","X-Api-Key":"YOUR_SECURE_RANDOM_KEY","Host":"wjin.upv.edu.es"}
2025-09-30T19:43:41+00:00 RAW={"mac":"E6:14:89:83:B3:B9","major":3086,"minor":10,"nombre":"GTI-3A","rssi":-59,"timestamp":1759261421538,"txPower":203,"uuid":"45:50:53:47:2d:47:54:49:2d:50:52:4f:59:2d:33:41:"}
2025-09-30T19:43:41+00:00 METHOD=POST
2025-09-30T19:43:41+00:00 METHOD=POST
2025-09-30T19:43:41+00:00 HEADERS={"User-Agent":"okhttp\/4.12.0","Accept-Encoding":"gzip","Content-Length":"178","Content-Type":"application\/json","X-Api-Key":"YOUR_SECURE_RANDOM_KEY","Host":"wjin.upv.edu.es"}
2025-09-30T19:43:41+00:00 HEADERS={"User-Agent":"okhttp\/4.12.0","Accept-Encoding":"gzip","Content-Length":"178","Content-Type":"application\/json","X-Api-Key":"YOUR_SECURE_RANDOM_KEY","Host":"wjin.upv.edu.es"}
2025-09-30T19:43:41+00:00 RAW={"mac":"E6:14:89:83:B3:B9","major":3086,"minor":10,"nombre":"GTI-3A","rssi":-55,"timestamp":1759261421808,"txPower":203,"uuid":"45:50:53:47:2d:47:54:49:2d:50:52:4f:59:2d:33:41:"}
2025-09-30T19:43:41+00:00 RAW={"mac":"E6:14:89:83:B3:B9","major":3086,"minor":10,"nombre":"GTI-3A","rssi":-69,"timestamp":1759261421949,"txPower":203,"uuid":"45:50:53:47:2d:47:54:49:2d:50:52:4f:59:2d:33:41:"}
2025-09-30T19:43:41+00:00 METHOD=POST
2025-09-30T19:43:41+00:00 HEADERS={"User-Agent":"okhttp\/4.12.0","Accept-Encoding":"gzip","Content-Length":"181","Content-Type":"application\/json","X-Api-Key":"YOUR_SECURE_RANDOM_KEY","Host":"wjin.upv.edu.es"}
2025-09-30T19:43:41+00:00 RAW={"mac":"E6:14:89:83:B3:B9","major":14880,"minor":24931,"nombre":"GTI-3A","rssi":-53,"timestamp":1759261422060,"txPower":97,"uuid":"4d:6f:6c:61:00:2d:2d:2d:2d:20:6c:6f:6f:70:28:29:"}
2025-09-30T19:43:41+00:00 METHOD=POST
2025-09-30T19:43:41+00:00 HEADERS={"User-Agent":"okhttp\/4.12.0","Accept-Encoding":"gzip","Content-Length":"181","Content-Type":"application\/json","X-Api-Key":"YOUR_SECURE_RANDOM_KEY","Host":"wjin.upv.edu.es"}
2025-09-30T19:43:41+00:00 RAW={"mac":"E6:14:89:83:B3:B9","major":14880,"minor":24931,"nombre":"GTI-3A","rssi":-56,"timestamp":1759261422210,"txPower":97,"uuid":"4d:6f:6c:61:00:2d:2d:2d:2d:20:6c:6f:6f:70:28:29:"}
2025-09-30T19:43:41+00:00 METHOD=POST
2025-09-30T19:43:41+00:00 HEADERS={"User-Agent":"okhttp\/4.12.0","Accept-Encoding":"gzip","Content-Length":"181","Content-Type":"application\/json","X-Api-Key":"YOUR_SECURE_RANDOM_KEY","Host":"wjin.upv.edu.es"}
2025-09-30T19:43:41+00:00 RAW={"mac":"E6:14:89:83:B3:B9","major":14880,"minor":24931,"nombre":"GTI-3A","rssi":-58,"timestamp":1759261422277,"txPower":97,"uuid":"4d:6f:6c:61:00:2d:2d:2d:2d:20:6c:6f:6f:70:28:29:"}
2025-09-30T19:43:41+00:00 METHOD=POST
2025-09-30T19:43:41+00:00 HEADERS={"User-Agent":"okhttp\/4.12.0","Accept-Encoding":"gzip","Content-Length":"181","Content-Type":"application\/json","X-Api-Key":"YOUR_SECURE_RANDOM_KEY","Host":"wjin.upv.edu.es"}
2025-09-30T19:43:41+00:00 RAW={"mac":"E6:14:89:83:B3:B9","major":14880,"minor":24931,"nombre":"GTI-3A","rssi":-63,"timestamp":1759261422341,"txPower":97,"uuid":"4d:6f:6c:61:00:2d:2d:2d:2d:20:6c:6f:6f:70:28:29:"}
2025-09-30T19:43:41+00:00 METHOD=POST
2025-09-30T19:43:41+00:00 HEADERS={"User-Agent":"okhttp\/4.12.0","Accept-Encoding":"gzip","Content-Length":"181","Content-Type":"application\/json","X-Api-Key":"YOUR_SECURE_RANDOM_KEY","Host":"wjin.upv.edu.es"}
2025-09-30T19:43:41+00:00 RAW={"mac":"E6:14:89:83:B3:B9","major":14880,"minor":24931,"nombre":"GTI-3A","rssi":-57,"timestamp":1759261422427,"txPower":97,"uuid":"4d:6f:6c:61:00:2d:2d:2d:2d:20:6c:6f:6f:70:28:29:"}
2025-09-30T19:43:41+00:00 METHOD=POST
2025-09-30T19:43:41+00:00 HEADERS={"User-Agent":"okhttp\/4.12.0","Accept-Encoding":"gzip","Content-Length":"181","Content-Type":"application\/json","X-Api-Key":"YOUR_SECURE_RANDOM_KEY","Host":"wjin.upv.edu.es"}
2025-09-30T19:43:41+00:00 RAW={"mac":"E6:14:89:83:B3:B9","major":14880,"minor":24931,"nombre":"GTI-3A","rssi":-58,"timestamp":1759261422481,"txPower":97,"uuid":"4d:6f:6c:61:00:2d:2d:2d:2d:20:6c:6f:6f:70:28:29:"}
2025-09-30T19:43:41+00:00 METHOD=POST
2025-09-30T19:43:41+00:00 HEADERS={"User-Agent":"okhttp\/4.12.0","Accept-Encoding":"gzip","Content-Length":"181","Content-Type":"application\/json","X-Api-Key":"YOUR_SECURE_RANDOM_KEY","Host":"wjin.upv.edu.es"}
2025-09-30T19:43:41+00:00 RAW={"mac":"E6:14:89:83:B3:B9","major":14880,"minor":24931,"nombre":"GTI-3A","rssi":-58,"timestamp":1759261422544,"txPower":97,"uuid":"4d:6f:6c:61:00:2d:2d:2d:2d:20:6c:6f:6f:70:28:29:"}
2025-09-30T19:43:41+00:00 METHOD=POST
2025-09-30T19:43:41+00:00 HEADERS={"User-Agent":"okhttp\/4.12.0","Accept-Encoding":"gzip","Content-Length":"181","Content-Type":"application\/json","X-Api-Key":"YOUR_SECURE_RANDOM_KEY","Host":"wjin.upv.edu.es"}
2025-09-30T19:43:41+00:00 RAW={"mac":"E6:14:89:83:B3:B9","major":14880,"minor":24931,"nombre":"GTI-3A","rssi":-52,"timestamp":1759261422630,"txPower":97,"uuid":"4d:6f:6c:61:00:2d:2d:2d:2d:20:6c:6f:6f:70:28:29:"}
2025-09-30T19:43:41+00:00 METHOD=POST
2025-09-30T19:43:41+00:00 HEADERS={"User-Agent":"okhttp\/4.12.0","Accept-Encoding":"gzip","Content-Length":"181","Content-Type":"application\/json","X-Api-Key":"YOUR_SECURE_RANDOM_KEY","Host":"wjin.upv.edu.es"}
2025-09-30T19:43:41+00:00 RAW={"mac":"E6:14:89:83:B3:B9","major":14880,"minor":24931,"nombre":"GTI-3A","rssi":-51,"timestamp":1759261422675,"txPower":97,"uuid":"4d:6f:6c:61:00:2d:2d:2d:2d:20:6c:6f:6f:70:28:29:"}
2025-09-30T19:43:42+00:00 METHOD=POST
2025-09-30T19:43:42+00:00 HEADERS={"User-Agent":"okhttp\/4.12.0","Accept-Encoding":"gzip","Content-Length":"181","Content-Type":"application\/json","X-Api-Key":"YOUR_SECURE_RANDOM_KEY","Host":"wjin.upv.edu.es"}
2025-09-30T19:43:42+00:00 RAW={"mac":"E6:14:89:83:B3:B9","major":14880,"minor":24931,"nombre":"GTI-3A","rssi":-54,"timestamp":1759261422742,"txPower":97,"uuid":"4d:6f:6c:61:00:2d:2d:2d:2d:20:6c:6f:6f:70:28:29:"}
2025-09-30T19:43:42+00:00 METHOD=POST
2025-09-30T19:43:42+00:00 HEADERS={"User-Agent":"okhttp\/4.12.0","Accept-Encoding":"gzip","Content-Length":"181","Content-Type":"application\/json","X-Api-Key":"YOUR_SECURE_RANDOM_KEY","Host":"wjin.upv.edu.es"}
2025-09-30T19:43:42+00:00 RAW={"mac":"E6:14:89:83:B3:B9","major":14880,"minor":24931,"nombre":"GTI-3A","rssi":-58,"timestamp":1759261422820,"txPower":97,"uuid":"4d:6f:6c:61:00:2d:2d:2d:2d:20:6c:6f:6f:70:28:29:"}
2025-09-30T19:43:42+00:00 METHOD=POST
2025-09-30T19:43:42+00:00 HEADERS={"User-Agent":"okhttp\/4.12.0","Accept-Encoding":"gzip","Content-Length":"181","Content-Type":"application\/json","X-Api-Key":"YOUR_SECURE_RANDOM_KEY","Host":"wjin.upv.edu.es"}
2025-09-30T19:43:42+00:00 RAW={"mac":"E6:14:89:83:B3:B9","major":14880,"minor":24931,"nombre":"GTI-3A","rssi":-52,"timestamp":1759261422964,"txPower":97,"uuid":"4d:6f:6c:61:00:2d:2d:2d:2d:20:6c:6f:6f:70:28:29:"}
2025-09-30T19:43:42+00:00 METHOD=POST
2025-09-30T19:43:42+00:00 HEADERS={"User-Agent":"okhttp\/4.12.0","Accept-Encoding":"gzip","Content-Length":"181","Content-Type":"application\/json","X-Api-Key":"YOUR_SECURE_RANDOM_KEY","Host":"wjin.upv.edu.es"}
2025-09-30T19:43:42+00:00 RAW={"mac":"E6:14:89:83:B3:B9","major":14880,"minor":24931,"nombre":"GTI-3A","rssi":-58,"timestamp":1759261423091,"txPower":97,"uuid":"4d:6f:6c:61:00:2d:2d:2d:2d:20:6c:6f:6f:70:28:29:"}
2025-09-30T19:43:42+00:00 METHOD=POST
2025-09-30T19:43:42+00:00 HEADERS={"User-Agent":"okhttp\/4.12.0","Accept-Encoding":"gzip","Content-Length":"181","Content-Type":"application\/json","X-Api-Key":"YOUR_SECURE_RANDOM_KEY","Host":"wjin.upv.edu.es"}
2025-09-30T19:43:42+00:00 RAW={"mac":"E6:14:89:83:B3:B9","major":14880,"minor":24931,"nombre":"GTI-3A","rssi":-59,"timestamp":1759261423162,"txPower":97,"uuid":"4d:6f:6c:61:00:2d:2d:2d:2d:20:6c:6f:6f:70:28:29:"}
2025-09-30T19:43:42+00:00 METHOD=POST
2025-09-30T19:43:42+00:00 HEADERS={"User-Agent":"okhttp\/4.12.0","Accept-Encoding":"gzip","Content-Length":"181","Content-Type":"application\/json","X-Api-Key":"YOUR_SECURE_RANDOM_KEY","Host":"wjin.upv.edu.es"}
2025-09-30T19:43:42+00:00 RAW={"mac":"E6:14:89:83:B3:B9","major":14880,"minor":24931,"nombre":"GTI-3A","rssi":-51,"timestamp":1759261423307,"txPower":97,"uuid":"4d:6f:6c:61:00:2d:2d:2d:2d:20:6c:6f:6f:70:28:29:"}
2025-09-30T19:43:42+00:00 METHOD=POST
2025-09-30T19:43:42+00:00 HEADERS={"User-Agent":"okhttp\/4.12.0","Accept-Encoding":"gzip","Content-Length":"181","Content-Type":"application\/json","X-Api-Key":"YOUR_SECURE_RANDOM_KEY","Host":"wjin.upv.edu.es"}
2025-09-30T19:43:42+00:00 RAW={"mac":"E6:14:89:83:B3:B9","major":14880,"minor":24931,"nombre":"GTI-3A","rssi":-66,"timestamp":1759261423371,"txPower":97,"uuid":"4d:6f:6c:61:00:2d:2d:2d:2d:20:6c:6f:6f:70:28:29:"}
2025-09-30T19:43:42+00:00 METHOD=POST
2025-09-30T19:43:42+00:00 HEADERS={"User-Agent":"okhttp\/4.12.0","Accept-Encoding":"gzip","Content-Length":"181","Content-Type":"application\/json","X-Api-Key":"YOUR_SECURE_RANDOM_KEY","Host":"wjin.upv.edu.es"}
2025-09-30T19:43:42+00:00 RAW={"mac":"E6:14:89:83:B3:B9","major":14880,"minor":24931,"nombre":"GTI-3A","rssi":-72,"timestamp":1759261423435,"txPower":97,"uuid":"4d:6f:6c:61:00:2d:2d:2d:2d:20:6c:6f:6f:70:28:29:"}
2025-09-30T19:43:42+00:00 METHOD=POST
2025-09-30T19:43:42+00:00 HEADERS={"User-Agent":"okhttp\/4.12.0","Accept-Encoding":"gzip","Content-Length":"181","Content-Type":"application\/json","X-Api-Key":"YOUR_SECURE_RANDOM_KEY","Host":"wjin.upv.edu.es"}
2025-09-30T19:43:42+00:00 RAW={"mac":"E6:14:89:83:B3:B9","major":14880,"minor":24931,"nombre":"GTI-3A","rssi":-60,"timestamp":1759261423497,"txPower":97,"uuid":"4d:6f:6c:61:00:2d:2d:2d:2d:20:6c:6f:6f:70:28:29:"}
2025-09-30T19:43:42+00:00 METHOD=POST
2025-09-30T19:43:42+00:00 HEADERS={"User-Agent":"okhttp\/4.12.0","Accept-Encoding":"gzip","Content-Length":"181","Content-Type":"application\/json","X-Api-Key":"YOUR_SECURE_RANDOM_KEY","Host":"wjin.upv.edu.es"}
2025-09-30T19:43:42+00:00 RAW={"mac":"E6:14:89:83:B3:B9","major":14880,"minor":24931,"nombre":"GTI-3A","rssi":-53,"timestamp":1759261423567,"txPower":97,"uuid":"4d:6f:6c:61:00:2d:2d:2d:2d:20:6c:6f:6f:70:28:29:"}
2025-09-30T19:43:42+00:00 METHOD=POST
2025-09-30T19:43:42+00:00 HEADERS={"User-Agent":"okhttp\/4.12.0","Accept-Encoding":"gzip","Content-Length":"181","Content-Type":"application\/json","X-Api-Key":"YOUR_SECURE_RANDOM_KEY","Host":"wjin.upv.edu.es"}
2025-09-30T19:43:42+00:00 RAW={"mac":"E6:14:89:83:B3:B9","major":14880,"minor":24931,"nombre":"GTI-3A","rssi":-59,"timestamp":1759261423635,"txPower":97,"uuid":"4d:6f:6c:61:00:2d:2d:2d:2d:20:6c:6f:6f:70:28:29:"}
2025-09-30T19:43:42+00:00 METHOD=POST
2025-09-30T19:43:42+00:00 HEADERS={"User-Agent":"okhttp\/4.12.0","Accept-Encoding":"gzip","Content-Length":"181","Content-Type":"application\/json","X-Api-Key":"YOUR_SECURE_RANDOM_KEY","Host":"wjin.upv.edu.es"}
2025-09-30T19:43:42+00:00 RAW={"mac":"E6:14:89:83:B3:B9","major":14880,"minor":24931,"nombre":"GTI-3A","rssi":-57,"timestamp":1759261423709,"txPower":97,"uuid":"4d:6f:6c:61:00:2d:2d:2d:2d:20:6c:6f:6f:70:28:29:"}
2025-09-30T19:43:43+00:00 METHOD=POST
2025-09-30T19:43:43+00:00 HEADERS={"User-Agent":"okhttp\/4.12.0","Accept-Encoding":"gzip","Content-Length":"181","Content-Type":"application\/json","X-Api-Key":"YOUR_SECURE_RANDOM_KEY","Host":"wjin.upv.edu.es"}
2025-09-30T19:43:43+00:00 RAW={"mac":"E6:14:89:83:B3:B9","major":14880,"minor":24931,"nombre":"GTI-3A","rssi":-59,"timestamp":1759261423773,"txPower":97,"uuid":"4d:6f:6c:61:00:2d:2d:2d:2d:20:6c:6f:6f:70:28:29:"}
2025-09-30T19:43:43+00:00 METHOD=POST
2025-09-30T19:43:43+00:00 HEADERS={"User-Agent":"okhttp\/4.12.0","Accept-Encoding":"gzip","Content-Length":"181","Content-Type":"application\/json","X-Api-Key":"YOUR_SECURE_RANDOM_KEY","Host":"wjin.upv.edu.es"}
2025-09-30T19:43:43+00:00 RAW={"mac":"E6:14:89:83:B3:B9","major":14880,"minor":24931,"nombre":"GTI-3A","rssi":-50,"timestamp":1759261423841,"txPower":97,"uuid":"4d:6f:6c:61:00:2d:2d:2d:2d:20:6c:6f:6f:70:28:29:"}
2025-09-30T19:43:43+00:00 METHOD=POST
2025-09-30T19:43:43+00:00 HEADERS={"User-Agent":"okhttp\/4.12.0","Accept-Encoding":"gzip","Content-Length":"181","Content-Type":"application\/json","X-Api-Key":"YOUR_SECURE_RANDOM_KEY","Host":"wjin.upv.edu.es"}
2025-09-30T19:43:43+00:00 RAW={"mac":"E6:14:89:83:B3:B9","major":14880,"minor":24931,"nombre":"GTI-3A","rssi":-55,"timestamp":1759261423919,"txPower":97,"uuid":"4d:6f:6c:61:00:2d:2d:2d:2d:20:6c:6f:6f:70:28:29:"}
2025-09-30T19:43:43+00:00 METHOD=POST
2025-09-30T19:43:43+00:00 HEADERS={"User-Agent":"okhttp\/4.12.0","Accept-Encoding":"gzip","Content-Length":"181","Content-Type":"application\/json","X-Api-Key":"YOUR_SECURE_RANDOM_KEY","Host":"wjin.upv.edu.es"}
2025-09-30T19:43:43+00:00 RAW={"mac":"E6:14:89:83:B3:B9","major":14880,"minor":24931,"nombre":"GTI-3A","rssi":-70,"timestamp":1759261423985,"txPower":97,"uuid":"4d:6f:6c:61:00:2d:2d:2d:2d:20:6c:6f:6f:70:28:29:"}
2025-09-30T19:43:46+00:00 METHOD=POST
2025-09-30T19:43:46+00:00 HEADERS={"User-Agent":"okhttp\/4.12.0","Accept-Encoding":"gzip","Content-Length":"179","Content-Type":"application\/json","X-Api-Key":"YOUR_SECURE_RANDOM_KEY","Host":"wjin.upv.edu.es"}
2025-09-30T19:43:46+00:00 RAW={"mac":"E6:14:89:83:B3:B9","major":2831,"minor":500,"nombre":"GTI-3A","rssi":-74,"timestamp":1759261427581,"txPower":203,"uuid":"45:50:53:47:2d:47:54:49:2d:50:52:4f:59:2d:33:41:"}
2025-09-30T19:43:46+00:00 METHOD=POST
2025-09-30T19:43:46+00:00 HEADERS={"User-Agent":"okhttp\/4.12.0","Accept-Encoding":"gzip","Content-Length":"179","Content-Type":"application\/json","X-Api-Key":"YOUR_SECURE_RANDOM_KEY","Host":"wjin.upv.edu.es"}
2025-09-30T19:43:46+00:00 RAW={"mac":"E6:14:89:83:B3:B9","major":2831,"minor":500,"nombre":"GTI-3A","rssi":-65,"timestamp":1759261427710,"txPower":203,"uuid":"45:50:53:47:2d:47:54:49:2d:50:52:4f:59:2d:33:41:"}
2025-09-30T19:43:47+00:00 METHOD=POST
2025-09-30T19:43:47+00:00 HEADERS={"User-Agent":"okhttp\/4.12.0","Accept-Encoding":"gzip","Content-Length":"179","Content-Type":"application\/json","X-Api-Key":"YOUR_SECURE_RANDOM_KEY","Host":"wjin.upv.edu.es"}
2025-09-30T19:43:47+00:00 RAW={"mac":"E6:14:89:83:B3:B9","major":2831,"minor":500,"nombre":"GTI-3A","rssi":-67,"timestamp":1759261427780,"txPower":203,"uuid":"45:50:53:47:2d:47:54:49:2d:50:52:4f:59:2d:33:41:"}
2025-09-30T19:43:47+00:00 METHOD=POST
2025-09-30T19:43:47+00:00 HEADERS={"User-Agent":"okhttp\/4.12.0","Accept-Encoding":"gzip","Content-Length":"179","Content-Type":"application\/json","X-Api-Key":"YOUR_SECURE_RANDOM_KEY","Host":"wjin.upv.edu.es"}
2025-09-30T19:43:47+00:00 RAW={"mac":"E6:14:89:83:B3:B9","major":2831,"minor":500,"nombre":"GTI-3A","rssi":-53,"timestamp":1759261427843,"txPower":203,"uuid":"45:50:53:47:2d:47:54:49:2d:50:52:4f:59:2d:33:41:"}
2025-09-30T19:43:47+00:00 METHOD=POST
2025-09-30T19:43:47+00:00 HEADERS={"User-Agent":"okhttp\/4.12.0","Accept-Encoding":"gzip","Content-Length":"179","Content-Type":"application\/json","X-Api-Key":"YOUR_SECURE_RANDOM_KEY","Host":"wjin.upv.edu.es"}
2025-09-30T19:43:47+00:00 RAW={"mac":"E6:14:89:83:B3:B9","major":2831,"minor":500,"nombre":"GTI-3A","rssi":-52,"timestamp":1759261427907,"txPower":203,"uuid":"45:50:53:47:2d:47:54:49:2d:50:52:4f:59:2d:33:41:"}
2025-09-30T19:43:47+00:00 METHOD=POST
2025-09-30T19:43:47+00:00 HEADERS={"User-Agent":"okhttp\/4.12.0","Accept-Encoding":"gzip","Content-Length":"179","Content-Type":"application\/json","X-Api-Key":"YOUR_SECURE_RANDOM_KEY","Host":"wjin.upv.edu.es"}
2025-09-30T19:43:47+00:00 RAW={"mac":"E6:14:89:83:B3:B9","major":2831,"minor":500,"nombre":"GTI-3A","rssi":-51,"timestamp":1759261428043,"txPower":203,"uuid":"45:50:53:47:2d:47:54:49:2d:50:52:4f:59:2d:33:41:"}
2025-09-30T19:43:47+00:00 METHOD=POST
2025-09-30T19:43:47+00:00 HEADERS={"User-Agent":"okhttp\/4.12.0","Accept-Encoding":"gzip","Content-Length":"179","Content-Type":"application\/json","X-Api-Key":"YOUR_SECURE_RANDOM_KEY","Host":"wjin.upv.edu.es"}
2025-09-30T19:43:47+00:00 RAW={"mac":"E6:14:89:83:B3:B9","major":2831,"minor":500,"nombre":"GTI-3A","rssi":-52,"timestamp":1759261428110,"txPower":203,"uuid":"45:50:53:47:2d:47:54:49:2d:50:52:4f:59:2d:33:41:"}
2025-09-30T19:43:47+00:00 METHOD=POST
2025-09-30T19:43:47+00:00 HEADERS={"User-Agent":"okhttp\/4.12.0","Accept-Encoding":"gzip","Content-Length":"179","Content-Type":"application\/json","X-Api-Key":"YOUR_SECURE_RANDOM_KEY","Host":"wjin.upv.edu.es"}
2025-09-30T19:43:47+00:00 RAW={"mac":"E6:14:89:83:B3:B9","major":2831,"minor":500,"nombre":"GTI-3A","rssi":-55,"timestamp":1759261428180,"txPower":203,"uuid":"45:50:53:47:2d:47:54:49:2d:50:52:4f:59:2d:33:41:"}
2025-09-30T19:43:47+00:00 METHOD=POST
2025-09-30T19:43:47+00:00 HEADERS={"User-Agent":"okhttp\/4.12.0","Accept-Encoding":"gzip","Content-Length":"179","Content-Type":"application\/json","X-Api-Key":"YOUR_SECURE_RANDOM_KEY","Host":"wjin.upv.edu.es"}
2025-09-30T19:43:47+00:00 RAW={"mac":"E6:14:89:83:B3:B9","major":2831,"minor":500,"nombre":"GTI-3A","rssi":-50,"timestamp":1759261428325,"txPower":203,"uuid":"45:50:53:47:2d:47:54:49:2d:50:52:4f:59:2d:33:41:"}
2025-09-30T19:43:47+00:00 METHOD=POST
2025-09-30T19:43:47+00:00 HEADERS={"User-Agent":"okhttp\/4.12.0","Accept-Encoding":"gzip","Content-Length":"179","Content-Type":"application\/json","X-Api-Key":"YOUR_SECURE_RANDOM_KEY","Host":"wjin.upv.edu.es"}
2025-09-30T19:43:47+00:00 RAW={"mac":"E6:14:89:83:B3:B9","major":2831,"minor":500,"nombre":"GTI-3A","rssi":-64,"timestamp":1759261428386,"txPower":203,"uuid":"45:50:53:47:2d:47:54:49:2d:50:52:4f:59:2d:33:41:"}
2025-09-30T19:43:47+00:00 METHOD=POST
2025-09-30T19:43:47+00:00 HEADERS={"User-Agent":"okhttp\/4.12.0","Accept-Encoding":"gzip","Content-Length":"179","Content-Type":"application\/json","X-Api-Key":"YOUR_SECURE_RANDOM_KEY","Host":"wjin.upv.edu.es"}
2025-09-30T19:43:47+00:00 RAW={"mac":"E6:14:89:83:B3:B9","major":2831,"minor":500,"nombre":"GTI-3A","rssi":-79,"timestamp":1759261428531,"txPower":203,"uuid":"45:50:53:47:2d:47:54:49:2d:50:52:4f:59:2d:33:41:"}
2025-09-30T19:43:47+00:00 METHOD=POST
2025-09-30T19:43:47+00:00 HEADERS={"User-Agent":"okhttp\/4.12.0","Accept-Encoding":"gzip","Content-Length":"178","Content-Type":"application\/json","X-Api-Key":"YOUR_SECURE_RANDOM_KEY","Host":"wjin.upv.edu.es"}
2025-09-30T19:43:47+00:00 RAW={"mac":"E6:14:89:83:B3:B9","major":3087,"minor":10,"nombre":"GTI-3A","rssi":-75,"timestamp":1759261428552,"txPower":203,"uuid":"45:50:53:47:2d:47:54:49:2d:50:52:4f:59:2d:33:41:"}
2025-09-30T19:43:47+00:00 METHOD=POST
2025-09-30T19:43:47+00:00 HEADERS={"User-Agent":"okhttp\/4.12.0","Accept-Encoding":"gzip","Content-Length":"178","Content-Type":"application\/json","X-Api-Key":"YOUR_SECURE_RANDOM_KEY","Host":"wjin.upv.edu.es"}
2025-09-30T19:43:47+00:00 RAW={"mac":"E6:14:89:83:B3:B9","major":3087,"minor":10,"nombre":"GTI-3A","rssi":-51,"timestamp":1759261428637,"txPower":203,"uuid":"45:50:53:47:2d:47:54:49:2d:50:52:4f:59:2d:33:41:"}
2025-09-30T19:43:47+00:00 METHOD=POST
2025-09-30T19:43:47+00:00 HEADERS={"User-Agent":"okhttp\/4.12.0","Accept-Encoding":"gzip","Content-Length":"178","Content-Type":"application\/json","X-Api-Key":"YOUR_SECURE_RANDOM_KEY","Host":"wjin.upv.edu.es"}
2025-09-30T19:43:47+00:00 RAW={"mac":"E6:14:89:83:B3:B9","major":3087,"minor":10,"nombre":"GTI-3A","rssi":-51,"timestamp":1759261428714,"txPower":203,"uuid":"45:50:53:47:2d:47:54:49:2d:50:52:4f:59:2d:33:41:"}
2025-09-30T19:43:48+00:00 METHOD=POST
2025-09-30T19:43:48+00:00 HEADERS={"User-Agent":"okhttp\/4.12.0","Accept-Encoding":"gzip","Content-Length":"178","Content-Type":"application\/json","X-Api-Key":"YOUR_SECURE_RANDOM_KEY","Host":"wjin.upv.edu.es"}
2025-09-30T19:43:48+00:00 RAW={"mac":"E6:14:89:83:B3:B9","major":3087,"minor":10,"nombre":"GTI-3A","rssi":-52,"timestamp":1759261428763,"txPower":203,"uuid":"45:50:53:47:2d:47:54:49:2d:50:52:4f:59:2d:33:41:"}
2025-09-30T19:43:48+00:00 METHOD=POST
2025-09-30T19:43:48+00:00 HEADERS={"User-Agent":"okhttp\/4.12.0","Accept-Encoding":"gzip","Content-Length":"178","Content-Type":"application\/json","X-Api-Key":"YOUR_SECURE_RANDOM_KEY","Host":"wjin.upv.edu.es"}
2025-09-30T19:43:48+00:00 RAW={"mac":"E6:14:89:83:B3:B9","major":3087,"minor":10,"nombre":"GTI-3A","rssi":-65,"timestamp":1759261428839,"txPower":203,"uuid":"45:50:53:47:2d:47:54:49:2d:50:52:4f:59:2d:33:41:"}
2025-09-30T19:43:48+00:00 METHOD=POST
2025-09-30T19:43:48+00:00 HEADERS={"User-Agent":"okhttp\/4.12.0","Accept-Encoding":"gzip","Content-Length":"178","Content-Type":"application\/json","X-Api-Key":"YOUR_SECURE_RANDOM_KEY","Host":"wjin.upv.edu.es"}
2025-09-30T19:43:48+00:00 RAW={"mac":"E6:14:89:83:B3:B9","major":3087,"minor":10,"nombre":"GTI-3A","rssi":-66,"timestamp":1759261428907,"txPower":203,"uuid":"45:50:53:47:2d:47:54:49:2d:50:52:4f:59:2d:33:41:"}
2025-09-30T19:43:48+00:00 METHOD=POST
2025-09-30T19:43:48+00:00 HEADERS={"User-Agent":"okhttp\/4.12.0","Accept-Encoding":"gzip","Content-Length":"178","Content-Type":"application\/json","X-Api-Key":"YOUR_SECURE_RANDOM_KEY","Host":"wjin.upv.edu.es"}
2025-09-30T19:43:48+00:00 RAW={"mac":"E6:14:89:83:B3:B9","major":3087,"minor":10,"nombre":"GTI-3A","rssi":-66,"timestamp":1759261428973,"txPower":203,"uuid":"45:50:53:47:2d:47:54:49:2d:50:52:4f:59:2d:33:41:"}
2025-09-30T19:43:48+00:00 METHOD=POST
2025-09-30T19:43:48+00:00 HEADERS={"User-Agent":"okhttp\/4.12.0","Accept-Encoding":"gzip","Content-Length":"178","Content-Type":"application\/json","X-Api-Key":"YOUR_SECURE_RANDOM_KEY","Host":"wjin.upv.edu.es"}
2025-09-30T19:43:48+00:00 RAW={"mac":"E6:14:89:83:B3:B9","major":3087,"minor":10,"nombre":"GTI-3A","rssi":-54,"timestamp":1759261429041,"txPower":203,"uuid":"45:50:53:47:2d:47:54:49:2d:50:52:4f:59:2d:33:41:"}
2025-09-30T19:43:48+00:00 METHOD=POST
2025-09-30T19:43:48+00:00 HEADERS={"User-Agent":"okhttp\/4.12.0","Accept-Encoding":"gzip","Content-Length":"178","Content-Type":"application\/json","X-Api-Key":"YOUR_SECURE_RANDOM_KEY","Host":"wjin.upv.edu.es"}
2025-09-30T19:43:48+00:00 RAW={"mac":"E6:14:89:83:B3:B9","major":3087,"minor":10,"nombre":"GTI-3A","rssi":-73,"timestamp":1759261429107,"txPower":203,"uuid":"45:50:53:47:2d:47:54:49:2d:50:52:4f:59:2d:33:41:"}
2025-09-30T19:43:48+00:00 METHOD=POST
2025-09-30T19:43:48+00:00 HEADERS={"User-Agent":"okhttp\/4.12.0","Accept-Encoding":"gzip","Content-Length":"178","Content-Type":"application\/json","X-Api-Key":"YOUR_SECURE_RANDOM_KEY","Host":"wjin.upv.edu.es"}
2025-09-30T19:43:48+00:00 RAW={"mac":"E6:14:89:83:B3:B9","major":3087,"minor":10,"nombre":"GTI-3A","rssi":-50,"timestamp":1759261429246,"txPower":203,"uuid":"45:50:53:47:2d:47:54:49:2d:50:52:4f:59:2d:33:41:"}
2025-09-30T19:43:48+00:00 METHOD=POST
2025-09-30T19:43:48+00:00 HEADERS={"User-Agent":"okhttp\/4.12.0","Accept-Encoding":"gzip","Content-Length":"178","Content-Type":"application\/json","X-Api-Key":"YOUR_SECURE_RANDOM_KEY","Host":"wjin.upv.edu.es"}
2025-09-30T19:43:48+00:00 RAW={"mac":"E6:14:89:83:B3:B9","major":3087,"minor":10,"nombre":"GTI-3A","rssi":-52,"timestamp":1759261429309,"txPower":203,"uuid":"45:50:53:47:2d:47:54:49:2d:50:52:4f:59:2d:33:41:"}
2025-09-30T19:43:48+00:00 METHOD=POST
2025-09-30T19:43:48+00:00 HEADERS={"User-Agent":"okhttp\/4.12.0","Accept-Encoding":"gzip","Content-Length":"178","Content-Type":"application\/json","X-Api-Key":"YOUR_SECURE_RANDOM_KEY","Host":"wjin.upv.edu.es"}
2025-09-30T19:43:48+00:00 RAW={"mac":"E6:14:89:83:B3:B9","major":3087,"minor":10,"nombre":"GTI-3A","rssi":-52,"timestamp":1759261429385,"txPower":203,"uuid":"45:50:53:47:2d:47:54:49:2d:50:52:4f:59:2d:33:41:"}
2025-09-30T19:43:48+00:00 METHOD=POST
2025-09-30T19:43:48+00:00 HEADERS={"User-Agent":"okhttp\/4.12.0","Accept-Encoding":"gzip","Content-Length":"178","Content-Type":"application\/json","X-Api-Key":"YOUR_SECURE_RANDOM_KEY","Host":"wjin.upv.edu.es"}
2025-09-30T19:43:48+00:00 RAW={"mac":"E6:14:89:83:B3:B9","major":3087,"minor":10,"nombre":"GTI-3A","rssi":-67,"timestamp":1759261429447,"txPower":203,"uuid":"45:50:53:47:2d:47:54:49:2d:50:52:4f:59:2d:33:41:"}
2025-09-30T19:43:48+00:00 METHOD=POST
2025-09-30T19:43:48+00:00 HEADERS={"User-Agent":"okhttp\/4.12.0","Accept-Encoding":"gzip","Content-Length":"181","Content-Type":"application\/json","X-Api-Key":"YOUR_SECURE_RANDOM_KEY","Host":"wjin.upv.edu.es"}
2025-09-30T19:43:48+00:00 RAW={"mac":"E6:14:89:83:B3:B9","major":14880,"minor":24931,"nombre":"GTI-3A","rssi":-51,"timestamp":1759261429556,"txPower":97,"uuid":"4d:6f:6c:61:00:2d:2d:2d:2d:20:6c:6f:6f:70:28:29:"}
2025-09-30T19:43:48+00:00 METHOD=POST
2025-09-30T19:43:48+00:00 HEADERS={"User-Agent":"okhttp\/4.12.0","Accept-Encoding":"gzip","Content-Length":"181","Content-Type":"application\/json","X-Api-Key":"YOUR_SECURE_RANDOM_KEY","Host":"wjin.upv.edu.es"}
2025-09-30T19:43:48+00:00 RAW={"mac":"E6:14:89:83:B3:B9","major":14880,"minor":24931,"nombre":"GTI-3A","rssi":-70,"timestamp":1759261429622,"txPower":97,"uuid":"4d:6f:6c:61:00:2d:2d:2d:2d:20:6c:6f:6f:70:28:29:"}
2025-09-30T19:43:49+00:00 METHOD=POST
2025-09-30T19:43:49+00:00 HEADERS={"User-Agent":"okhttp\/4.12.0","Accept-Encoding":"gzip","Content-Length":"181","Content-Type":"application\/json","X-Api-Key":"YOUR_SECURE_RANDOM_KEY","Host":"wjin.upv.edu.es"}
2025-09-30T19:43:49+00:00 RAW={"mac":"E6:14:89:83:B3:B9","major":14880,"minor":24931,"nombre":"GTI-3A","rssi":-78,"timestamp":1759261429765,"txPower":97,"uuid":"4d:6f:6c:61:00:2d:2d:2d:2d:20:6c:6f:6f:70:28:29:"}
2025-09-30T19:43:49+00:00 METHOD=POST
2025-09-30T19:43:49+00:00 HEADERS={"User-Agent":"okhttp\/4.12.0","Accept-Encoding":"gzip","Content-Length":"181","Content-Type":"application\/json","X-Api-Key":"YOUR_SECURE_RANDOM_KEY","Host":"wjin.upv.edu.es"}
2025-09-30T19:43:49+00:00 RAW={"mac":"E6:14:89:83:B3:B9","major":14880,"minor":24931,"nombre":"GTI-3A","rssi":-51,"timestamp":1759261429819,"txPower":97,"uuid":"4d:6f:6c:61:00:2d:2d:2d:2d:20:6c:6f:6f:70:28:29:"}
2025-09-30T19:43:49+00:00 METHOD=POST
2025-09-30T19:43:49+00:00 HEADERS={"User-Agent":"okhttp\/4.12.0","Accept-Encoding":"gzip","Content-Length":"181","Content-Type":"application\/json","X-Api-Key":"YOUR_SECURE_RANDOM_KEY","Host":"wjin.upv.edu.es"}
2025-09-30T19:43:49+00:00 RAW={"mac":"E6:14:89:83:B3:B9","major":14880,"minor":24931,"nombre":"GTI-3A","rssi":-55,"timestamp":1759261429951,"txPower":97,"uuid":"4d:6f:6c:61:00:2d:2d:2d:2d:20:6c:6f:6f:70:28:29:"}
2025-09-30T19:43:49+00:00 METHOD=POST
2025-09-30T19:43:49+00:00 HEADERS={"User-Agent":"okhttp\/4.12.0","Accept-Encoding":"gzip","Content-Length":"181","Content-Type":"application\/json","X-Api-Key":"YOUR_SECURE_RANDOM_KEY","Host":"wjin.upv.edu.es"}
2025-09-30T19:43:49+00:00 RAW={"mac":"E6:14:89:83:B3:B9","major":14880,"minor":24931,"nombre":"GTI-3A","rssi":-60,"timestamp":1759261430032,"txPower":97,"uuid":"4d:6f:6c:61:00:2d:2d:2d:2d:20:6c:6f:6f:70:28:29:"}
2025-10-02T21:05:12+00:00 METHOD=POST
2025-10-02T21:05:12+00:00 METHOD=POST
2025-10-02T21:05:12+00:00 HEADERS={"User-Agent":"okhttp\/4.12.0","Accept-Encoding":"gzip","Content-Length":"179","Content-Type":"application\/json","X-Api-Key":"YOUR_SECURE_RANDOM_KEY","Host":"wjin.upv.edu.es"}
2025-10-02T21:05:12+00:00 HEADERS={"User-Agent":"okhttp\/4.12.0","Accept-Encoding":"gzip","Content-Length":"179","Content-Type":"application\/json","X-Api-Key":"YOUR_SECURE_RANDOM_KEY","Host":"wjin.upv.edu.es"}
2025-10-02T21:05:12+00:00 RAW={"mac":"E6:14:89:83:B3:B9","major":2817,"minor":500,"nombre":"GTI-3A","rssi":-53,"timestamp":1759439110522,"txPower":203,"uuid":"45:50:53:47:2d:47:54:49:2d:50:52:4f:59:2d:33:41:"}
2025-10-02T21:05:12+00:00 RAW={"mac":"E6:14:89:83:B3:B9","major":2817,"minor":500,"nombre":"GTI-3A","rssi":-53,"timestamp":1759439110530,"txPower":203,"uuid":"45:50:53:47:2d:47:54:49:2d:50:52:4f:59:2d:33:41:"}
2025-10-02T21:05:12+00:00 METHOD=POST
2025-10-02T21:05:12+00:00 HEADERS={"User-Agent":"okhttp\/4.12.0","Accept-Encoding":"gzip","Content-Length":"179","Content-Type":"application\/json","X-Api-Key":"YOUR_SECURE_RANDOM_KEY","Host":"wjin.upv.edu.es"}
2025-10-02T21:05:12+00:00 METHOD=POST
2025-10-02T21:05:12+00:00 RAW={"mac":"E6:14:89:83:B3:B9","major":2817,"minor":500,"nombre":"GTI-3A","rssi":-53,"timestamp":1759439110512,"txPower":203,"uuid":"45:50:53:47:2d:47:54:49:2d:50:52:4f:59:2d:33:41:"}
2025-10-02T21:05:12+00:00 HEADERS={"User-Agent":"okhttp\/4.12.0","Accept-Encoding":"gzip","Content-Length":"179","Content-Type":"application\/json","X-Api-Key":"YOUR_SECURE_RANDOM_KEY","Host":"wjin.upv.edu.es"}
2025-10-02T21:05:12+00:00 RAW={"mac":"E6:14:89:83:B3:B9","major":2817,"minor":500,"nombre":"GTI-3A","rssi":-57,"timestamp":1759439110493,"txPower":203,"uuid":"45:50:53:47:2d:47:54:49:2d:50:52:4f:59:2d:33:41:"}
2025-10-02T21:05:12+00:00 METHOD=POST
2025-10-02T21:05:12+00:00 HEADERS={"User-Agent":"okhttp\/4.12.0","Accept-Encoding":"gzip","Content-Length":"179","Content-Type":"application\/json","X-Api-Key":"YOUR_SECURE_RANDOM_KEY","Host":"wjin.upv.edu.es"}
2025-10-02T21:05:12+00:00 RAW={"mac":"E6:14:89:83:B3:B9","major":2817,"minor":500,"nombre":"GTI-3A","rssi":-55,"timestamp":1759439110606,"txPower":203,"uuid":"45:50:53:47:2d:47:54:49:2d:50:52:4f:59:2d:33:41:"}
2025-10-02T21:05:12+00:00 METHOD=POST
2025-10-02T21:05:12+00:00 HEADERS={"User-Agent":"okhttp\/4.12.0","Accept-Encoding":"gzip","Content-Length":"179","Content-Type":"application\/json","X-Api-Key":"YOUR_SECURE_RANDOM_KEY","Host":"wjin.upv.edu.es"}
2025-10-02T21:05:12+00:00 RAW={"mac":"E6:14:89:83:B3:B9","major":2817,"minor":500,"nombre":"GTI-3A","rssi":-53,"timestamp":1759439110730,"txPower":203,"uuid":"45:50:53:47:2d:47:54:49:2d:50:52:4f:59:2d:33:41:"}
2025-10-02T21:05:12+00:00 METHOD=POST
2025-10-02T21:05:12+00:00 METHOD=POST
2025-10-02T21:05:12+00:00 HEADERS={"User-Agent":"okhttp\/4.12.0","Accept-Encoding":"gzip","Content-Length":"179","Content-Type":"application\/json","X-Api-Key":"YOUR_SECURE_RANDOM_KEY","Host":"wjin.upv.edu.es"}
2025-10-02T21:05:12+00:00 METHOD=POST
2025-10-02T21:05:12+00:00 HEADERS={"User-Agent":"okhttp\/4.12.0","Accept-Encoding":"gzip","Content-Length":"179","Content-Type":"application\/json","X-Api-Key":"YOUR_SECURE_RANDOM_KEY","Host":"wjin.upv.edu.es"}
2025-10-02T21:05:12+00:00 RAW={"mac":"E6:14:89:83:B3:B9","major":2817,"minor":500,"nombre":"GTI-3A","rssi":-53,"timestamp":1759439110804,"txPower":203,"uuid":"45:50:53:47:2d:47:54:49:2d:50:52:4f:59:2d:33:41:"}
2025-10-02T21:05:12+00:00 HEADERS={"User-Agent":"okhttp\/4.12.0","Accept-Encoding":"gzip","Content-Length":"179","Content-Type":"application\/json","X-Api-Key":"YOUR_SECURE_RANDOM_KEY","Host":"wjin.upv.edu.es"}
2025-10-02T21:05:12+00:00 RAW={"mac":"E6:14:89:83:B3:B9","major":2817,"minor":500,"nombre":"GTI-3A","rssi":-53,"timestamp":1759439110659,"txPower":203,"uuid":"45:50:53:47:2d:47:54:49:2d:50:52:4f:59:2d:33:41:"}
2025-10-02T21:05:12+00:00 RAW={"mac":"E6:14:89:83:B3:B9","major":2817,"minor":500,"nombre":"GTI-3A","rssi":-56,"timestamp":1759439110869,"txPower":203,"uuid":"45:50:53:47:2d:47:54:49:2d:50:52:4f:59:2d:33:41:"}
2025-10-02T21:05:12+00:00 METHOD=POST
2025-10-02T21:05:12+00:00 HEADERS={"User-Agent":"okhttp\/4.12.0","Accept-Encoding":"gzip","Content-Length":"179","Content-Type":"application\/json","X-Api-Key":"YOUR_SECURE_RANDOM_KEY","Host":"wjin.upv.edu.es"}
2025-10-02T21:05:12+00:00 RAW={"mac":"E6:14:89:83:B3:B9","major":2817,"minor":500,"nombre":"GTI-3A","rssi":-56,"timestamp":1759439110944,"txPower":203,"uuid":"45:50:53:47:2d:47:54:49:2d:50:52:4f:59:2d:33:41:"}
2025-10-02T21:05:12+00:00 METHOD=POST
2025-10-02T21:05:12+00:00 HEADERS={"User-Agent":"okhttp\/4.12.0","Accept-Encoding":"gzip","Content-Length":"179","Content-Type":"application\/json","X-Api-Key":"YOUR_SECURE_RANDOM_KEY","Host":"wjin.upv.edu.es"}
2025-10-02T21:05:12+00:00 RAW={"mac":"E6:14:89:83:B3:B9","major":2817,"minor":500,"nombre":"GTI-3A","rssi":-54,"timestamp":1759439111004,"txPower":203,"uuid":"45:50:53:47:2d:47:54:49:2d:50:52:4f:59:2d:33:41:"}
2025-10-02T21:05:12+00:00 METHOD=POST
2025-10-02T21:05:12+00:00 METHOD=POST
2025-10-02T21:05:12+00:00 METHOD=POST
2025-10-02T21:05:12+00:00 HEADERS={"User-Agent":"okhttp\/4.12.0","Accept-Encoding":"gzip","Content-Length":"179","Content-Type":"application\/json","X-Api-Key":"YOUR_SECURE_RANDOM_KEY","Host":"wjin.upv.edu.es"}
2025-10-02T21:05:12+00:00 HEADERS={"User-Agent":"okhttp\/4.12.0","Accept-Encoding":"gzip","Content-Length":"179","Content-Type":"application\/json","X-Api-Key":"YOUR_SECURE_RANDOM_KEY","Host":"wjin.upv.edu.es"}
2025-10-02T21:05:12+00:00 HEADERS={"User-Agent":"okhttp\/4.12.0","Accept-Encoding":"gzip","Content-Length":"179","Content-Type":"application\/json","X-Api-Key":"YOUR_SECURE_RANDOM_KEY","Host":"wjin.upv.edu.es"}
2025-10-02T21:05:12+00:00 RAW={"mac":"E6:14:89:83:B3:B9","major":2817,"minor":500,"nombre":"GTI-3A","rssi":-54,"timestamp":1759439111279,"txPower":203,"uuid":"45:50:53:47:2d:47:54:49:2d:50:52:4f:59:2d:33:41:"}
2025-10-02T21:05:12+00:00 RAW={"mac":"E6:14:89:83:B3:B9","major":2817,"minor":500,"nombre":"GTI-3A","rssi":-54,"timestamp":1759439111077,"txPower":203,"uuid":"45:50:53:47:2d:47:54:49:2d:50:52:4f:59:2d:33:41:"}
2025-10-02T21:05:12+00:00 RAW={"mac":"E6:14:89:83:B3:B9","major":2817,"minor":500,"nombre":"GTI-3A","rssi":-54,"timestamp":1759439111141,"txPower":203,"uuid":"45:50:53:47:2d:47:54:49:2d:50:52:4f:59:2d:33:41:"}
2025-10-02T21:05:12+00:00 METHOD=POST
2025-10-02T21:05:12+00:00 METHOD=POST
2025-10-02T21:05:12+00:00 HEADERS={"User-Agent":"okhttp\/4.12.0","Accept-Encoding":"gzip","Content-Length":"178","Content-Type":"application\/json","X-Api-Key":"YOUR_SECURE_RANDOM_KEY","Host":"wjin.upv.edu.es"}
2025-10-02T21:05:12+00:00 HEADERS={"User-Agent":"okhttp\/4.12.0","Accept-Encoding":"gzip","Content-Length":"178","Content-Type":"application\/json","X-Api-Key":"YOUR_SECURE_RANDOM_KEY","Host":"wjin.upv.edu.es"}
2025-10-02T21:05:12+00:00 RAW={"mac":"E6:14:89:83:B3:B9","major":3073,"minor":10,"nombre":"GTI-3A","rssi":-54,"timestamp":1759439111324,"txPower":203,"uuid":"45:50:53:47:2d:47:54:49:2d:50:52:4f:59:2d:33:41:"}
2025-10-02T21:05:12+00:00 RAW={"mac":"E6:14:89:83:B3:B9","major":3073,"minor":10,"nombre":"GTI-3A","rssi":-54,"timestamp":1759439111397,"txPower":203,"uuid":"45:50:53:47:2d:47:54:49:2d:50:52:4f:59:2d:33:41:"}
2025-10-02T21:05:12+00:00 METHOD=POST
2025-10-02T21:05:12+00:00 HEADERS={"User-Agent":"okhttp\/4.12.0","Accept-Encoding":"gzip","Content-Length":"178","Content-Type":"application\/json","X-Api-Key":"YOUR_SECURE_RANDOM_KEY","Host":"wjin.upv.edu.es"}
2025-10-02T21:05:12+00:00 RAW={"mac":"E6:14:89:83:B3:B9","major":3073,"minor":10,"nombre":"GTI-3A","rssi":-55,"timestamp":1759439111470,"txPower":203,"uuid":"45:50:53:47:2d:47:54:49:2d:50:52:4f:59:2d:33:41:"}
2025-10-02T21:05:12+00:00 METHOD=POST
2025-10-02T21:05:12+00:00 METHOD=POST
2025-10-02T21:05:12+00:00 METHOD=POST
2025-10-02T21:05:12+00:00 HEADERS={"User-Agent":"okhttp\/4.12.0","Accept-Encoding":"gzip","Content-Length":"178","Content-Type":"application\/json","X-Api-Key":"YOUR_SECURE_RANDOM_KEY","Host":"wjin.upv.edu.es"}
2025-10-02T21:05:12+00:00 HEADERS={"User-Agent":"okhttp\/4.12.0","Accept-Encoding":"gzip","Content-Length":"178","Content-Type":"application\/json","X-Api-Key":"YOUR_SECURE_RANDOM_KEY","Host":"wjin.upv.edu.es"}
2025-10-02T21:05:12+00:00 HEADERS={"User-Agent":"okhttp\/4.12.0","Accept-Encoding":"gzip","Content-Length":"178","Content-Type":"application\/json","X-Api-Key":"YOUR_SECURE_RANDOM_KEY","Host":"wjin.upv.edu.es"}
2025-10-02T21:05:12+00:00 RAW={"mac":"E6:14:89:83:B3:B9","major":3073,"minor":10,"nombre":"GTI-3A","rssi":-53,"timestamp":1759439111741,"txPower":203,"uuid":"45:50:53:47:2d:47:54:49:2d:50:52:4f:59:2d:33:41:"}
2025-10-02T21:05:12+00:00 RAW={"mac":"E6:14:89:83:B3:B9","major":3073,"minor":10,"nombre":"GTI-3A","rssi":-53,"timestamp":1759439111669,"txPower":203,"uuid":"45:50:53:47:2d:47:54:49:2d:50:52:4f:59:2d:33:41:"}
2025-10-02T21:05:12+00:00 RAW={"mac":"E6:14:89:83:B3:B9","major":3073,"minor":10,"nombre":"GTI-3A","rssi":-55,"timestamp":1759439111808,"txPower":203,"uuid":"45:50:53:47:2d:47:54:49:2d:50:52:4f:59:2d:33:41:"}
2025-10-02T21:05:12+00:00 METHOD=POST
2025-10-02T21:05:12+00:00 HEADERS={"User-Agent":"okhttp\/4.12.0","Accept-Encoding":"gzip","Content-Length":"178","Content-Type":"application\/json","X-Api-Key":"YOUR_SECURE_RANDOM_KEY","Host":"wjin.upv.edu.es"}
2025-10-02T21:05:12+00:00 RAW={"mac":"E6:14:89:83:B3:B9","major":3073,"minor":10,"nombre":"GTI-3A","rssi":-55,"timestamp":1759439111889,"txPower":203,"uuid":"45:50:53:47:2d:47:54:49:2d:50:52:4f:59:2d:33:41:"}
2025-10-02T21:05:12+00:00 METHOD=POST
2025-10-02T21:05:12+00:00 HEADERS={"User-Agent":"okhttp\/4.12.0","Accept-Encoding":"gzip","Content-Length":"178","Content-Type":"application\/json","X-Api-Key":"YOUR_SECURE_RANDOM_KEY","Host":"wjin.upv.edu.es"}
2025-10-02T21:05:12+00:00 RAW={"mac":"E6:14:89:83:B3:B9","major":3073,"minor":10,"nombre":"GTI-3A","rssi":-55,"timestamp":1759439111950,"txPower":203,"uuid":"45:50:53:47:2d:47:54:49:2d:50:52:4f:59:2d:33:41:"}
2025-10-02T21:05:12+00:00 METHOD=POST
2025-10-02T21:05:12+00:00 HEADERS={"User-Agent":"okhttp\/4.12.0","Accept-Encoding":"gzip","Content-Length":"178","Content-Type":"application\/json","X-Api-Key":"YOUR_SECURE_RANDOM_KEY","Host":"wjin.upv.edu.es"}
2025-10-02T21:05:12+00:00 RAW={"mac":"E6:14:89:83:B3:B9","major":3073,"minor":10,"nombre":"GTI-3A","rssi":-53,"timestamp":1759439112021,"txPower":203,"uuid":"45:50:53:47:2d:47:54:49:2d:50:52:4f:59:2d:33:41:"}
2025-10-02T21:05:12+00:00 METHOD=POST
2025-10-02T21:05:12+00:00 METHOD=POST
2025-10-02T21:05:12+00:00 METHOD=POST
2025-10-02T21:05:12+00:00 METHOD=POST
2025-10-02T21:05:12+00:00 HEADERS={"User-Agent":"okhttp\/4.12.0","Accept-Encoding":"gzip","Content-Length":"178","Content-Type":"application\/json","X-Api-Key":"YOUR_SECURE_RANDOM_KEY","Host":"wjin.upv.edu.es"}
2025-10-02T21:05:12+00:00 HEADERS={"User-Agent":"okhttp\/4.12.0","Accept-Encoding":"gzip","Content-Length":"181","Content-Type":"application\/json","X-Api-Key":"YOUR_SECURE_RANDOM_KEY","Host":"wjin.upv.edu.es"}
2025-10-02T21:05:12+00:00 HEADERS={"User-Agent":"okhttp\/4.12.0","Accept-Encoding":"gzip","Content-Length":"178","Content-Type":"application\/json","X-Api-Key":"YOUR_SECURE_RANDOM_KEY","Host":"wjin.upv.edu.es"}
2025-10-02T21:05:12+00:00 HEADERS={"User-Agent":"okhttp\/4.12.0","Accept-Encoding":"gzip","Content-Length":"178","Content-Type":"application\/json","X-Api-Key":"YOUR_SECURE_RANDOM_KEY","Host":"wjin.upv.edu.es"}
2025-10-02T21:05:12+00:00 RAW={"mac":"E6:14:89:83:B3:B9","major":3073,"minor":10,"nombre":"GTI-3A","rssi":-55,"timestamp":1759439112090,"txPower":203,"uuid":"45:50:53:47:2d:47:54:49:2d:50:52:4f:59:2d:33:41:"}
2025-10-02T21:05:12+00:00 RAW={"mac":"E6:14:89:83:B3:B9","major":14880,"minor":24931,"nombre":"GTI-3A","rssi":-53,"timestamp":1759439112333,"txPower":97,"uuid":"4d:6f:6c:61:00:2d:2d:2d:2d:20:6c:6f:6f:70:28:29:"}
2025-10-02T21:05:12+00:00 RAW={"mac":"E6:14:89:83:B3:B9","major":3073,"minor":10,"nombre":"GTI-3A","rssi":-53,"timestamp":1759439112296,"txPower":203,"uuid":"45:50:53:47:2d:47:54:49:2d:50:52:4f:59:2d:33:41:"}
2025-10-02T21:05:12+00:00 RAW={"mac":"E6:14:89:83:B3:B9","major":3073,"minor":10,"nombre":"GTI-3A","rssi":-54,"timestamp":1759439112224,"txPower":203,"uuid":"45:50:53:47:2d:47:54:49:2d:50:52:4f:59:2d:33:41:"}
2025-10-02T21:05:12+00:00 METHOD=POST
2025-10-02T21:05:12+00:00 HEADERS={"User-Agent":"okhttp\/4.12.0","Accept-Encoding":"gzip","Content-Length":"181","Content-Type":"application\/json","X-Api-Key":"YOUR_SECURE_RANDOM_KEY","Host":"wjin.upv.edu.es"}
2025-10-02T21:05:12+00:00 RAW={"mac":"E6:14:89:83:B3:B9","major":14880,"minor":24931,"nombre":"GTI-3A","rssi":-55,"timestamp":1759439112397,"txPower":97,"uuid":"4d:6f:6c:61:00:2d:2d:2d:2d:20:6c:6f:6f:70:28:29:"}
2025-10-02T21:05:13+00:00 METHOD=POST
2025-10-02T21:05:13+00:00 HEADERS={"User-Agent":"okhttp\/4.12.0","Accept-Encoding":"gzip","Content-Length":"181","Content-Type":"application\/json","X-Api-Key":"YOUR_SECURE_RANDOM_KEY","Host":"wjin.upv.edu.es"}
2025-10-02T21:05:13+00:00 RAW={"mac":"E6:14:89:83:B3:B9","major":14880,"minor":24931,"nombre":"GTI-3A","rssi":-53,"timestamp":1759439112528,"txPower":97,"uuid":"4d:6f:6c:61:00:2d:2d:2d:2d:20:6c:6f:6f:70:28:29:"}
2025-10-02T21:05:13+00:00 METHOD=POST
2025-10-02T21:05:13+00:00 METHOD=POST
2025-10-02T21:05:13+00:00 METHOD=POST
2025-10-02T21:05:13+00:00 METHOD=POST
2025-10-02T21:05:13+00:00 HEADERS={"User-Agent":"okhttp\/4.12.0","Accept-Encoding":"gzip","Content-Length":"181","Content-Type":"application\/json","X-Api-Key":"YOUR_SECURE_RANDOM_KEY","Host":"wjin.upv.edu.es"}
2025-10-02T21:05:13+00:00 HEADERS={"User-Agent":"okhttp\/4.12.0","Accept-Encoding":"gzip","Content-Length":"181","Content-Type":"application\/json","X-Api-Key":"YOUR_SECURE_RANDOM_KEY","Host":"wjin.upv.edu.es"}
2025-10-02T21:05:13+00:00 HEADERS={"User-Agent":"okhttp\/4.12.0","Accept-Encoding":"gzip","Content-Length":"181","Content-Type":"application\/json","X-Api-Key":"YOUR_SECURE_RANDOM_KEY","Host":"wjin.upv.edu.es"}
2025-10-02T21:05:13+00:00 HEADERS={"User-Agent":"okhttp\/4.12.0","Accept-Encoding":"gzip","Content-Length":"181","Content-Type":"application\/json","X-Api-Key":"YOUR_SECURE_RANDOM_KEY","Host":"wjin.upv.edu.es"}
2025-10-02T21:05:13+00:00 RAW={"mac":"E6:14:89:83:B3:B9","major":14880,"minor":24931,"nombre":"GTI-3A","rssi":-55,"timestamp":1759439112655,"txPower":97,"uuid":"4d:6f:6c:61:00:2d:2d:2d:2d:20:6c:6f:6f:70:28:29:"}
2025-10-02T21:05:13+00:00 RAW={"mac":"E6:14:89:83:B3:B9","major":14880,"minor":24931,"nombre":"GTI-3A","rssi":-53,"timestamp":1759439112784,"txPower":97,"uuid":"4d:6f:6c:61:00:2d:2d:2d:2d:20:6c:6f:6f:70:28:29:"}
2025-10-02T21:05:13+00:00 RAW={"mac":"E6:14:89:83:B3:B9","major":14880,"minor":24931,"nombre":"GTI-3A","rssi":-55,"timestamp":1759439112724,"txPower":97,"uuid":"4d:6f:6c:61:00:2d:2d:2d:2d:20:6c:6f:6f:70:28:29:"}
2025-10-02T21:05:13+00:00 RAW={"mac":"E6:14:89:83:B3:B9","major":14880,"minor":24931,"nombre":"GTI-3A","rssi":-53,"timestamp":1759439112594,"txPower":97,"uuid":"4d:6f:6c:61:00:2d:2d:2d:2d:20:6c:6f:6f:70:28:29:"}
2025-10-02T21:05:13+00:00 METHOD=POST
2025-10-02T21:05:13+00:00 HEADERS={"User-Agent":"okhttp\/4.12.0","Accept-Encoding":"gzip","Content-Length":"181","Content-Type":"application\/json","X-Api-Key":"YOUR_SECURE_RANDOM_KEY","Host":"wjin.upv.edu.es"}
2025-10-02T21:05:13+00:00 RAW={"mac":"E6:14:89:83:B3:B9","major":14880,"minor":24931,"nombre":"GTI-3A","rssi":-55,"timestamp":1759439112857,"txPower":97,"uuid":"4d:6f:6c:61:00:2d:2d:2d:2d:20:6c:6f:6f:70:28:29:"}
2025-10-02T21:05:13+00:00 METHOD=POST
2025-10-02T21:05:13+00:00 HEADERS={"User-Agent":"okhttp\/4.12.0","Accept-Encoding":"gzip","Content-Length":"181","Content-Type":"application\/json","X-Api-Key":"YOUR_SECURE_RANDOM_KEY","Host":"wjin.upv.edu.es"}
2025-10-02T21:05:13+00:00 RAW={"mac":"E6:14:89:83:B3:B9","major":14880,"minor":24931,"nombre":"GTI-3A","rssi":-56,"timestamp":1759439112927,"txPower":97,"uuid":"4d:6f:6c:61:00:2d:2d:2d:2d:20:6c:6f:6f:70:28:29:"}
2025-10-02T21:05:13+00:00 METHOD=POST
2025-10-02T21:05:13+00:00 METHOD=POST
2025-10-02T21:05:13+00:00 HEADERS={"User-Agent":"okhttp\/4.12.0","Accept-Encoding":"gzip","Content-Length":"181","Content-Type":"application\/json","X-Api-Key":"YOUR_SECURE_RANDOM_KEY","Host":"wjin.upv.edu.es"}
2025-10-02T21:05:13+00:00 HEADERS={"User-Agent":"okhttp\/4.12.0","Accept-Encoding":"gzip","Content-Length":"181","Content-Type":"application\/json","X-Api-Key":"YOUR_SECURE_RANDOM_KEY","Host":"wjin.upv.edu.es"}
2025-10-02T21:05:13+00:00 RAW={"mac":"E6:14:89:83:B3:B9","major":14880,"minor":24931,"nombre":"GTI-3A","rssi":-58,"timestamp":1759439113130,"txPower":97,"uuid":"4d:6f:6c:61:00:2d:2d:2d:2d:20:6c:6f:6f:70:28:29:"}
2025-10-02T21:05:13+00:00 RAW={"mac":"E6:14:89:83:B3:B9","major":14880,"minor":24931,"nombre":"GTI-3A","rssi":-51,"timestamp":1759439112992,"txPower":97,"uuid":"4d:6f:6c:61:00:2d:2d:2d:2d:20:6c:6f:6f:70:28:29:"}
2025-10-02T21:05:13+00:00 METHOD=POST
2025-10-02T21:05:13+00:00 HEADERS={"User-Agent":"okhttp\/4.12.0","Accept-Encoding":"gzip","Content-Length":"181","Content-Type":"application\/json","X-Api-Key":"YOUR_SECURE_RANDOM_KEY","Host":"wjin.upv.edu.es"}
2025-10-02T21:05:13+00:00 RAW={"mac":"E6:14:89:83:B3:B9","major":14880,"minor":24931,"nombre":"GTI-3A","rssi":-52,"timestamp":1759439113201,"txPower":97,"uuid":"4d:6f:6c:61:00:2d:2d:2d:2d:20:6c:6f:6f:70:28:29:"}
2025-10-02T21:05:13+00:00 METHOD=POST
2025-10-02T21:05:13+00:00 HEADERS={"User-Agent":"okhttp\/4.12.0","Accept-Encoding":"gzip","Content-Length":"181","Content-Type":"application\/json","X-Api-Key":"YOUR_SECURE_RANDOM_KEY","Host":"wjin.upv.edu.es"}
2025-10-02T21:05:13+00:00 RAW={"mac":"E6:14:89:83:B3:B9","major":14880,"minor":24931,"nombre":"GTI-3A","rssi":-58,"timestamp":1759439113276,"txPower":97,"uuid":"4d:6f:6c:61:00:2d:2d:2d:2d:20:6c:6f:6f:70:28:29:"}
2025-10-02T21:05:13+00:00 METHOD=POST
2025-10-02T21:05:13+00:00 HEADERS={"User-Agent":"okhttp\/4.12.0","Accept-Encoding":"gzip","Content-Length":"181","Content-Type":"application\/json","X-Api-Key":"YOUR_SECURE_RANDOM_KEY","Host":"wjin.upv.edu.es"}
2025-10-02T21:05:13+00:00 RAW={"mac":"E6:14:89:83:B3:B9","major":14880,"minor":24931,"nombre":"GTI-3A","rssi":-50,"timestamp":1759439113336,"txPower":97,"uuid":"4d:6f:6c:61:00:2d:2d:2d:2d:20:6c:6f:6f:70:28:29:"}
2025-10-02T21:05:13+00:00 METHOD=POST
2025-10-02T21:05:13+00:00 HEADERS={"User-Agent":"okhttp\/4.12.0","Accept-Encoding":"gzip","Content-Length":"181","Content-Type":"application\/json","X-Api-Key":"YOUR_SECURE_RANDOM_KEY","Host":"wjin.upv.edu.es"}
2025-10-02T21:05:13+00:00 RAW={"mac":"E6:14:89:83:B3:B9","major":14880,"minor":24931,"nombre":"GTI-3A","rssi":-51,"timestamp":1759439113406,"txPower":97,"uuid":"4d:6f:6c:61:00:2d:2d:2d:2d:20:6c:6f:6f:70:28:29:"}
2025-10-02T21:05:13+00:00 METHOD=POST
2025-10-02T21:05:13+00:00 HEADERS={"User-Agent":"okhttp\/4.12.0","Accept-Encoding":"gzip","Content-Length":"181","Content-Type":"application\/json","X-Api-Key":"YOUR_SECURE_RANDOM_KEY","Host":"wjin.upv.edu.es"}
2025-10-02T21:05:13+00:00 RAW={"mac":"E6:14:89:83:B3:B9","major":14880,"minor":24931,"nombre":"GTI-3A","rssi":-52,"timestamp":1759439113479,"txPower":97,"uuid":"4d:6f:6c:61:00:2d:2d:2d:2d:20:6c:6f:6f:70:28:29:"}
2025-10-02T21:05:13+00:00 METHOD=POST
2025-10-02T21:05:13+00:00 HEADERS={"User-Agent":"okhttp\/4.12.0","Accept-Encoding":"gzip","Content-Length":"181","Content-Type":"application\/json","X-Api-Key":"YOUR_SECURE_RANDOM_KEY","Host":"wjin.upv.edu.es"}
2025-10-02T21:05:13+00:00 RAW={"mac":"E6:14:89:83:B3:B9","major":14880,"minor":24931,"nombre":"GTI-3A","rssi":-49,"timestamp":1759439113544,"txPower":97,"uuid":"4d:6f:6c:61:00:2d:2d:2d:2d:20:6c:6f:6f:70:28:29:"}
2025-10-02T21:05:13+00:00 METHOD=POST
2025-10-02T21:05:13+00:00 HEADERS={"User-Agent":"okhttp\/4.12.0","Accept-Encoding":"gzip","Content-Length":"181","Content-Type":"application\/json","X-Api-Key":"YOUR_SECURE_RANDOM_KEY","Host":"wjin.upv.edu.es"}
2025-10-02T21:05:13+00:00 RAW={"mac":"E6:14:89:83:B3:B9","major":14880,"minor":24931,"nombre":"GTI-3A","rssi":-49,"timestamp":1759439113611,"txPower":97,"uuid":"4d:6f:6c:61:00:2d:2d:2d:2d:20:6c:6f:6f:70:28:29:"}
2025-10-02T21:05:13+00:00 METHOD=POST
2025-10-02T21:05:13+00:00 HEADERS={"User-Agent":"okhttp\/4.12.0","Accept-Encoding":"gzip","Content-Length":"181","Content-Type":"application\/json","X-Api-Key":"YOUR_SECURE_RANDOM_KEY","Host":"wjin.upv.edu.es"}
2025-10-02T21:05:13+00:00 RAW={"mac":"E6:14:89:83:B3:B9","major":14880,"minor":24931,"nombre":"GTI-3A","rssi":-48,"timestamp":1759439113688,"txPower":97,"uuid":"4d:6f:6c:61:00:2d:2d:2d:2d:20:6c:6f:6f:70:28:29:"}
2025-10-02T21:05:13+00:00 METHOD=POST
2025-10-02T21:05:13+00:00 HEADERS={"User-Agent":"okhttp\/4.12.0","Accept-Encoding":"gzip","Content-Length":"181","Content-Type":"application\/json","X-Api-Key":"YOUR_SECURE_RANDOM_KEY","Host":"wjin.upv.edu.es"}
2025-10-02T21:05:13+00:00 RAW={"mac":"E6:14:89:83:B3:B9","major":14880,"minor":24931,"nombre":"GTI-3A","rssi":-48,"timestamp":1759439113753,"txPower":97,"uuid":"4d:6f:6c:61:00:2d:2d:2d:2d:20:6c:6f:6f:70:28:29:"}
2025-10-02T21:05:14+00:00 METHOD=POST
2025-10-02T21:05:14+00:00 HEADERS={"User-Agent":"okhttp\/4.12.0","Accept-Encoding":"gzip","Content-Length":"181","Content-Type":"application\/json","X-Api-Key":"YOUR_SECURE_RANDOM_KEY","Host":"wjin.upv.edu.es"}
2025-10-02T21:05:14+00:00 RAW={"mac":"E6:14:89:83:B3:B9","major":14880,"minor":24931,"nombre":"GTI-3A","rssi":-47,"timestamp":1759439113973,"txPower":97,"uuid":"4d:6f:6c:61:00:2d:2d:2d:2d:20:6c:6f:6f:70:28:29:"}
2025-10-02T21:05:14+00:00 METHOD=POST
2025-10-02T21:05:14+00:00 HEADERS={"User-Agent":"okhttp\/4.12.0","Accept-Encoding":"gzip","Content-Length":"181","Content-Type":"application\/json","X-Api-Key":"YOUR_SECURE_RANDOM_KEY","Host":"wjin.upv.edu.es"}
2025-10-02T21:05:14+00:00 RAW={"mac":"E6:14:89:83:B3:B9","major":14880,"minor":24931,"nombre":"GTI-3A","rssi":-48,"timestamp":1759439114022,"txPower":97,"uuid":"4d:6f:6c:61:00:2d:2d:2d:2d:20:6c:6f:6f:70:28:29:"}
2025-10-02T21:05:14+00:00 METHOD=POST
2025-10-02T21:05:14+00:00 HEADERS={"User-Agent":"okhttp\/4.12.0","Accept-Encoding":"gzip","Content-Length":"181","Content-Type":"application\/json","X-Api-Key":"YOUR_SECURE_RANDOM_KEY","Host":"wjin.upv.edu.es"}
2025-10-02T21:05:14+00:00 RAW={"mac":"E6:14:89:83:B3:B9","major":14880,"minor":24931,"nombre":"GTI-3A","rssi":-49,"timestamp":1759439114091,"txPower":97,"uuid":"4d:6f:6c:61:00:2d:2d:2d:2d:20:6c:6f:6f:70:28:29:"}
2025-10-02T21:05:14+00:00 METHOD=POST
2025-10-02T21:05:14+00:00 HEADERS={"User-Agent":"okhttp\/4.12.0","Accept-Encoding":"gzip","Content-Length":"181","Content-Type":"application\/json","X-Api-Key":"YOUR_SECURE_RANDOM_KEY","Host":"wjin.upv.edu.es"}
2025-10-02T21:05:14+00:00 RAW={"mac":"E6:14:89:83:B3:B9","major":14880,"minor":24931,"nombre":"GTI-3A","rssi":-50,"timestamp":1759439114167,"txPower":97,"uuid":"4d:6f:6c:61:00:2d:2d:2d:2d:20:6c:6f:6f:70:28:29:"}
2025-10-02T21:05:14+00:00 METHOD=POST
2025-10-02T21:05:14+00:00 HEADERS={"User-Agent":"okhttp\/4.12.0","Accept-Encoding":"gzip","Content-Length":"181","Content-Type":"application\/json","X-Api-Key":"YOUR_SECURE_RANDOM_KEY","Host":"wjin.upv.edu.es"}
2025-10-02T21:05:14+00:00 RAW={"mac":"E6:14:89:83:B3:B9","major":14880,"minor":24931,"nombre":"GTI-3A","rssi":-50,"timestamp":1759439114225,"txPower":97,"uuid":"4d:6f:6c:61:00:2d:2d:2d:2d:20:6c:6f:6f:70:28:29:"}
2025-10-02T21:05:14+00:00 METHOD=POST
2025-10-02T21:05:14+00:00 HEADERS={"User-Agent":"okhttp\/4.12.0","Accept-Encoding":"gzip","Content-Length":"181","Content-Type":"application\/json","X-Api-Key":"YOUR_SECURE_RANDOM_KEY","Host":"wjin.upv.edu.es"}
2025-10-02T21:05:14+00:00 RAW={"mac":"E6:14:89:83:B3:B9","major":14880,"minor":24931,"nombre":"GTI-3A","rssi":-49,"timestamp":1759439114291,"txPower":97,"uuid":"4d:6f:6c:61:00:2d:2d:2d:2d:20:6c:6f:6f:70:28:29:"}
2025-10-02T21:05:17+00:00 METHOD=POST
2025-10-02T21:05:17+00:00 HEADERS={"User-Agent":"okhttp\/4.12.0","Accept-Encoding":"gzip","Content-Length":"179","Content-Type":"application\/json","X-Api-Key":"YOUR_SECURE_RANDOM_KEY","Host":"wjin.upv.edu.es"}
2025-10-02T21:05:17+00:00 RAW={"mac":"E6:14:89:83:B3:B9","major":2818,"minor":500,"nombre":"GTI-3A","rssi":-49,"timestamp":1759439117837,"txPower":203,"uuid":"45:50:53:47:2d:47:54:49:2d:50:52:4f:59:2d:33:41:"}
2025-10-02T21:05:18+00:00 METHOD=POST
2025-10-02T21:05:18+00:00 METHOD=POST
2025-10-02T21:05:18+00:00 METHOD=POST
2025-10-02T21:05:18+00:00 HEADERS={"User-Agent":"okhttp\/4.12.0","Accept-Encoding":"gzip","Content-Length":"179","Content-Type":"application\/json","X-Api-Key":"YOUR_SECURE_RANDOM_KEY","Host":"wjin.upv.edu.es"}
2025-10-02T21:05:18+00:00 METHOD=POST
2025-10-02T21:05:18+00:00 HEADERS={"User-Agent":"okhttp\/4.12.0","Accept-Encoding":"gzip","Content-Length":"179","Content-Type":"application\/json","X-Api-Key":"YOUR_SECURE_RANDOM_KEY","Host":"wjin.upv.edu.es"}
2025-10-02T21:05:18+00:00 HEADERS={"User-Agent":"okhttp\/4.12.0","Accept-Encoding":"gzip","Content-Length":"179","Content-Type":"application\/json","X-Api-Key":"YOUR_SECURE_RANDOM_KEY","Host":"wjin.upv.edu.es"}
2025-10-02T21:05:18+00:00 RAW={"mac":"E6:14:89:83:B3:B9","major":2818,"minor":500,"nombre":"GTI-3A","rssi":-49,"timestamp":1759439117960,"txPower":203,"uuid":"45:50:53:47:2d:47:54:49:2d:50:52:4f:59:2d:33:41:"}
2025-10-02T21:05:18+00:00 HEADERS={"User-Agent":"okhttp\/4.12.0","Accept-Encoding":"gzip","Content-Length":"179","Content-Type":"application\/json","X-Api-Key":"YOUR_SECURE_RANDOM_KEY","Host":"wjin.upv.edu.es"}
2025-10-02T21:05:18+00:00 RAW={"mac":"E6:14:89:83:B3:B9","major":2818,"minor":500,"nombre":"GTI-3A","rssi":-49,"timestamp":1759439118103,"txPower":203,"uuid":"45:50:53:47:2d:47:54:49:2d:50:52:4f:59:2d:33:41:"}
2025-10-02T21:05:18+00:00 RAW={"mac":"E6:14:89:83:B3:B9","major":2818,"minor":500,"nombre":"GTI-3A","rssi":-49,"timestamp":1759439118030,"txPower":203,"uuid":"45:50:53:47:2d:47:54:49:2d:50:52:4f:59:2d:33:41:"}
2025-10-02T21:05:18+00:00 RAW={"mac":"E6:14:89:83:B3:B9","major":2818,"minor":500,"nombre":"GTI-3A","rssi":-49,"timestamp":1759439118166,"txPower":203,"uuid":"45:50:53:47:2d:47:54:49:2d:50:52:4f:59:2d:33:41:"}
2025-10-02T21:05:18+00:00 METHOD=POST
2025-10-02T21:05:18+00:00 HEADERS={"User-Agent":"okhttp\/4.12.0","Accept-Encoding":"gzip","Content-Length":"179","Content-Type":"application\/json","X-Api-Key":"YOUR_SECURE_RANDOM_KEY","Host":"wjin.upv.edu.es"}
2025-10-02T21:05:18+00:00 RAW={"mac":"E6:14:89:83:B3:B9","major":2818,"minor":500,"nombre":"GTI-3A","rssi":-49,"timestamp":1759439118241,"txPower":203,"uuid":"45:50:53:47:2d:47:54:49:2d:50:52:4f:59:2d:33:41:"}
2025-10-02T21:05:18+00:00 METHOD=POST
2025-10-02T21:05:18+00:00 HEADERS={"User-Agent":"okhttp\/4.12.0","Accept-Encoding":"gzip","Content-Length":"179","Content-Type":"application\/json","X-Api-Key":"YOUR_SECURE_RANDOM_KEY","Host":"wjin.upv.edu.es"}
2025-10-02T21:05:18+00:00 RAW={"mac":"E6:14:89:83:B3:B9","major":2818,"minor":500,"nombre":"GTI-3A","rssi":-49,"timestamp":1759439118307,"txPower":203,"uuid":"45:50:53:47:2d:47:54:49:2d:50:52:4f:59:2d:33:41:"}
2025-10-02T21:05:18+00:00 METHOD=POST
2025-10-02T21:05:18+00:00 HEADERS={"User-Agent":"okhttp\/4.12.0","Accept-Encoding":"gzip","Content-Length":"179","Content-Type":"application\/json","X-Api-Key":"YOUR_SECURE_RANDOM_KEY","Host":"wjin.upv.edu.es"}
2025-10-02T21:05:18+00:00 RAW={"mac":"E6:14:89:83:B3:B9","major":2818,"minor":500,"nombre":"GTI-3A","rssi":-50,"timestamp":1759439118374,"txPower":203,"uuid":"45:50:53:47:2d:47:54:49:2d:50:52:4f:59:2d:33:41:"}
2025-10-02T21:05:18+00:00 METHOD=POST
2025-10-02T21:05:18+00:00 HEADERS={"User-Agent":"okhttp\/4.12.0","Accept-Encoding":"gzip","Content-Length":"179","Content-Type":"application\/json","X-Api-Key":"YOUR_SECURE_RANDOM_KEY","Host":"wjin.upv.edu.es"}
2025-10-02T21:05:18+00:00 RAW={"mac":"E6:14:89:83:B3:B9","major":2818,"minor":500,"nombre":"GTI-3A","rssi":-49,"timestamp":1759439118441,"txPower":203,"uuid":"45:50:53:47:2d:47:54:49:2d:50:52:4f:59:2d:33:41:"}
2025-10-02T21:05:18+00:00 METHOD=POST
2025-10-02T21:05:18+00:00 HEADERS={"User-Agent":"okhttp\/4.12.0","Accept-Encoding":"gzip","Content-Length":"179","Content-Type":"application\/json","X-Api-Key":"YOUR_SECURE_RANDOM_KEY","Host":"wjin.upv.edu.es"}
2025-10-02T21:05:18+00:00 RAW={"mac":"E6:14:89:83:B3:B9","major":2818,"minor":500,"nombre":"GTI-3A","rssi":-49,"timestamp":1759439118506,"txPower":203,"uuid":"45:50:53:47:2d:47:54:49:2d:50:52:4f:59:2d:33:41:"}
2025-10-02T21:05:18+00:00 METHOD=POST
2025-10-02T21:05:18+00:00 HEADERS={"User-Agent":"okhttp\/4.12.0","Accept-Encoding":"gzip","Content-Length":"179","Content-Type":"application\/json","X-Api-Key":"YOUR_SECURE_RANDOM_KEY","Host":"wjin.upv.edu.es"}
2025-10-02T21:05:18+00:00 RAW={"mac":"E6:14:89:83:B3:B9","major":2818,"minor":500,"nombre":"GTI-3A","rssi":-49,"timestamp":1759439118574,"txPower":203,"uuid":"45:50:53:47:2d:47:54:49:2d:50:52:4f:59:2d:33:41:"}
2025-10-02T21:05:18+00:00 METHOD=POST
2025-10-02T21:05:18+00:00 HEADERS={"User-Agent":"okhttp\/4.12.0","Accept-Encoding":"gzip","Content-Length":"179","Content-Type":"application\/json","X-Api-Key":"YOUR_SECURE_RANDOM_KEY","Host":"wjin.upv.edu.es"}
2025-10-02T21:05:18+00:00 RAW={"mac":"E6:14:89:83:B3:B9","major":2818,"minor":500,"nombre":"GTI-3A","rssi":-49,"timestamp":1759439118632,"txPower":203,"uuid":"45:50:53:47:2d:47:54:49:2d:50:52:4f:59:2d:33:41:"}
2025-10-02T21:05:18+00:00 METHOD=POST
2025-10-02T21:05:18+00:00 HEADERS={"User-Agent":"okhttp\/4.12.0","Accept-Encoding":"gzip","Content-Length":"179","Content-Type":"application\/json","X-Api-Key":"YOUR_SECURE_RANDOM_KEY","Host":"wjin.upv.edu.es"}
2025-10-02T21:05:18+00:00 RAW={"mac":"E6:14:89:83:B3:B9","major":2818,"minor":500,"nombre":"GTI-3A","rssi":-49,"timestamp":1759439118690,"txPower":203,"uuid":"45:50:53:47:2d:47:54:49:2d:50:52:4f:59:2d:33:41:"}
2025-10-02T21:05:18+00:00 METHOD=POST
2025-10-02T21:05:18+00:00 HEADERS={"User-Agent":"okhttp\/4.12.0","Accept-Encoding":"gzip","Content-Length":"179","Content-Type":"application\/json","X-Api-Key":"YOUR_SECURE_RANDOM_KEY","Host":"wjin.upv.edu.es"}
2025-10-02T21:05:18+00:00 RAW={"mac":"E6:14:89:83:B3:B9","major":2818,"minor":500,"nombre":"GTI-3A","rssi":-49,"timestamp":1759439118767,"txPower":203,"uuid":"45:50:53:47:2d:47:54:49:2d:50:52:4f:59:2d:33:41:"}
2025-10-02T21:05:18+00:00 METHOD=POST
2025-10-02T21:05:18+00:00 HEADERS={"User-Agent":"okhttp\/4.12.0","Accept-Encoding":"gzip","Content-Length":"178","Content-Type":"application\/json","X-Api-Key":"YOUR_SECURE_RANDOM_KEY","Host":"wjin.upv.edu.es"}
2025-10-02T21:05:18+00:00 RAW={"mac":"E6:14:89:83:B3:B9","major":3074,"minor":10,"nombre":"GTI-3A","rssi":-49,"timestamp":1759439118836,"txPower":203,"uuid":"45:50:53:47:2d:47:54:49:2d:50:52:4f:59:2d:33:41:"}
2025-10-02T21:05:18+00:00 METHOD=POST
2025-10-02T21:05:18+00:00 HEADERS={"User-Agent":"okhttp\/4.12.0","Accept-Encoding":"gzip","Content-Length":"178","Content-Type":"application\/json","X-Api-Key":"YOUR_SECURE_RANDOM_KEY","Host":"wjin.upv.edu.es"}
2025-10-02T21:05:18+00:00 RAW={"mac":"E6:14:89:83:B3:B9","major":3074,"minor":10,"nombre":"GTI-3A","rssi":-49,"timestamp":1759439118901,"txPower":203,"uuid":"45:50:53:47:2d:47:54:49:2d:50:52:4f:59:2d:33:41:"}
2025-10-02T21:05:19+00:00 METHOD=POST
2025-10-02T21:05:19+00:00 HEADERS={"User-Agent":"okhttp\/4.12.0","Accept-Encoding":"gzip","Content-Length":"178","Content-Type":"application\/json","X-Api-Key":"YOUR_SECURE_RANDOM_KEY","Host":"wjin.upv.edu.es"}
2025-10-02T21:05:19+00:00 RAW={"mac":"E6:14:89:83:B3:B9","major":3074,"minor":10,"nombre":"GTI-3A","rssi":-49,"timestamp":1759439118981,"txPower":203,"uuid":"45:50:53:47:2d:47:54:49:2d:50:52:4f:59:2d:33:41:"}
2025-10-02T21:05:19+00:00 METHOD=POST
2025-10-02T21:05:19+00:00 HEADERS={"User-Agent":"okhttp\/4.12.0","Accept-Encoding":"gzip","Content-Length":"178","Content-Type":"application\/json","X-Api-Key":"YOUR_SECURE_RANDOM_KEY","Host":"wjin.upv.edu.es"}
2025-10-02T21:05:19+00:00 RAW={"mac":"E6:14:89:83:B3:B9","major":3074,"minor":10,"nombre":"GTI-3A","rssi":-50,"timestamp":1759439119038,"txPower":203,"uuid":"45:50:53:47:2d:47:54:49:2d:50:52:4f:59:2d:33:41:"}
2025-10-02T21:05:19+00:00 METHOD=POST
2025-10-02T21:05:19+00:00 HEADERS={"User-Agent":"okhttp\/4.12.0","Accept-Encoding":"gzip","Content-Length":"178","Content-Type":"application\/json","X-Api-Key":"YOUR_SECURE_RANDOM_KEY","Host":"wjin.upv.edu.es"}
2025-10-02T21:05:19+00:00 RAW={"mac":"E6:14:89:83:B3:B9","major":3074,"minor":10,"nombre":"GTI-3A","rssi":-49,"timestamp":1759439119109,"txPower":203,"uuid":"45:50:53:47:2d:47:54:49:2d:50:52:4f:59:2d:33:41:"}
2025-10-02T21:05:19+00:00 METHOD=POST
2025-10-02T21:05:19+00:00 HEADERS={"User-Agent":"okhttp\/4.12.0","Accept-Encoding":"gzip","Content-Length":"178","Content-Type":"application\/json","X-Api-Key":"YOUR_SECURE_RANDOM_KEY","Host":"wjin.upv.edu.es"}
2025-10-02T21:05:19+00:00 RAW={"mac":"E6:14:89:83:B3:B9","major":3074,"minor":10,"nombre":"GTI-3A","rssi":-49,"timestamp":1759439119180,"txPower":203,"uuid":"45:50:53:47:2d:47:54:49:2d:50:52:4f:59:2d:33:41:"}
2025-10-02T21:05:19+00:00 METHOD=POST
2025-10-02T21:05:19+00:00 HEADERS={"User-Agent":"okhttp\/4.12.0","Accept-Encoding":"gzip","Content-Length":"178","Content-Type":"application\/json","X-Api-Key":"YOUR_SECURE_RANDOM_KEY","Host":"wjin.upv.edu.es"}
2025-10-02T21:05:19+00:00 RAW={"mac":"E6:14:89:83:B3:B9","major":3074,"minor":10,"nombre":"GTI-3A","rssi":-49,"timestamp":1759439119243,"txPower":203,"uuid":"45:50:53:47:2d:47:54:49:2d:50:52:4f:59:2d:33:41:"}
2025-10-02T21:05:19+00:00 METHOD=POST
2025-10-02T21:05:19+00:00 HEADERS={"User-Agent":"okhttp\/4.12.0","Accept-Encoding":"gzip","Content-Length":"178","Content-Type":"application\/json","X-Api-Key":"YOUR_SECURE_RANDOM_KEY","Host":"wjin.upv.edu.es"}
2025-10-02T21:05:19+00:00 RAW={"mac":"E6:14:89:83:B3:B9","major":3074,"minor":10,"nombre":"GTI-3A","rssi":-49,"timestamp":1759439119319,"txPower":203,"uuid":"45:50:53:47:2d:47:54:49:2d:50:52:4f:59:2d:33:41:"}
2025-10-02T21:05:19+00:00 METHOD=POST
2025-10-02T21:05:19+00:00 HEADERS={"User-Agent":"okhttp\/4.12.0","Accept-Encoding":"gzip","Content-Length":"178","Content-Type":"application\/json","X-Api-Key":"YOUR_SECURE_RANDOM_KEY","Host":"wjin.upv.edu.es"}
2025-10-02T21:05:19+00:00 RAW={"mac":"E6:14:89:83:B3:B9","major":3074,"minor":10,"nombre":"GTI-3A","rssi":-49,"timestamp":1759439119380,"txPower":203,"uuid":"45:50:53:47:2d:47:54:49:2d:50:52:4f:59:2d:33:41:"}
2025-10-02T21:05:19+00:00 METHOD=POST
2025-10-02T21:05:19+00:00 HEADERS={"User-Agent":"okhttp\/4.12.0","Accept-Encoding":"gzip","Content-Length":"178","Content-Type":"application\/json","X-Api-Key":"YOUR_SECURE_RANDOM_KEY","Host":"wjin.upv.edu.es"}
2025-10-02T21:05:19+00:00 RAW={"mac":"E6:14:89:83:B3:B9","major":3074,"minor":10,"nombre":"GTI-3A","rssi":-49,"timestamp":1759439119445,"txPower":203,"uuid":"45:50:53:47:2d:47:54:49:2d:50:52:4f:59:2d:33:41:"}
2025-10-02T21:05:19+00:00 METHOD=POST
2025-10-02T21:05:19+00:00 HEADERS={"User-Agent":"okhttp\/4.12.0","Accept-Encoding":"gzip","Content-Length":"178","Content-Type":"application\/json","X-Api-Key":"YOUR_SECURE_RANDOM_KEY","Host":"wjin.upv.edu.es"}
2025-10-02T21:05:19+00:00 RAW={"mac":"E6:14:89:83:B3:B9","major":3074,"minor":10,"nombre":"GTI-3A","rssi":-49,"timestamp":1759439119509,"txPower":203,"uuid":"45:50:53:47:2d:47:54:49:2d:50:52:4f:59:2d:33:41:"}
2025-10-02T21:05:19+00:00 METHOD=POST
2025-10-02T21:05:19+00:00 HEADERS={"User-Agent":"okhttp\/4.12.0","Accept-Encoding":"gzip","Content-Length":"178","Content-Type":"application\/json","X-Api-Key":"YOUR_SECURE_RANDOM_KEY","Host":"wjin.upv.edu.es"}
2025-10-02T21:05:19+00:00 RAW={"mac":"E6:14:89:83:B3:B9","major":3074,"minor":10,"nombre":"GTI-3A","rssi":-49,"timestamp":1759439119574,"txPower":203,"uuid":"45:50:53:47:2d:47:54:49:2d:50:52:4f:59:2d:33:41:"}
2025-10-02T21:05:19+00:00 METHOD=POST
2025-10-02T21:05:19+00:00 HEADERS={"User-Agent":"okhttp\/4.12.0","Accept-Encoding":"gzip","Content-Length":"178","Content-Type":"application\/json","X-Api-Key":"YOUR_SECURE_RANDOM_KEY","Host":"wjin.upv.edu.es"}
2025-10-02T21:05:19+00:00 RAW={"mac":"E6:14:89:83:B3:B9","major":3074,"minor":10,"nombre":"GTI-3A","rssi":-49,"timestamp":1759439119705,"txPower":203,"uuid":"45:50:53:47:2d:47:54:49:2d:50:52:4f:59:2d:33:41:"}
2025-10-02T21:05:19+00:00 METHOD=POST
2025-10-02T21:05:19+00:00 HEADERS={"User-Agent":"okhttp\/4.12.0","Accept-Encoding":"gzip","Content-Length":"178","Content-Type":"application\/json","X-Api-Key":"YOUR_SECURE_RANDOM_KEY","Host":"wjin.upv.edu.es"}
2025-10-02T21:05:19+00:00 RAW={"mac":"E6:14:89:83:B3:B9","major":3074,"minor":10,"nombre":"GTI-3A","rssi":-49,"timestamp":1759439119788,"txPower":203,"uuid":"45:50:53:47:2d:47:54:49:2d:50:52:4f:59:2d:33:41:"}
2025-10-02T21:05:19+00:00 METHOD=POST
2025-10-02T21:05:19+00:00 HEADERS={"User-Agent":"okhttp\/4.12.0","Accept-Encoding":"gzip","Content-Length":"181","Content-Type":"application\/json","X-Api-Key":"YOUR_SECURE_RANDOM_KEY","Host":"wjin.upv.edu.es"}
2025-10-02T21:05:19+00:00 RAW={"mac":"E6:14:89:83:B3:B9","major":14880,"minor":24931,"nombre":"GTI-3A","rssi":-49,"timestamp":1759439119821,"txPower":97,"uuid":"4d:6f:6c:61:00:2d:2d:2d:2d:20:6c:6f:6f:70:28:29:"}
2025-10-02T21:05:19+00:00 METHOD=POST
2025-10-02T21:05:19+00:00 HEADERS={"User-Agent":"okhttp\/4.12.0","Accept-Encoding":"gzip","Content-Length":"181","Content-Type":"application\/json","X-Api-Key":"YOUR_SECURE_RANDOM_KEY","Host":"wjin.upv.edu.es"}
2025-10-02T21:05:19+00:00 RAW={"mac":"E6:14:89:83:B3:B9","major":14880,"minor":24931,"nombre":"GTI-3A","rssi":-49,"timestamp":1759439119893,"txPower":97,"uuid":"4d:6f:6c:61:00:2d:2d:2d:2d:20:6c:6f:6f:70:28:29:"}
2025-10-02T21:05:20+00:00 METHOD=POST
2025-10-02T21:05:20+00:00 HEADERS={"User-Agent":"okhttp\/4.12.0","Accept-Encoding":"gzip","Content-Length":"181","Content-Type":"application\/json","X-Api-Key":"YOUR_SECURE_RANDOM_KEY","Host":"wjin.upv.edu.es"}
2025-10-02T21:05:20+00:00 RAW={"mac":"E6:14:89:83:B3:B9","major":14880,"minor":24931,"nombre":"GTI-3A","rssi":-49,"timestamp":1759439119965,"txPower":97,"uuid":"4d:6f:6c:61:00:2d:2d:2d:2d:20:6c:6f:6f:70:28:29:"}
2025-10-02T21:05:20+00:00 METHOD=POST
2025-10-02T21:05:20+00:00 HEADERS={"User-Agent":"okhttp\/4.12.0","Accept-Encoding":"gzip","Content-Length":"181","Content-Type":"application\/json","X-Api-Key":"YOUR_SECURE_RANDOM_KEY","Host":"wjin.upv.edu.es"}
2025-10-02T21:05:20+00:00 RAW={"mac":"E6:14:89:83:B3:B9","major":14880,"minor":24931,"nombre":"GTI-3A","rssi":-49,"timestamp":1759439120032,"txPower":97,"uuid":"4d:6f:6c:61:00:2d:2d:2d:2d:20:6c:6f:6f:70:28:29:"}
2025-10-02T21:05:20+00:00 METHOD=POST
2025-10-02T21:05:20+00:00 HEADERS={"User-Agent":"okhttp\/4.12.0","Accept-Encoding":"gzip","Content-Length":"181","Content-Type":"application\/json","X-Api-Key":"YOUR_SECURE_RANDOM_KEY","Host":"wjin.upv.edu.es"}
2025-10-02T21:05:20+00:00 RAW={"mac":"E6:14:89:83:B3:B9","major":14880,"minor":24931,"nombre":"GTI-3A","rssi":-49,"timestamp":1759439120101,"txPower":97,"uuid":"4d:6f:6c:61:00:2d:2d:2d:2d:20:6c:6f:6f:70:28:29:"}
2025-10-02T21:05:20+00:00 METHOD=POST
2025-10-02T21:05:20+00:00 HEADERS={"User-Agent":"okhttp\/4.12.0","Accept-Encoding":"gzip","Content-Length":"181","Content-Type":"application\/json","X-Api-Key":"YOUR_SECURE_RANDOM_KEY","Host":"wjin.upv.edu.es"}
2025-10-02T21:05:20+00:00 RAW={"mac":"E6:14:89:83:B3:B9","major":14880,"minor":24931,"nombre":"GTI-3A","rssi":-49,"timestamp":1759439120168,"txPower":97,"uuid":"4d:6f:6c:61:00:2d:2d:2d:2d:20:6c:6f:6f:70:28:29:"}
2025-10-02T21:05:20+00:00 METHOD=POST
2025-10-02T21:05:20+00:00 HEADERS={"User-Agent":"okhttp\/4.12.0","Accept-Encoding":"gzip","Content-Length":"181","Content-Type":"application\/json","X-Api-Key":"YOUR_SECURE_RANDOM_KEY","Host":"wjin.upv.edu.es"}
2025-10-02T21:05:20+00:00 RAW={"mac":"E6:14:89:83:B3:B9","major":14880,"minor":24931,"nombre":"GTI-3A","rssi":-50,"timestamp":1759439120239,"txPower":97,"uuid":"4d:6f:6c:61:00:2d:2d:2d:2d:20:6c:6f:6f:70:28:29:"}
2025-10-02T21:05:20+00:00 METHOD=POST
2025-10-02T21:05:20+00:00 HEADERS={"User-Agent":"okhttp\/4.12.0","Accept-Encoding":"gzip","Content-Length":"181","Content-Type":"application\/json","X-Api-Key":"YOUR_SECURE_RANDOM_KEY","Host":"wjin.upv.edu.es"}
2025-10-02T21:05:20+00:00 RAW={"mac":"E6:14:89:83:B3:B9","major":14880,"minor":24931,"nombre":"GTI-3A","rssi":-49,"timestamp":1759439120305,"txPower":97,"uuid":"4d:6f:6c:61:00:2d:2d:2d:2d:20:6c:6f:6f:70:28:29:"}
2025-10-02T21:05:20+00:00 METHOD=POST
2025-10-02T21:05:20+00:00 HEADERS={"User-Agent":"okhttp\/4.12.0","Accept-Encoding":"gzip","Content-Length":"181","Content-Type":"application\/json","X-Api-Key":"YOUR_SECURE_RANDOM_KEY","Host":"wjin.upv.edu.es"}
2025-10-02T21:05:20+00:00 RAW={"mac":"E6:14:89:83:B3:B9","major":14880,"minor":24931,"nombre":"GTI-3A","rssi":-49,"timestamp":1759439120376,"txPower":97,"uuid":"4d:6f:6c:61:00:2d:2d:2d:2d:20:6c:6f:6f:70:28:29:"}
2025-10-02T21:05:20+00:00 METHOD=POST
2025-10-02T21:05:20+00:00 HEADERS={"User-Agent":"okhttp\/4.12.0","Accept-Encoding":"gzip","Content-Length":"181","Content-Type":"application\/json","X-Api-Key":"YOUR_SECURE_RANDOM_KEY","Host":"wjin.upv.edu.es"}
2025-10-02T21:05:20+00:00 RAW={"mac":"E6:14:89:83:B3:B9","major":14880,"minor":24931,"nombre":"GTI-3A","rssi":-49,"timestamp":1759439120435,"txPower":97,"uuid":"4d:6f:6c:61:00:2d:2d:2d:2d:20:6c:6f:6f:70:28:29:"}
2025-10-02T21:05:20+00:00 METHOD=POST
2025-10-02T21:05:20+00:00 HEADERS={"User-Agent":"okhttp\/4.12.0","Accept-Encoding":"gzip","Content-Length":"181","Content-Type":"application\/json","X-Api-Key":"YOUR_SECURE_RANDOM_KEY","Host":"wjin.upv.edu.es"}
2025-10-02T21:05:20+00:00 RAW={"mac":"E6:14:89:83:B3:B9","major":14880,"minor":24931,"nombre":"GTI-3A","rssi":-49,"timestamp":1759439120511,"txPower":97,"uuid":"4d:6f:6c:61:00:2d:2d:2d:2d:20:6c:6f:6f:70:28:29:"}
2025-10-02T21:05:20+00:00 METHOD=POST
2025-10-02T21:05:20+00:00 HEADERS={"User-Agent":"okhttp\/4.12.0","Accept-Encoding":"gzip","Content-Length":"181","Content-Type":"application\/json","X-Api-Key":"YOUR_SECURE_RANDOM_KEY","Host":"wjin.upv.edu.es"}
2025-10-02T21:05:20+00:00 RAW={"mac":"E6:14:89:83:B3:B9","major":14880,"minor":24931,"nombre":"GTI-3A","rssi":-49,"timestamp":1759439120576,"txPower":97,"uuid":"4d:6f:6c:61:00:2d:2d:2d:2d:20:6c:6f:6f:70:28:29:"}
2025-10-02T21:05:20+00:00 METHOD=POST
2025-10-02T21:05:20+00:00 HEADERS={"User-Agent":"okhttp\/4.12.0","Accept-Encoding":"gzip","Content-Length":"181","Content-Type":"application\/json","X-Api-Key":"YOUR_SECURE_RANDOM_KEY","Host":"wjin.upv.edu.es"}
2025-10-02T21:05:20+00:00 RAW={"mac":"E6:14:89:83:B3:B9","major":14880,"minor":24931,"nombre":"GTI-3A","rssi":-49,"timestamp":1759439120641,"txPower":97,"uuid":"4d:6f:6c:61:00:2d:2d:2d:2d:20:6c:6f:6f:70:28:29:"}
2025-10-02T21:05:20+00:00 METHOD=POST
2025-10-02T21:05:20+00:00 HEADERS={"User-Agent":"okhttp\/4.12.0","Accept-Encoding":"gzip","Content-Length":"181","Content-Type":"application\/json","X-Api-Key":"YOUR_SECURE_RANDOM_KEY","Host":"wjin.upv.edu.es"}
2025-10-02T21:05:20+00:00 RAW={"mac":"E6:14:89:83:B3:B9","major":14880,"minor":24931,"nombre":"GTI-3A","rssi":-49,"timestamp":1759439120712,"txPower":97,"uuid":"4d:6f:6c:61:00:2d:2d:2d:2d:20:6c:6f:6f:70:28:29:"}
2025-10-02T21:05:20+00:00 METHOD=POST
2025-10-02T21:05:20+00:00 HEADERS={"User-Agent":"okhttp\/4.12.0","Accept-Encoding":"gzip","Content-Length":"181","Content-Type":"application\/json","X-Api-Key":"YOUR_SECURE_RANDOM_KEY","Host":"wjin.upv.edu.es"}
2025-10-02T21:05:20+00:00 RAW={"mac":"E6:14:89:83:B3:B9","major":14880,"minor":24931,"nombre":"GTI-3A","rssi":-49,"timestamp":1759439120795,"txPower":97,"uuid":"4d:6f:6c:61:00:2d:2d:2d:2d:20:6c:6f:6f:70:28:29:"}
2025-10-02T21:05:20+00:00 METHOD=POST
2025-10-02T21:05:20+00:00 HEADERS={"User-Agent":"okhttp\/4.12.0","Accept-Encoding":"gzip","Content-Length":"181","Content-Type":"application\/json","X-Api-Key":"YOUR_SECURE_RANDOM_KEY","Host":"wjin.upv.edu.es"}
2025-10-02T21:05:20+00:00 RAW={"mac":"E6:14:89:83:B3:B9","major":14880,"minor":24931,"nombre":"GTI-3A","rssi":-48,"timestamp":1759439120857,"txPower":97,"uuid":"4d:6f:6c:61:00:2d:2d:2d:2d:20:6c:6f:6f:70:28:29:"}
2025-10-02T21:05:20+00:00 METHOD=POST
2025-10-02T21:05:20+00:00 HEADERS={"User-Agent":"okhttp\/4.12.0","Accept-Encoding":"gzip","Content-Length":"181","Content-Type":"application\/json","X-Api-Key":"YOUR_SECURE_RANDOM_KEY","Host":"wjin.upv.edu.es"}
2025-10-02T21:05:20+00:00 RAW={"mac":"E6:14:89:83:B3:B9","major":14880,"minor":24931,"nombre":"GTI-3A","rssi":-49,"timestamp":1759439120925,"txPower":97,"uuid":"4d:6f:6c:61:00:2d:2d:2d:2d:20:6c:6f:6f:70:28:29:"}
2025-10-02T21:05:21+00:00 METHOD=POST
2025-10-02T21:05:21+00:00 HEADERS={"User-Agent":"okhttp\/4.12.0","Accept-Encoding":"gzip","Content-Length":"181","Content-Type":"application\/json","X-Api-Key":"YOUR_SECURE_RANDOM_KEY","Host":"wjin.upv.edu.es"}
2025-10-02T21:05:21+00:00 RAW={"mac":"E6:14:89:83:B3:B9","major":14880,"minor":24931,"nombre":"GTI-3A","rssi":-49,"timestamp":1759439120996,"txPower":97,"uuid":"4d:6f:6c:61:00:2d:2d:2d:2d:20:6c:6f:6f:70:28:29:"}
2025-10-02T21:05:21+00:00 METHOD=POST
2025-10-02T21:05:21+00:00 HEADERS={"User-Agent":"okhttp\/4.12.0","Accept-Encoding":"gzip","Content-Length":"181","Content-Type":"application\/json","X-Api-Key":"YOUR_SECURE_RANDOM_KEY","Host":"wjin.upv.edu.es"}
2025-10-02T21:05:21+00:00 RAW={"mac":"E6:14:89:83:B3:B9","major":14880,"minor":24931,"nombre":"GTI-3A","rssi":-49,"timestamp":1759439121065,"txPower":97,"uuid":"4d:6f:6c:61:00:2d:2d:2d:2d:20:6c:6f:6f:70:28:29:"}
2025-10-02T21:05:21+00:00 METHOD=POST
2025-10-02T21:05:21+00:00 HEADERS={"User-Agent":"okhttp\/4.12.0","Accept-Encoding":"gzip","Content-Length":"181","Content-Type":"application\/json","X-Api-Key":"YOUR_SECURE_RANDOM_KEY","Host":"wjin.upv.edu.es"}
2025-10-02T21:05:21+00:00 RAW={"mac":"E6:14:89:83:B3:B9","major":14880,"minor":24931,"nombre":"GTI-3A","rssi":-49,"timestamp":1759439121140,"txPower":97,"uuid":"4d:6f:6c:61:00:2d:2d:2d:2d:20:6c:6f:6f:70:28:29:"}
2025-10-02T21:05:21+00:00 METHOD=POST
2025-10-02T21:05:21+00:00 HEADERS={"User-Agent":"okhttp\/4.12.0","Accept-Encoding":"gzip","Content-Length":"181","Content-Type":"application\/json","X-Api-Key":"YOUR_SECURE_RANDOM_KEY","Host":"wjin.upv.edu.es"}
2025-10-02T21:05:21+00:00 RAW={"mac":"E6:14:89:83:B3:B9","major":14880,"minor":24931,"nombre":"GTI-3A","rssi":-49,"timestamp":1759439121194,"txPower":97,"uuid":"4d:6f:6c:61:00:2d:2d:2d:2d:20:6c:6f:6f:70:28:29:"}
2025-10-02T21:05:21+00:00 METHOD=POST
2025-10-02T21:05:21+00:00 HEADERS={"User-Agent":"okhttp\/4.12.0","Accept-Encoding":"gzip","Content-Length":"181","Content-Type":"application\/json","X-Api-Key":"YOUR_SECURE_RANDOM_KEY","Host":"wjin.upv.edu.es"}
2025-10-02T21:05:21+00:00 RAW={"mac":"E6:14:89:83:B3:B9","major":14880,"minor":24931,"nombre":"GTI-3A","rssi":-49,"timestamp":1759439121271,"txPower":97,"uuid":"4d:6f:6c:61:00:2d:2d:2d:2d:20:6c:6f:6f:70:28:29:"}
2025-10-02T21:05:21+00:00 METHOD=POST
2025-10-02T21:05:21+00:00 HEADERS={"User-Agent":"okhttp\/4.12.0","Accept-Encoding":"gzip","Content-Length":"181","Content-Type":"application\/json","X-Api-Key":"YOUR_SECURE_RANDOM_KEY","Host":"wjin.upv.edu.es"}
2025-10-02T21:05:21+00:00 RAW={"mac":"E6:14:89:83:B3:B9","major":14880,"minor":24931,"nombre":"GTI-3A","rssi":-49,"timestamp":1759439121329,"txPower":97,"uuid":"4d:6f:6c:61:00:2d:2d:2d:2d:20:6c:6f:6f:70:28:29:"}
2025-10-02T21:05:21+00:00 METHOD=POST
2025-10-02T21:05:21+00:00 HEADERS={"User-Agent":"okhttp\/4.12.0","Accept-Encoding":"gzip","Content-Length":"181","Content-Type":"application\/json","X-Api-Key":"YOUR_SECURE_RANDOM_KEY","Host":"wjin.upv.edu.es"}
2025-10-02T21:05:21+00:00 RAW={"mac":"E6:14:89:83:B3:B9","major":14880,"minor":24931,"nombre":"GTI-3A","rssi":-49,"timestamp":1759439121397,"txPower":97,"uuid":"4d:6f:6c:61:00:2d:2d:2d:2d:20:6c:6f:6f:70:28:29:"}
2025-10-02T21:05:21+00:00 METHOD=POST
2025-10-02T21:05:21+00:00 HEADERS={"User-Agent":"okhttp\/4.12.0","Accept-Encoding":"gzip","Content-Length":"181","Content-Type":"application\/json","X-Api-Key":"YOUR_SECURE_RANDOM_KEY","Host":"wjin.upv.edu.es"}
2025-10-02T21:05:21+00:00 RAW={"mac":"E6:14:89:83:B3:B9","major":14880,"minor":24931,"nombre":"GTI-3A","rssi":-49,"timestamp":1759439121462,"txPower":97,"uuid":"4d:6f:6c:61:00:2d:2d:2d:2d:20:6c:6f:6f:70:28:29:"}
2025-10-02T21:05:21+00:00 METHOD=POST
2025-10-02T21:05:21+00:00 HEADERS={"User-Agent":"okhttp\/4.12.0","Accept-Encoding":"gzip","Content-Length":"181","Content-Type":"application\/json","X-Api-Key":"YOUR_SECURE_RANDOM_KEY","Host":"wjin.upv.edu.es"}
2025-10-02T21:05:21+00:00 RAW={"mac":"E6:14:89:83:B3:B9","major":14880,"minor":24931,"nombre":"GTI-3A","rssi":-48,"timestamp":1759439121532,"txPower":97,"uuid":"4d:6f:6c:61:00:2d:2d:2d:2d:20:6c:6f:6f:70:28:29:"}
2025-10-02T21:05:21+00:00 METHOD=POST
2025-10-02T21:05:21+00:00 HEADERS={"User-Agent":"okhttp\/4.12.0","Accept-Encoding":"gzip","Content-Length":"181","Content-Type":"application\/json","X-Api-Key":"YOUR_SECURE_RANDOM_KEY","Host":"wjin.upv.edu.es"}
2025-10-02T21:05:21+00:00 RAW={"mac":"E6:14:89:83:B3:B9","major":14880,"minor":24931,"nombre":"GTI-3A","rssi":-49,"timestamp":1759439121606,"txPower":97,"uuid":"4d:6f:6c:61:00:2d:2d:2d:2d:20:6c:6f:6f:70:28:29:"}
2025-10-02T21:05:21+00:00 METHOD=POST
2025-10-02T21:05:21+00:00 HEADERS={"User-Agent":"okhttp\/4.12.0","Accept-Encoding":"gzip","Content-Length":"181","Content-Type":"application\/json","X-Api-Key":"YOUR_SECURE_RANDOM_KEY","Host":"wjin.upv.edu.es"}
2025-10-02T21:05:21+00:00 RAW={"mac":"E6:14:89:83:B3:B9","major":14880,"minor":24931,"nombre":"GTI-3A","rssi":-49,"timestamp":1759439121673,"txPower":97,"uuid":"4d:6f:6c:61:00:2d:2d:2d:2d:20:6c:6f:6f:70:28:29:"}
2025-10-02T21:05:21+00:00 METHOD=POST
2025-10-02T21:05:21+00:00 HEADERS={"User-Agent":"okhttp\/4.12.0","Accept-Encoding":"gzip","Content-Length":"181","Content-Type":"application\/json","X-Api-Key":"YOUR_SECURE_RANDOM_KEY","Host":"wjin.upv.edu.es"}
2025-10-02T21:05:21+00:00 RAW={"mac":"E6:14:89:83:B3:B9","major":14880,"minor":24931,"nombre":"GTI-3A","rssi":-49,"timestamp":1759439121748,"txPower":97,"uuid":"4d:6f:6c:61:00:2d:2d:2d:2d:20:6c:6f:6f:70:28:29:"}
2025-10-02T21:05:21+00:00 METHOD=POST
2025-10-02T21:05:21+00:00 HEADERS={"User-Agent":"okhttp\/4.12.0","Accept-Encoding":"gzip","Content-Length":"181","Content-Type":"application\/json","X-Api-Key":"YOUR_SECURE_RANDOM_KEY","Host":"wjin.upv.edu.es"}
2025-10-02T21:05:21+00:00 RAW={"mac":"E6:14:89:83:B3:B9","major":14880,"minor":24931,"nombre":"GTI-3A","rssi":-49,"timestamp":1759439121816,"txPower":97,"uuid":"4d:6f:6c:61:00:2d:2d:2d:2d:20:6c:6f:6f:70:28:29:"}
2025-10-06T21:50:05+00:00 METHOD=POST
2025-10-06T21:50:05+00:00 HEADERS={"User-Agent":"okhttp\/4.12.0","Accept-Encoding":"gzip","Content-Length":"179","Content-Type":"application\/json","X-Api-Key":"YOUR_SECURE_RANDOM_KEY","Host":"wjin.upv.edu.es"}
2025-10-06T21:50:05+00:00 RAW={"mac":"E6:14:89:83:B3:B9","major":2853,"minor":500,"nombre":"GTI-3A","rssi":-57,"timestamp":1759787406055,"txPower":203,"uuid":"45:50:53:47:2d:47:54:49:2d:50:52:4f:59:2d:33:41:"}
2025-10-06T21:50:05+00:00 METHOD=POST
2025-10-06T21:50:05+00:00 HEADERS={"User-Agent":"okhttp\/4.12.0","Accept-Encoding":"gzip","Content-Length":"179","Content-Type":"application\/json","X-Api-Key":"YOUR_SECURE_RANDOM_KEY","Host":"wjin.upv.edu.es"}
2025-10-06T21:50:05+00:00 RAW={"mac":"E6:14:89:83:B3:B9","major":2853,"minor":500,"nombre":"GTI-3A","rssi":-62,"timestamp":1759787405922,"txPower":203,"uuid":"45:50:53:47:2d:47:54:49:2d:50:52:4f:59:2d:33:41:"}
2025-10-06T21:50:05+00:00 METHOD=POST
2025-10-06T21:50:05+00:00 HEADERS={"User-Agent":"okhttp\/4.12.0","Accept-Encoding":"gzip","Content-Length":"179","Content-Type":"application\/json","X-Api-Key":"YOUR_SECURE_RANDOM_KEY","Host":"wjin.upv.edu.es"}
2025-10-06T21:50:05+00:00 RAW={"mac":"E6:14:89:83:B3:B9","major":2853,"minor":500,"nombre":"GTI-3A","rssi":-57,"timestamp":1759787405938,"txPower":203,"uuid":"45:50:53:47:2d:47:54:49:2d:50:52:4f:59:2d:33:41:"}
2025-10-06T21:50:05+00:00 METHOD=POST
2025-10-06T21:50:06+00:00 HEADERS={"User-Agent":"okhttp\/4.12.0","Accept-Encoding":"gzip","Content-Length":"179","Content-Type":"application\/json","X-Api-Key":"YOUR_SECURE_RANDOM_KEY","Host":"wjin.upv.edu.es"}
2025-10-06T21:50:06+00:00 RAW={"mac":"E6:14:89:83:B3:B9","major":2853,"minor":500,"nombre":"GTI-3A","rssi":-62,"timestamp":1759787405873,"txPower":203,"uuid":"45:50:53:47:2d:47:54:49:2d:50:52:4f:59:2d:33:41:"}
2025-10-06T21:50:06+00:00 METHOD=POST
2025-10-06T21:50:06+00:00 HEADERS={"User-Agent":"okhttp\/4.12.0","Accept-Encoding":"gzip","Content-Length":"179","Content-Type":"application\/json","X-Api-Key":"YOUR_SECURE_RANDOM_KEY","Host":"wjin.upv.edu.es"}
2025-10-06T21:50:06+00:00 RAW={"mac":"E6:14:89:83:B3:B9","major":2853,"minor":500,"nombre":"GTI-3A","rssi":-57,"timestamp":1759787406191,"txPower":203,"uuid":"45:50:53:47:2d:47:54:49:2d:50:52:4f:59:2d:33:41:"}
2025-10-06T21:50:06+00:00 METHOD=POST
2025-10-06T21:50:06+00:00 HEADERS={"User-Agent":"okhttp\/4.12.0","Accept-Encoding":"gzip","Content-Length":"179","Content-Type":"application\/json","X-Api-Key":"YOUR_SECURE_RANDOM_KEY","Host":"wjin.upv.edu.es"}
2025-10-06T21:50:06+00:00 RAW={"mac":"E6:14:89:83:B3:B9","major":2853,"minor":500,"nombre":"GTI-3A","rssi":-56,"timestamp":1759787406253,"txPower":203,"uuid":"45:50:53:47:2d:47:54:49:2d:50:52:4f:59:2d:33:41:"}
2025-10-06T21:50:06+00:00 METHOD=POST
2025-10-06T21:50:06+00:00 HEADERS={"User-Agent":"okhttp\/4.12.0","Accept-Encoding":"gzip","Content-Length":"179","Content-Type":"application\/json","X-Api-Key":"YOUR_SECURE_RANDOM_KEY","Host":"wjin.upv.edu.es"}
2025-10-06T21:50:06+00:00 RAW={"mac":"E6:14:89:83:B3:B9","major":2853,"minor":500,"nombre":"GTI-3A","rssi":-58,"timestamp":1759787406327,"txPower":203,"uuid":"45:50:53:47:2d:47:54:49:2d:50:52:4f:59:2d:33:41:"}
2025-10-06T21:50:06+00:00 METHOD=POST
2025-10-06T21:50:06+00:00 HEADERS={"User-Agent":"okhttp\/4.12.0","Accept-Encoding":"gzip","Content-Length":"179","Content-Type":"application\/json","X-Api-Key":"YOUR_SECURE_RANDOM_KEY","Host":"wjin.upv.edu.es"}
2025-10-06T21:50:06+00:00 RAW={"mac":"E6:14:89:83:B3:B9","major":2853,"minor":500,"nombre":"GTI-3A","rssi":-62,"timestamp":1759787406396,"txPower":203,"uuid":"45:50:53:47:2d:47:54:49:2d:50:52:4f:59:2d:33:41:"}
2025-10-06T21:50:06+00:00 METHOD=POST
2025-10-06T21:50:06+00:00 METHOD=POST
2025-10-06T21:50:06+00:00 HEADERS={"User-Agent":"okhttp\/4.12.0","Accept-Encoding":"gzip","Content-Length":"179","Content-Type":"application\/json","X-Api-Key":"YOUR_SECURE_RANDOM_KEY","Host":"wjin.upv.edu.es"}
2025-10-06T21:50:06+00:00 HEADERS={"User-Agent":"okhttp\/4.12.0","Accept-Encoding":"gzip","Content-Length":"179","Content-Type":"application\/json","X-Api-Key":"YOUR_SECURE_RANDOM_KEY","Host":"wjin.upv.edu.es"}
2025-10-06T21:50:06+00:00 RAW={"mac":"E6:14:89:83:B3:B9","major":2853,"minor":500,"nombre":"GTI-3A","rssi":-62,"timestamp":1759787406456,"txPower":203,"uuid":"45:50:53:47:2d:47:54:49:2d:50:52:4f:59:2d:33:41:"}
2025-10-06T21:50:06+00:00 RAW={"mac":"E6:14:89:83:B3:B9","major":2853,"minor":500,"nombre":"GTI-3A","rssi":-58,"timestamp":1759787406597,"txPower":203,"uuid":"45:50:53:47:2d:47:54:49:2d:50:52:4f:59:2d:33:41:"}
2025-10-06T21:50:06+00:00 METHOD=POST
2025-10-06T21:50:06+00:00 HEADERS={"User-Agent":"okhttp\/4.12.0","Accept-Encoding":"gzip","Content-Length":"179","Content-Type":"application\/json","X-Api-Key":"YOUR_SECURE_RANDOM_KEY","Host":"wjin.upv.edu.es"}
2025-10-06T21:50:06+00:00 RAW={"mac":"E6:14:89:83:B3:B9","major":2853,"minor":500,"nombre":"GTI-3A","rssi":-57,"timestamp":1759787406660,"txPower":203,"uuid":"45:50:53:47:2d:47:54:49:2d:50:52:4f:59:2d:33:41:"}
2025-10-06T21:50:06+00:00 METHOD=POST
2025-10-06T21:50:06+00:00 HEADERS={"User-Agent":"okhttp\/4.12.0","Accept-Encoding":"gzip","Content-Length":"179","Content-Type":"application\/json","X-Api-Key":"YOUR_SECURE_RANDOM_KEY","Host":"wjin.upv.edu.es"}
2025-10-06T21:50:06+00:00 RAW={"mac":"E6:14:89:83:B3:B9","major":2853,"minor":500,"nombre":"GTI-3A","rssi":-57,"timestamp":1759787405993,"txPower":203,"uuid":"45:50:53:47:2d:47:54:49:2d:50:52:4f:59:2d:33:41:"}
2025-10-06T21:50:31+00:00 METHOD=POST
2025-10-06T21:50:31+00:00 HEADERS={"User-Agent":"okhttp\/4.12.0","Accept-Encoding":"gzip","Content-Length":"179","Content-Type":"application\/json","X-Api-Key":"YOUR_SECURE_RANDOM_KEY","Host":"wjin.upv.edu.es"}
2025-10-06T21:50:31+00:00 RAW={"mac":"E6:14:89:83:B3:B9","major":2857,"minor":500,"nombre":"GTI-3A","rssi":-63,"timestamp":1759787431719,"txPower":203,"uuid":"45:50:53:47:2d:47:54:49:2d:50:52:4f:59:2d:33:41:"}
2025-10-06T21:50:31+00:00 METHOD=POST
2025-10-06T21:50:31+00:00 HEADERS={"User-Agent":"okhttp\/4.12.0","Accept-Encoding":"gzip","Content-Length":"179","Content-Type":"application\/json","X-Api-Key":"YOUR_SECURE_RANDOM_KEY","Host":"wjin.upv.edu.es"}
2025-10-06T21:50:31+00:00 RAW={"mac":"E6:14:89:83:B3:B9","major":2857,"minor":500,"nombre":"GTI-3A","rssi":-60,"timestamp":1759787431770,"txPower":203,"uuid":"45:50:53:47:2d:47:54:49:2d:50:52:4f:59:2d:33:41:"}
2025-10-06T21:50:31+00:00 METHOD=POST
2025-10-06T21:50:31+00:00 HEADERS={"User-Agent":"okhttp\/4.12.0","Accept-Encoding":"gzip","Content-Length":"179","Content-Type":"application\/json","X-Api-Key":"YOUR_SECURE_RANDOM_KEY","Host":"wjin.upv.edu.es"}
2025-10-06T21:50:31+00:00 RAW={"mac":"E6:14:89:83:B3:B9","major":2857,"minor":500,"nombre":"GTI-3A","rssi":-63,"timestamp":1759787431831,"txPower":203,"uuid":"45:50:53:47:2d:47:54:49:2d:50:52:4f:59:2d:33:41:"}
2025-10-06T21:50:31+00:00 METHOD=POST
2025-10-06T21:50:31+00:00 HEADERS={"User-Agent":"okhttp\/4.12.0","Accept-Encoding":"gzip","Content-Length":"179","Content-Type":"application\/json","X-Api-Key":"YOUR_SECURE_RANDOM_KEY","Host":"wjin.upv.edu.es"}
2025-10-06T21:50:31+00:00 RAW={"mac":"E6:14:89:83:B3:B9","major":2857,"minor":500,"nombre":"GTI-3A","rssi":-63,"timestamp":1759787431909,"txPower":203,"uuid":"45:50:53:47:2d:47:54:49:2d:50:52:4f:59:2d:33:41:"}
2025-10-06T21:50:31+00:00 METHOD=POST
2025-10-06T21:50:31+00:00 HEADERS={"User-Agent":"okhttp\/4.12.0","Accept-Encoding":"gzip","Content-Length":"179","Content-Type":"application\/json","X-Api-Key":"YOUR_SECURE_RANDOM_KEY","Host":"wjin.upv.edu.es"}
2025-10-06T21:50:31+00:00 RAW={"mac":"E6:14:89:83:B3:B9","major":2857,"minor":500,"nombre":"GTI-3A","rssi":-63,"timestamp":1759787431962,"txPower":203,"uuid":"45:50:53:47:2d:47:54:49:2d:50:52:4f:59:2d:33:41:"}
2025-10-06T21:50:31+00:00 METHOD=POST
2025-10-06T21:50:31+00:00 HEADERS={"User-Agent":"okhttp\/4.12.0","Accept-Encoding":"gzip","Content-Length":"179","Content-Type":"application\/json","X-Api-Key":"YOUR_SECURE_RANDOM_KEY","Host":"wjin.upv.edu.es"}
2025-10-06T21:50:31+00:00 RAW={"mac":"E6:14:89:83:B3:B9","major":2857,"minor":500,"nombre":"GTI-3A","rssi":-61,"timestamp":1759787432019,"txPower":203,"uuid":"45:50:53:47:2d:47:54:49:2d:50:52:4f:59:2d:33:41:"}
2025-10-06T21:50:31+00:00 METHOD=POST
2025-10-06T21:50:31+00:00 HEADERS={"User-Agent":"okhttp\/4.12.0","Accept-Encoding":"gzip","Content-Length":"179","Content-Type":"application\/json","X-Api-Key":"YOUR_SECURE_RANDOM_KEY","Host":"wjin.upv.edu.es"}
2025-10-06T21:50:31+00:00 RAW={"mac":"E6:14:89:83:B3:B9","major":2857,"minor":500,"nombre":"GTI-3A","rssi":-60,"timestamp":1759787432098,"txPower":203,"uuid":"45:50:53:47:2d:47:54:49:2d:50:52:4f:59:2d:33:41:"}
2025-10-06T21:50:31+00:00 METHOD=POST
2025-10-06T21:50:31+00:00 HEADERS={"User-Agent":"okhttp\/4.12.0","Accept-Encoding":"gzip","Content-Length":"179","Content-Type":"application\/json","X-Api-Key":"YOUR_SECURE_RANDOM_KEY","Host":"wjin.upv.edu.es"}
2025-10-06T21:50:31+00:00 RAW={"mac":"E6:14:89:83:B3:B9","major":2857,"minor":500,"nombre":"GTI-3A","rssi":-63,"timestamp":1759787432166,"txPower":203,"uuid":"45:50:53:47:2d:47:54:49:2d:50:52:4f:59:2d:33:41:"}
2025-10-06T21:50:31+00:00 METHOD=POST
2025-10-06T21:50:31+00:00 HEADERS={"User-Agent":"okhttp\/4.12.0","Accept-Encoding":"gzip","Content-Length":"179","Content-Type":"application\/json","X-Api-Key":"YOUR_SECURE_RANDOM_KEY","Host":"wjin.upv.edu.es"}
2025-10-06T21:50:31+00:00 RAW={"mac":"E6:14:89:83:B3:B9","major":2857,"minor":500,"nombre":"GTI-3A","rssi":-63,"timestamp":1759787432235,"txPower":203,"uuid":"45:50:53:47:2d:47:54:49:2d:50:52:4f:59:2d:33:41:"}
2025-10-06T21:50:32+00:00 METHOD=POST
2025-10-06T21:50:32+00:00 HEADERS={"User-Agent":"okhttp\/4.12.0","Accept-Encoding":"gzip","Content-Length":"179","Content-Type":"application\/json","X-Api-Key":"YOUR_SECURE_RANDOM_KEY","Host":"wjin.upv.edu.es"}
2025-10-06T21:50:32+00:00 RAW={"mac":"E6:14:89:83:B3:B9","major":2857,"minor":500,"nombre":"GTI-3A","rssi":-60,"timestamp":1759787432385,"txPower":203,"uuid":"45:50:53:47:2d:47:54:49:2d:50:52:4f:59:2d:33:41:"}
2025-10-06T21:50:32+00:00 METHOD=POST
2025-10-06T21:50:32+00:00 HEADERS={"User-Agent":"okhttp\/4.12.0","Accept-Encoding":"gzip","Content-Length":"179","Content-Type":"application\/json","X-Api-Key":"YOUR_SECURE_RANDOM_KEY","Host":"wjin.upv.edu.es"}
2025-10-06T21:50:32+00:00 RAW={"mac":"E6:14:89:83:B3:B9","major":2857,"minor":500,"nombre":"GTI-3A","rssi":-63,"timestamp":1759787432446,"txPower":203,"uuid":"45:50:53:47:2d:47:54:49:2d:50:52:4f:59:2d:33:41:"}
2025-10-06T21:50:32+00:00 METHOD=POST
2025-10-06T21:50:32+00:00 HEADERS={"User-Agent":"okhttp\/4.12.0","Accept-Encoding":"gzip","Content-Length":"179","Content-Type":"application\/json","X-Api-Key":"YOUR_SECURE_RANDOM_KEY","Host":"wjin.upv.edu.es"}
2025-10-06T21:50:32+00:00 RAW={"mac":"E6:14:89:83:B3:B9","major":2857,"minor":500,"nombre":"GTI-3A","rssi":-63,"timestamp":1759787432508,"txPower":203,"uuid":"45:50:53:47:2d:47:54:49:2d:50:52:4f:59:2d:33:41:"}
2025-10-06T21:50:32+00:00 METHOD=POST
2025-10-06T21:50:32+00:00 HEADERS={"User-Agent":"okhttp\/4.12.0","Accept-Encoding":"gzip","Content-Length":"179","Content-Type":"application\/json","X-Api-Key":"YOUR_SECURE_RANDOM_KEY","Host":"wjin.upv.edu.es"}
2025-10-06T21:50:32+00:00 RAW={"mac":"E6:14:89:83:B3:B9","major":2857,"minor":500,"nombre":"GTI-3A","rssi":-63,"timestamp":1759787432571,"txPower":203,"uuid":"45:50:53:47:2d:47:54:49:2d:50:52:4f:59:2d:33:41:"}
2025-10-06T21:50:32+00:00 METHOD=POST
2025-10-06T21:50:32+00:00 HEADERS={"User-Agent":"okhttp\/4.12.0","Accept-Encoding":"gzip","Content-Length":"179","Content-Type":"application\/json","X-Api-Key":"YOUR_SECURE_RANDOM_KEY","Host":"wjin.upv.edu.es"}
2025-10-06T21:50:32+00:00 RAW={"mac":"E6:14:89:83:B3:B9","major":2857,"minor":500,"nombre":"GTI-3A","rssi":-60,"timestamp":1759787432633,"txPower":203,"uuid":"45:50:53:47:2d:47:54:49:2d:50:52:4f:59:2d:33:41:"}
2025-10-06T21:50:37+00:00 METHOD=POST
2025-10-06T21:50:37+00:00 HEADERS={"User-Agent":"okhttp\/4.12.0","Accept-Encoding":"gzip","Content-Length":"179","Content-Type":"application\/json","X-Api-Key":"YOUR_SECURE_RANDOM_KEY","Host":"wjin.upv.edu.es"}
2025-10-06T21:50:37+00:00 RAW={"mac":"E6:14:89:83:B3:B9","major":2858,"minor":500,"nombre":"GTI-3A","rssi":-63,"timestamp":1759787438217,"txPower":203,"uuid":"45:50:53:47:2d:47:54:49:2d:50:52:4f:59:2d:33:41:"}
2025-10-06T21:50:37+00:00 METHOD=POST
2025-10-06T21:50:37+00:00 HEADERS={"User-Agent":"okhttp\/4.12.0","Accept-Encoding":"gzip","Content-Length":"179","Content-Type":"application\/json","X-Api-Key":"YOUR_SECURE_RANDOM_KEY","Host":"wjin.upv.edu.es"}
2025-10-06T21:50:37+00:00 RAW={"mac":"E6:14:89:83:B3:B9","major":2858,"minor":500,"nombre":"GTI-3A","rssi":-64,"timestamp":1759787438263,"txPower":203,"uuid":"45:50:53:47:2d:47:54:49:2d:50:52:4f:59:2d:33:41:"}
2025-10-06T21:50:38+00:00 METHOD=POST
2025-10-06T21:50:38+00:00 HEADERS={"User-Agent":"okhttp\/4.12.0","Accept-Encoding":"gzip","Content-Length":"179","Content-Type":"application\/json","X-Api-Key":"YOUR_SECURE_RANDOM_KEY","Host":"wjin.upv.edu.es"}
2025-10-06T21:50:38+00:00 RAW={"mac":"E6:14:89:83:B3:B9","major":2858,"minor":500,"nombre":"GTI-3A","rssi":-60,"timestamp":1759787438330,"txPower":203,"uuid":"45:50:53:47:2d:47:54:49:2d:50:52:4f:59:2d:33:41:"}
2025-10-06T21:50:38+00:00 METHOD=POST
2025-10-06T21:50:38+00:00 HEADERS={"User-Agent":"okhttp\/4.12.0","Accept-Encoding":"gzip","Content-Length":"179","Content-Type":"application\/json","X-Api-Key":"YOUR_SECURE_RANDOM_KEY","Host":"wjin.upv.edu.es"}
2025-10-06T21:50:38+00:00 RAW={"mac":"E6:14:89:83:B3:B9","major":2858,"minor":500,"nombre":"GTI-3A","rssi":-59,"timestamp":1759787438389,"txPower":203,"uuid":"45:50:53:47:2d:47:54:49:2d:50:52:4f:59:2d:33:41:"}
2025-10-06T21:50:38+00:00 METHOD=POST
2025-10-06T21:50:38+00:00 HEADERS={"User-Agent":"okhttp\/4.12.0","Accept-Encoding":"gzip","Content-Length":"179","Content-Type":"application\/json","X-Api-Key":"YOUR_SECURE_RANDOM_KEY","Host":"wjin.upv.edu.es"}
2025-10-06T21:50:38+00:00 RAW={"mac":"E6:14:89:83:B3:B9","major":2858,"minor":500,"nombre":"GTI-3A","rssi":-63,"timestamp":1759787438460,"txPower":203,"uuid":"45:50:53:47:2d:47:54:49:2d:50:52:4f:59:2d:33:41:"}
2025-10-06T21:50:38+00:00 METHOD=POST
2025-10-06T21:50:38+00:00 HEADERS={"User-Agent":"okhttp\/4.12.0","Accept-Encoding":"gzip","Content-Length":"179","Content-Type":"application\/json","X-Api-Key":"YOUR_SECURE_RANDOM_KEY","Host":"wjin.upv.edu.es"}
2025-10-06T21:50:38+00:00 RAW={"mac":"E6:14:89:83:B3:B9","major":2858,"minor":500,"nombre":"GTI-3A","rssi":-64,"timestamp":1759787438532,"txPower":203,"uuid":"45:50:53:47:2d:47:54:49:2d:50:52:4f:59:2d:33:41:"}
2025-10-06T21:50:38+00:00 METHOD=POST
2025-10-06T21:50:38+00:00 HEADERS={"User-Agent":"okhttp\/4.12.0","Accept-Encoding":"gzip","Content-Length":"179","Content-Type":"application\/json","X-Api-Key":"YOUR_SECURE_RANDOM_KEY","Host":"wjin.upv.edu.es"}
2025-10-06T21:50:38+00:00 RAW={"mac":"E6:14:89:83:B3:B9","major":2858,"minor":500,"nombre":"GTI-3A","rssi":-64,"timestamp":1759787438597,"txPower":203,"uuid":"45:50:53:47:2d:47:54:49:2d:50:52:4f:59:2d:33:41:"}
2025-10-06T21:50:38+00:00 METHOD=POST
2025-10-06T21:50:38+00:00 METHOD=POST
2025-10-06T21:50:38+00:00 HEADERS={"User-Agent":"okhttp\/4.12.0","Accept-Encoding":"gzip","Content-Length":"179","Content-Type":"application\/json","X-Api-Key":"YOUR_SECURE_RANDOM_KEY","Host":"wjin.upv.edu.es"}
2025-10-06T21:50:38+00:00 HEADERS={"User-Agent":"okhttp\/4.12.0","Accept-Encoding":"gzip","Content-Length":"179","Content-Type":"application\/json","X-Api-Key":"YOUR_SECURE_RANDOM_KEY","Host":"wjin.upv.edu.es"}
2025-10-06T21:50:38+00:00 RAW={"mac":"E6:14:89:83:B3:B9","major":2858,"minor":500,"nombre":"GTI-3A","rssi":-62,"timestamp":1759787438735,"txPower":203,"uuid":"45:50:53:47:2d:47:54:49:2d:50:52:4f:59:2d:33:41:"}
2025-10-06T21:50:38+00:00 RAW={"mac":"E6:14:89:83:B3:B9","major":2858,"minor":500,"nombre":"GTI-3A","rssi":-59,"timestamp":1759787438672,"txPower":203,"uuid":"45:50:53:47:2d:47:54:49:2d:50:52:4f:59:2d:33:41:"}
2025-10-06T21:50:38+00:00 METHOD=POST
2025-10-06T21:50:38+00:00 HEADERS={"User-Agent":"okhttp\/4.12.0","Accept-Encoding":"gzip","Content-Length":"179","Content-Type":"application\/json","X-Api-Key":"YOUR_SECURE_RANDOM_KEY","Host":"wjin.upv.edu.es"}
2025-10-06T21:50:38+00:00 RAW={"mac":"E6:14:89:83:B3:B9","major":2858,"minor":500,"nombre":"GTI-3A","rssi":-63,"timestamp":1759787438799,"txPower":203,"uuid":"45:50:53:47:2d:47:54:49:2d:50:52:4f:59:2d:33:41:"}
2025-10-06T21:50:38+00:00 METHOD=POST
2025-10-06T21:50:38+00:00 HEADERS={"User-Agent":"okhttp\/4.12.0","Accept-Encoding":"gzip","Content-Length":"179","Content-Type":"application\/json","X-Api-Key":"YOUR_SECURE_RANDOM_KEY","Host":"wjin.upv.edu.es"}
2025-10-06T21:50:38+00:00 RAW={"mac":"E6:14:89:83:B3:B9","major":2858,"minor":500,"nombre":"GTI-3A","rssi":-64,"timestamp":1759787438870,"txPower":203,"uuid":"45:50:53:47:2d:47:54:49:2d:50:52:4f:59:2d:33:41:"}
2025-10-06T21:50:38+00:00 METHOD=POST
2025-10-06T21:50:38+00:00 HEADERS={"User-Agent":"okhttp\/4.12.0","Accept-Encoding":"gzip","Content-Length":"179","Content-Type":"application\/json","X-Api-Key":"YOUR_SECURE_RANDOM_KEY","Host":"wjin.upv.edu.es"}
2025-10-06T21:50:38+00:00 RAW={"mac":"E6:14:89:83:B3:B9","major":2858,"minor":500,"nombre":"GTI-3A","rssi":-59,"timestamp":1759787438932,"txPower":203,"uuid":"45:50:53:47:2d:47:54:49:2d:50:52:4f:59:2d:33:41:"}
2025-10-06T21:50:38+00:00 METHOD=POST
2025-10-06T21:50:38+00:00 HEADERS={"User-Agent":"okhttp\/4.12.0","Accept-Encoding":"gzip","Content-Length":"179","Content-Type":"application\/json","X-Api-Key":"YOUR_SECURE_RANDOM_KEY","Host":"wjin.upv.edu.es"}
2025-10-06T21:50:38+00:00 RAW={"mac":"E6:14:89:83:B3:B9","major":2858,"minor":500,"nombre":"GTI-3A","rssi":-59,"timestamp":1759787438996,"txPower":203,"uuid":"45:50:53:47:2d:47:54:49:2d:50:52:4f:59:2d:33:41:"}
2025-10-06T21:50:38+00:00 METHOD=POST
2025-10-06T21:50:38+00:00 HEADERS={"User-Agent":"okhttp\/4.12.0","Accept-Encoding":"gzip","Content-Length":"179","Content-Type":"application\/json","X-Api-Key":"YOUR_SECURE_RANDOM_KEY","Host":"wjin.upv.edu.es"}
2025-10-06T21:50:38+00:00 RAW={"mac":"E6:14:89:83:B3:B9","major":2858,"minor":500,"nombre":"GTI-3A","rssi":-63,"timestamp":1759787439062,"txPower":203,"uuid":"45:50:53:47:2d:47:54:49:2d:50:52:4f:59:2d:33:41:"}
2025-10-06T21:50:38+00:00 METHOD=POST
2025-10-06T21:50:38+00:00 HEADERS={"User-Agent":"okhttp\/4.12.0","Accept-Encoding":"gzip","Content-Length":"179","Content-Type":"application\/json","X-Api-Key":"YOUR_SECURE_RANDOM_KEY","Host":"wjin.upv.edu.es"}
2025-10-06T21:50:38+00:00 RAW={"mac":"E6:14:89:83:B3:B9","major":2858,"minor":500,"nombre":"GTI-3A","rssi":-65,"timestamp":1759787439135,"txPower":203,"uuid":"45:50:53:47:2d:47:54:49:2d:50:52:4f:59:2d:33:41:"}
2025-10-06T21:50:44+00:00 METHOD=POST
2025-10-06T21:50:44+00:00 HEADERS={"User-Agent":"okhttp\/4.12.0","Accept-Encoding":"gzip","Content-Length":"179","Content-Type":"application\/json","X-Api-Key":"YOUR_SECURE_RANDOM_KEY","Host":"wjin.upv.edu.es"}
2025-10-06T21:50:44+00:00 RAW={"mac":"E6:14:89:83:B3:B9","major":2859,"minor":500,"nombre":"GTI-3A","rssi":-60,"timestamp":1759787444711,"txPower":203,"uuid":"45:50:53:47:2d:47:54:49:2d:50:52:4f:59:2d:33:41:"}
2025-10-06T21:50:44+00:00 METHOD=POST
2025-10-06T21:50:44+00:00 HEADERS={"User-Agent":"okhttp\/4.12.0","Accept-Encoding":"gzip","Content-Length":"179","Content-Type":"application\/json","X-Api-Key":"YOUR_SECURE_RANDOM_KEY","Host":"wjin.upv.edu.es"}
2025-10-06T21:50:44+00:00 RAW={"mac":"E6:14:89:83:B3:B9","major":2859,"minor":500,"nombre":"GTI-3A","rssi":-63,"timestamp":1759787444761,"txPower":203,"uuid":"45:50:53:47:2d:47:54:49:2d:50:52:4f:59:2d:33:41:"}
2025-10-06T21:50:44+00:00 METHOD=POST
2025-10-06T21:50:44+00:00 HEADERS={"User-Agent":"okhttp\/4.12.0","Accept-Encoding":"gzip","Content-Length":"179","Content-Type":"application\/json","X-Api-Key":"YOUR_SECURE_RANDOM_KEY","Host":"wjin.upv.edu.es"}
2025-10-06T21:50:44+00:00 RAW={"mac":"E6:14:89:83:B3:B9","major":2859,"minor":500,"nombre":"GTI-3A","rssi":-61,"timestamp":1759787444827,"txPower":203,"uuid":"45:50:53:47:2d:47:54:49:2d:50:52:4f:59:2d:33:41:"}
2025-10-06T21:50:44+00:00 METHOD=POST
2025-10-06T21:50:44+00:00 HEADERS={"User-Agent":"okhttp\/4.12.0","Accept-Encoding":"gzip","Content-Length":"179","Content-Type":"application\/json","X-Api-Key":"YOUR_SECURE_RANDOM_KEY","Host":"wjin.upv.edu.es"}
2025-10-06T21:50:44+00:00 RAW={"mac":"E6:14:89:83:B3:B9","major":2859,"minor":500,"nombre":"GTI-3A","rssi":-61,"timestamp":1759787444896,"txPower":203,"uuid":"45:50:53:47:2d:47:54:49:2d:50:52:4f:59:2d:33:41:"}
2025-10-06T21:50:44+00:00 METHOD=POST
2025-10-06T21:50:44+00:00 HEADERS={"User-Agent":"okhttp\/4.12.0","Accept-Encoding":"gzip","Content-Length":"179","Content-Type":"application\/json","X-Api-Key":"YOUR_SECURE_RANDOM_KEY","Host":"wjin.upv.edu.es"}
2025-10-06T21:50:44+00:00 RAW={"mac":"E6:14:89:83:B3:B9","major":2859,"minor":500,"nombre":"GTI-3A","rssi":-59,"timestamp":1759787444960,"txPower":203,"uuid":"45:50:53:47:2d:47:54:49:2d:50:52:4f:59:2d:33:41:"}
2025-10-06T21:50:44+00:00 METHOD=POST
2025-10-06T21:50:44+00:00 HEADERS={"User-Agent":"okhttp\/4.12.0","Accept-Encoding":"gzip","Content-Length":"179","Content-Type":"application\/json","X-Api-Key":"YOUR_SECURE_RANDOM_KEY","Host":"wjin.upv.edu.es"}
2025-10-06T21:50:44+00:00 RAW={"mac":"E6:14:89:83:B3:B9","major":2859,"minor":500,"nombre":"GTI-3A","rssi":-61,"timestamp":1759787445037,"txPower":203,"uuid":"45:50:53:47:2d:47:54:49:2d:50:52:4f:59:2d:33:41:"}
2025-10-06T21:50:44+00:00 METHOD=POST
2025-10-06T21:50:44+00:00 HEADERS={"User-Agent":"okhttp\/4.12.0","Accept-Encoding":"gzip","Content-Length":"179","Content-Type":"application\/json","X-Api-Key":"YOUR_SECURE_RANDOM_KEY","Host":"wjin.upv.edu.es"}
2025-10-06T21:50:44+00:00 RAW={"mac":"E6:14:89:83:B3:B9","major":2859,"minor":500,"nombre":"GTI-3A","rssi":-62,"timestamp":1759787445094,"txPower":203,"uuid":"45:50:53:47:2d:47:54:49:2d:50:52:4f:59:2d:33:41:"}
2025-10-06T21:50:44+00:00 METHOD=POST
2025-10-06T21:50:44+00:00 HEADERS={"User-Agent":"okhttp\/4.12.0","Accept-Encoding":"gzip","Content-Length":"179","Content-Type":"application\/json","X-Api-Key":"YOUR_SECURE_RANDOM_KEY","Host":"wjin.upv.edu.es"}
2025-10-06T21:50:44+00:00 RAW={"mac":"E6:14:89:83:B3:B9","major":2859,"minor":500,"nombre":"GTI-3A","rssi":-61,"timestamp":1759787445156,"txPower":203,"uuid":"45:50:53:47:2d:47:54:49:2d:50:52:4f:59:2d:33:41:"}
2025-10-06T21:50:44+00:00 METHOD=POST
2025-10-06T21:50:44+00:00 HEADERS={"User-Agent":"okhttp\/4.12.0","Accept-Encoding":"gzip","Content-Length":"179","Content-Type":"application\/json","X-Api-Key":"YOUR_SECURE_RANDOM_KEY","Host":"wjin.upv.edu.es"}
2025-10-06T21:50:44+00:00 RAW={"mac":"E6:14:89:83:B3:B9","major":2859,"minor":500,"nombre":"GTI-3A","rssi":-59,"timestamp":1759787445221,"txPower":203,"uuid":"45:50:53:47:2d:47:54:49:2d:50:52:4f:59:2d:33:41:"}
2025-10-06T21:50:44+00:00 METHOD=POST
2025-10-06T21:50:44+00:00 HEADERS={"User-Agent":"okhttp\/4.12.0","Accept-Encoding":"gzip","Content-Length":"179","Content-Type":"application\/json","X-Api-Key":"YOUR_SECURE_RANDOM_KEY","Host":"wjin.upv.edu.es"}
2025-10-06T21:50:44+00:00 RAW={"mac":"E6:14:89:83:B3:B9","major":2859,"minor":500,"nombre":"GTI-3A","rssi":-59,"timestamp":1759787445290,"txPower":203,"uuid":"45:50:53:47:2d:47:54:49:2d:50:52:4f:59:2d:33:41:"}
2025-10-06T21:50:45+00:00 METHOD=POST
2025-10-06T21:50:45+00:00 HEADERS={"User-Agent":"okhttp\/4.12.0","Accept-Encoding":"gzip","Content-Length":"179","Content-Type":"application\/json","X-Api-Key":"YOUR_SECURE_RANDOM_KEY","Host":"wjin.upv.edu.es"}
2025-10-06T21:50:45+00:00 RAW={"mac":"E6:14:89:83:B3:B9","major":2859,"minor":500,"nombre":"GTI-3A","rssi":-64,"timestamp":1759787445358,"txPower":203,"uuid":"45:50:53:47:2d:47:54:49:2d:50:52:4f:59:2d:33:41:"}
2025-10-06T21:50:45+00:00 METHOD=POST
2025-10-06T21:50:45+00:00 HEADERS={"User-Agent":"okhttp\/4.12.0","Accept-Encoding":"gzip","Content-Length":"179","Content-Type":"application\/json","X-Api-Key":"YOUR_SECURE_RANDOM_KEY","Host":"wjin.upv.edu.es"}
2025-10-06T21:50:45+00:00 RAW={"mac":"E6:14:89:83:B3:B9","major":2859,"minor":500,"nombre":"GTI-3A","rssi":-61,"timestamp":1759787445423,"txPower":203,"uuid":"45:50:53:47:2d:47:54:49:2d:50:52:4f:59:2d:33:41:"}
2025-10-06T21:50:45+00:00 METHOD=POST
2025-10-06T21:50:45+00:00 HEADERS={"User-Agent":"okhttp\/4.12.0","Accept-Encoding":"gzip","Content-Length":"179","Content-Type":"application\/json","X-Api-Key":"YOUR_SECURE_RANDOM_KEY","Host":"wjin.upv.edu.es"}
2025-10-06T21:50:45+00:00 RAW={"mac":"E6:14:89:83:B3:B9","major":2859,"minor":500,"nombre":"GTI-3A","rssi":-63,"timestamp":1759787445633,"txPower":203,"uuid":"45:50:53:47:2d:47:54:49:2d:50:52:4f:59:2d:33:41:"}
2025-10-06T21:50:50+00:00 METHOD=POST
2025-10-06T21:50:50+00:00 HEADERS={"User-Agent":"okhttp\/4.12.0","Accept-Encoding":"gzip","Content-Length":"179","Content-Type":"application\/json","X-Api-Key":"YOUR_SECURE_RANDOM_KEY","Host":"wjin.upv.edu.es"}
2025-10-06T21:50:50+00:00 RAW={"mac":"E6:14:89:83:B3:B9","major":2860,"minor":500,"nombre":"GTI-3A","rssi":-62,"timestamp":1759787451216,"txPower":203,"uuid":"45:50:53:47:2d:47:54:49:2d:50:52:4f:59:2d:33:41:"}
2025-10-06T21:50:50+00:00 METHOD=POST
2025-10-06T21:50:50+00:00 HEADERS={"User-Agent":"okhttp\/4.12.0","Accept-Encoding":"gzip","Content-Length":"179","Content-Type":"application\/json","X-Api-Key":"YOUR_SECURE_RANDOM_KEY","Host":"wjin.upv.edu.es"}
2025-10-06T21:50:50+00:00 RAW={"mac":"E6:14:89:83:B3:B9","major":2860,"minor":500,"nombre":"GTI-3A","rssi":-59,"timestamp":1759787451251,"txPower":203,"uuid":"45:50:53:47:2d:47:54:49:2d:50:52:4f:59:2d:33:41:"}
2025-10-06T21:50:51+00:00 METHOD=POST
2025-10-06T21:50:51+00:00 HEADERS={"User-Agent":"okhttp\/4.12.0","Accept-Encoding":"gzip","Content-Length":"179","Content-Type":"application\/json","X-Api-Key":"YOUR_SECURE_RANDOM_KEY","Host":"wjin.upv.edu.es"}
2025-10-06T21:50:51+00:00 RAW={"mac":"E6:14:89:83:B3:B9","major":2860,"minor":500,"nombre":"GTI-3A","rssi":-63,"timestamp":1759787451323,"txPower":203,"uuid":"45:50:53:47:2d:47:54:49:2d:50:52:4f:59:2d:33:41:"}
2025-10-06T21:50:51+00:00 METHOD=POST
2025-10-06T21:50:51+00:00 HEADERS={"User-Agent":"okhttp\/4.12.0","Accept-Encoding":"gzip","Content-Length":"179","Content-Type":"application\/json","X-Api-Key":"YOUR_SECURE_RANDOM_KEY","Host":"wjin.upv.edu.es"}
2025-10-06T21:50:51+00:00 RAW={"mac":"E6:14:89:83:B3:B9","major":2860,"minor":500,"nombre":"GTI-3A","rssi":-61,"timestamp":1759787451474,"txPower":203,"uuid":"45:50:53:47:2d:47:54:49:2d:50:52:4f:59:2d:33:41:"}
2025-10-06T21:50:51+00:00 METHOD=POST
2025-10-06T21:50:51+00:00 HEADERS={"User-Agent":"okhttp\/4.12.0","Accept-Encoding":"gzip","Content-Length":"179","Content-Type":"application\/json","X-Api-Key":"YOUR_SECURE_RANDOM_KEY","Host":"wjin.upv.edu.es"}
2025-10-06T21:50:51+00:00 RAW={"mac":"E6:14:89:83:B3:B9","major":2860,"minor":500,"nombre":"GTI-3A","rssi":-59,"timestamp":1759787451526,"txPower":203,"uuid":"45:50:53:47:2d:47:54:49:2d:50:52:4f:59:2d:33:41:"}
2025-10-06T21:50:51+00:00 METHOD=POST
2025-10-06T21:50:51+00:00 HEADERS={"User-Agent":"okhttp\/4.12.0","Accept-Encoding":"gzip","Content-Length":"179","Content-Type":"application\/json","X-Api-Key":"YOUR_SECURE_RANDOM_KEY","Host":"wjin.upv.edu.es"}
2025-10-06T21:50:51+00:00 RAW={"mac":"E6:14:89:83:B3:B9","major":2860,"minor":500,"nombre":"GTI-3A","rssi":-59,"timestamp":1759787451587,"txPower":203,"uuid":"45:50:53:47:2d:47:54:49:2d:50:52:4f:59:2d:33:41:"}
2025-10-06T21:50:51+00:00 METHOD=POST
2025-10-06T21:50:51+00:00 HEADERS={"User-Agent":"okhttp\/4.12.0","Accept-Encoding":"gzip","Content-Length":"179","Content-Type":"application\/json","X-Api-Key":"YOUR_SECURE_RANDOM_KEY","Host":"wjin.upv.edu.es"}
2025-10-06T21:50:51+00:00 RAW={"mac":"E6:14:89:83:B3:B9","major":2860,"minor":500,"nombre":"GTI-3A","rssi":-63,"timestamp":1759787451657,"txPower":203,"uuid":"45:50:53:47:2d:47:54:49:2d:50:52:4f:59:2d:33:41:"}
2025-10-06T21:50:51+00:00 METHOD=POST
2025-10-06T21:50:51+00:00 HEADERS={"User-Agent":"okhttp\/4.12.0","Accept-Encoding":"gzip","Content-Length":"179","Content-Type":"application\/json","X-Api-Key":"YOUR_SECURE_RANDOM_KEY","Host":"wjin.upv.edu.es"}
2025-10-06T21:50:51+00:00 RAW={"mac":"E6:14:89:83:B3:B9","major":2860,"minor":500,"nombre":"GTI-3A","rssi":-61,"timestamp":1759787451719,"txPower":203,"uuid":"45:50:53:47:2d:47:54:49:2d:50:52:4f:59:2d:33:41:"}
2025-10-06T21:50:51+00:00 METHOD=POST
2025-10-06T21:50:51+00:00 HEADERS={"User-Agent":"okhttp\/4.12.0","Accept-Encoding":"gzip","Content-Length":"179","Content-Type":"application\/json","X-Api-Key":"YOUR_SECURE_RANDOM_KEY","Host":"wjin.upv.edu.es"}
2025-10-06T21:50:51+00:00 RAW={"mac":"E6:14:89:83:B3:B9","major":2860,"minor":500,"nombre":"GTI-3A","rssi":-59,"timestamp":1759787451876,"txPower":203,"uuid":"45:50:53:47:2d:47:54:49:2d:50:52:4f:59:2d:33:41:"}
2025-10-06T21:50:51+00:00 METHOD=POST
2025-10-06T21:50:51+00:00 HEADERS={"User-Agent":"okhttp\/4.12.0","Accept-Encoding":"gzip","Content-Length":"179","Content-Type":"application\/json","X-Api-Key":"YOUR_SECURE_RANDOM_KEY","Host":"wjin.upv.edu.es"}
2025-10-06T21:50:51+00:00 RAW={"mac":"E6:14:89:83:B3:B9","major":2860,"minor":500,"nombre":"GTI-3A","rssi":-62,"timestamp":1759787451925,"txPower":203,"uuid":"45:50:53:47:2d:47:54:49:2d:50:52:4f:59:2d:33:41:"}
2025-10-06T21:50:51+00:00 METHOD=POST
2025-10-06T21:50:51+00:00 HEADERS={"User-Agent":"okhttp\/4.12.0","Accept-Encoding":"gzip","Content-Length":"179","Content-Type":"application\/json","X-Api-Key":"YOUR_SECURE_RANDOM_KEY","Host":"wjin.upv.edu.es"}
2025-10-06T21:50:51+00:00 RAW={"mac":"E6:14:89:83:B3:B9","major":2860,"minor":500,"nombre":"GTI-3A","rssi":-79,"timestamp":1759787452003,"txPower":203,"uuid":"45:50:53:47:2d:47:54:49:2d:50:52:4f:59:2d:33:41:"}
2025-10-06T21:50:51+00:00 METHOD=POST
2025-10-06T21:50:51+00:00 HEADERS={"User-Agent":"okhttp\/4.12.0","Accept-Encoding":"gzip","Content-Length":"179","Content-Type":"application\/json","X-Api-Key":"YOUR_SECURE_RANDOM_KEY","Host":"wjin.upv.edu.es"}
2025-10-06T21:50:51+00:00 RAW={"mac":"E6:14:89:83:B3:B9","major":2860,"minor":500,"nombre":"GTI-3A","rssi":-62,"timestamp":1759787452056,"txPower":203,"uuid":"45:50:53:47:2d:47:54:49:2d:50:52:4f:59:2d:33:41:"}
2025-10-06T21:50:51+00:00 METHOD=POST
2025-10-06T21:50:51+00:00 HEADERS={"User-Agent":"okhttp\/4.12.0","Accept-Encoding":"gzip","Content-Length":"179","Content-Type":"application\/json","X-Api-Key":"YOUR_SECURE_RANDOM_KEY","Host":"wjin.upv.edu.es"}
2025-10-06T21:50:51+00:00 RAW={"mac":"E6:14:89:83:B3:B9","major":2860,"minor":500,"nombre":"GTI-3A","rssi":-59,"timestamp":1759787452116,"txPower":203,"uuid":"45:50:53:47:2d:47:54:49:2d:50:52:4f:59:2d:33:41:"}
2025-10-06T21:50:57+00:00 METHOD=POST
2025-10-06T21:50:57+00:00 HEADERS={"User-Agent":"okhttp\/4.12.0","Accept-Encoding":"gzip","Content-Length":"179","Content-Type":"application\/json","X-Api-Key":"YOUR_SECURE_RANDOM_KEY","Host":"wjin.upv.edu.es"}
2025-10-06T21:50:57+00:00 RAW={"mac":"E6:14:89:83:B3:B9","major":2861,"minor":500,"nombre":"GTI-3A","rssi":-63,"timestamp":1759787457712,"txPower":203,"uuid":"45:50:53:47:2d:47:54:49:2d:50:52:4f:59:2d:33:41:"}
2025-10-06T21:50:57+00:00 METHOD=POST
2025-10-06T21:50:57+00:00 HEADERS={"User-Agent":"okhttp\/4.12.0","Accept-Encoding":"gzip","Content-Length":"179","Content-Type":"application\/json","X-Api-Key":"YOUR_SECURE_RANDOM_KEY","Host":"wjin.upv.edu.es"}
2025-10-06T21:50:57+00:00 RAW={"mac":"E6:14:89:83:B3:B9","major":2861,"minor":500,"nombre":"GTI-3A","rssi":-61,"timestamp":1759787457754,"txPower":203,"uuid":"45:50:53:47:2d:47:54:49:2d:50:52:4f:59:2d:33:41:"}
2025-10-06T21:50:57+00:00 METHOD=POST
2025-10-06T21:50:57+00:00 HEADERS={"User-Agent":"okhttp\/4.12.0","Accept-Encoding":"gzip","Content-Length":"179","Content-Type":"application\/json","X-Api-Key":"YOUR_SECURE_RANDOM_KEY","Host":"wjin.upv.edu.es"}
2025-10-06T21:50:57+00:00 RAW={"mac":"E6:14:89:83:B3:B9","major":2861,"minor":500,"nombre":"GTI-3A","rssi":-59,"timestamp":1759787457806,"txPower":203,"uuid":"45:50:53:47:2d:47:54:49:2d:50:52:4f:59:2d:33:41:"}
2025-10-06T21:50:57+00:00 METHOD=POST
2025-10-06T21:50:57+00:00 HEADERS={"User-Agent":"okhttp\/4.12.0","Accept-Encoding":"gzip","Content-Length":"179","Content-Type":"application\/json","X-Api-Key":"YOUR_SECURE_RANDOM_KEY","Host":"wjin.upv.edu.es"}
2025-10-06T21:50:57+00:00 RAW={"mac":"E6:14:89:83:B3:B9","major":2861,"minor":500,"nombre":"GTI-3A","rssi":-64,"timestamp":1759787457963,"txPower":203,"uuid":"45:50:53:47:2d:47:54:49:2d:50:52:4f:59:2d:33:41:"}
2025-10-06T21:50:57+00:00 METHOD=POST
2025-10-06T21:50:57+00:00 HEADERS={"User-Agent":"okhttp\/4.12.0","Accept-Encoding":"gzip","Content-Length":"179","Content-Type":"application\/json","X-Api-Key":"YOUR_SECURE_RANDOM_KEY","Host":"wjin.upv.edu.es"}
2025-10-06T21:50:57+00:00 RAW={"mac":"E6:14:89:83:B3:B9","major":2861,"minor":500,"nombre":"GTI-3A","rssi":-63,"timestamp":1759787458014,"txPower":203,"uuid":"45:50:53:47:2d:47:54:49:2d:50:52:4f:59:2d:33:41:"}
2025-10-06T21:50:57+00:00 METHOD=POST
2025-10-06T21:50:57+00:00 HEADERS={"User-Agent":"okhttp\/4.12.0","Accept-Encoding":"gzip","Content-Length":"179","Content-Type":"application\/json","X-Api-Key":"YOUR_SECURE_RANDOM_KEY","Host":"wjin.upv.edu.es"}
2025-10-06T21:50:57+00:00 RAW={"mac":"E6:14:89:83:B3:B9","major":2861,"minor":500,"nombre":"GTI-3A","rssi":-63,"timestamp":1759787458085,"txPower":203,"uuid":"45:50:53:47:2d:47:54:49:2d:50:52:4f:59:2d:33:41:"}
2025-10-06T21:50:57+00:00 METHOD=POST
2025-10-06T21:50:57+00:00 HEADERS={"User-Agent":"okhttp\/4.12.0","Accept-Encoding":"gzip","Content-Length":"179","Content-Type":"application\/json","X-Api-Key":"YOUR_SECURE_RANDOM_KEY","Host":"wjin.upv.edu.es"}
2025-10-06T21:50:57+00:00 RAW={"mac":"E6:14:89:83:B3:B9","major":2861,"minor":500,"nombre":"GTI-3A","rssi":-66,"timestamp":1759787458156,"txPower":203,"uuid":"45:50:53:47:2d:47:54:49:2d:50:52:4f:59:2d:33:41:"}
2025-10-06T21:50:57+00:00 METHOD=POST
2025-10-06T21:50:57+00:00 HEADERS={"User-Agent":"okhttp\/4.12.0","Accept-Encoding":"gzip","Content-Length":"179","Content-Type":"application\/json","X-Api-Key":"YOUR_SECURE_RANDOM_KEY","Host":"wjin.upv.edu.es"}
2025-10-06T21:50:57+00:00 RAW={"mac":"E6:14:89:83:B3:B9","major":2861,"minor":500,"nombre":"GTI-3A","rssi":-65,"timestamp":1759787458229,"txPower":203,"uuid":"45:50:53:47:2d:47:54:49:2d:50:52:4f:59:2d:33:41:"}
2025-10-06T21:50:57+00:00 METHOD=POST
2025-10-06T21:50:57+00:00 HEADERS={"User-Agent":"okhttp\/4.12.0","Accept-Encoding":"gzip","Content-Length":"179","Content-Type":"application\/json","X-Api-Key":"YOUR_SECURE_RANDOM_KEY","Host":"wjin.upv.edu.es"}
2025-10-06T21:50:57+00:00 RAW={"mac":"E6:14:89:83:B3:B9","major":2861,"minor":500,"nombre":"GTI-3A","rssi":-64,"timestamp":1759787458297,"txPower":203,"uuid":"45:50:53:47:2d:47:54:49:2d:50:52:4f:59:2d:33:41:"}
2025-10-06T21:50:58+00:00 METHOD=POST
2025-10-06T21:50:58+00:00 HEADERS={"User-Agent":"okhttp\/4.12.0","Accept-Encoding":"gzip","Content-Length":"179","Content-Type":"application\/json","X-Api-Key":"YOUR_SECURE_RANDOM_KEY","Host":"wjin.upv.edu.es"}
2025-10-06T21:50:58+00:00 RAW={"mac":"E6:14:89:83:B3:B9","major":2861,"minor":500,"nombre":"GTI-3A","rssi":-57,"timestamp":1759787458360,"txPower":203,"uuid":"45:50:53:47:2d:47:54:49:2d:50:52:4f:59:2d:33:41:"}
2025-10-06T21:50:58+00:00 METHOD=POST
2025-10-06T21:50:58+00:00 HEADERS={"User-Agent":"okhttp\/4.12.0","Accept-Encoding":"gzip","Content-Length":"179","Content-Type":"application\/json","X-Api-Key":"YOUR_SECURE_RANDOM_KEY","Host":"wjin.upv.edu.es"}
2025-10-06T21:50:58+00:00 RAW={"mac":"E6:14:89:83:B3:B9","major":2861,"minor":500,"nombre":"GTI-3A","rssi":-65,"timestamp":1759787458427,"txPower":203,"uuid":"45:50:53:47:2d:47:54:49:2d:50:52:4f:59:2d:33:41:"}
2025-10-06T21:50:58+00:00 METHOD=POST
2025-10-06T21:50:58+00:00 METHOD=POST
2025-10-06T21:50:58+00:00 HEADERS={"User-Agent":"okhttp\/4.12.0","Accept-Encoding":"gzip","Content-Length":"179","Content-Type":"application\/json","X-Api-Key":"YOUR_SECURE_RANDOM_KEY","Host":"wjin.upv.edu.es"}
2025-10-06T21:50:58+00:00 HEADERS={"User-Agent":"okhttp\/4.12.0","Accept-Encoding":"gzip","Content-Length":"179","Content-Type":"application\/json","X-Api-Key":"YOUR_SECURE_RANDOM_KEY","Host":"wjin.upv.edu.es"}
2025-10-06T21:50:58+00:00 RAW={"mac":"E6:14:89:83:B3:B9","major":2861,"minor":500,"nombre":"GTI-3A","rssi":-57,"timestamp":1759787458565,"txPower":203,"uuid":"45:50:53:47:2d:47:54:49:2d:50:52:4f:59:2d:33:41:"}
2025-10-06T21:50:58+00:00 RAW={"mac":"E6:14:89:83:B3:B9","major":2861,"minor":500,"nombre":"GTI-3A","rssi":-64,"timestamp":1759787458503,"txPower":203,"uuid":"45:50:53:47:2d:47:54:49:2d:50:52:4f:59:2d:33:41:"}
2025-10-06T21:50:58+00:00 METHOD=POST
2025-10-06T21:50:58+00:00 HEADERS={"User-Agent":"okhttp\/4.12.0","Accept-Encoding":"gzip","Content-Length":"179","Content-Type":"application\/json","X-Api-Key":"YOUR_SECURE_RANDOM_KEY","Host":"wjin.upv.edu.es"}
2025-10-06T21:50:58+00:00 RAW={"mac":"E6:14:89:83:B3:B9","major":2861,"minor":500,"nombre":"GTI-3A","rssi":-56,"timestamp":1759787458636,"txPower":203,"uuid":"45:50:53:47:2d:47:54:49:2d:50:52:4f:59:2d:33:41:"}
2025-10-06T21:51:03+00:00 METHOD=POST
2025-10-06T21:51:03+00:00 HEADERS={"User-Agent":"okhttp\/4.12.0","Accept-Encoding":"gzip","Content-Length":"179","Content-Type":"application\/json","X-Api-Key":"YOUR_SECURE_RANDOM_KEY","Host":"wjin.upv.edu.es"}
2025-10-06T21:51:03+00:00 RAW={"mac":"E6:14:89:83:B3:B9","major":2862,"minor":500,"nombre":"GTI-3A","rssi":-64,"timestamp":1759787464210,"txPower":203,"uuid":"45:50:53:47:2d:47:54:49:2d:50:52:4f:59:2d:33:41:"}
2025-10-06T21:51:03+00:00 METHOD=POST
2025-10-06T21:51:03+00:00 HEADERS={"User-Agent":"okhttp\/4.12.0","Accept-Encoding":"gzip","Content-Length":"179","Content-Type":"application\/json","X-Api-Key":"YOUR_SECURE_RANDOM_KEY","Host":"wjin.upv.edu.es"}
2025-10-06T21:51:03+00:00 RAW={"mac":"E6:14:89:83:B3:B9","major":2862,"minor":500,"nombre":"GTI-3A","rssi":-61,"timestamp":1759787464265,"txPower":203,"uuid":"45:50:53:47:2d:47:54:49:2d:50:52:4f:59:2d:33:41:"}
2025-10-06T21:51:04+00:00 METHOD=POST
2025-10-06T21:51:04+00:00 HEADERS={"User-Agent":"okhttp\/4.12.0","Accept-Encoding":"gzip","Content-Length":"179","Content-Type":"application\/json","X-Api-Key":"YOUR_SECURE_RANDOM_KEY","Host":"wjin.upv.edu.es"}
2025-10-06T21:51:04+00:00 RAW={"mac":"E6:14:89:83:B3:B9","major":2862,"minor":500,"nombre":"GTI-3A","rssi":-57,"timestamp":1759787464315,"txPower":203,"uuid":"45:50:53:47:2d:47:54:49:2d:50:52:4f:59:2d:33:41:"}
2025-10-06T21:51:04+00:00 METHOD=POST
2025-10-06T21:51:04+00:00 HEADERS={"User-Agent":"okhttp\/4.12.0","Accept-Encoding":"gzip","Content-Length":"179","Content-Type":"application\/json","X-Api-Key":"YOUR_SECURE_RANDOM_KEY","Host":"wjin.upv.edu.es"}
2025-10-06T21:51:04+00:00 RAW={"mac":"E6:14:89:83:B3:B9","major":2862,"minor":500,"nombre":"GTI-3A","rssi":-57,"timestamp":1759787464388,"txPower":203,"uuid":"45:50:53:47:2d:47:54:49:2d:50:52:4f:59:2d:33:41:"}
2025-10-06T21:51:04+00:00 METHOD=POST
2025-10-06T21:51:04+00:00 HEADERS={"User-Agent":"okhttp\/4.12.0","Accept-Encoding":"gzip","Content-Length":"179","Content-Type":"application\/json","X-Api-Key":"YOUR_SECURE_RANDOM_KEY","Host":"wjin.upv.edu.es"}
2025-10-06T21:51:04+00:00 RAW={"mac":"E6:14:89:83:B3:B9","major":2862,"minor":500,"nombre":"GTI-3A","rssi":-59,"timestamp":1759787464445,"txPower":203,"uuid":"45:50:53:47:2d:47:54:49:2d:50:52:4f:59:2d:33:41:"}
2025-10-06T21:51:04+00:00 METHOD=POST
2025-10-06T21:51:04+00:00 HEADERS={"User-Agent":"okhttp\/4.12.0","Accept-Encoding":"gzip","Content-Length":"179","Content-Type":"application\/json","X-Api-Key":"YOUR_SECURE_RANDOM_KEY","Host":"wjin.upv.edu.es"}
2025-10-06T21:51:04+00:00 RAW={"mac":"E6:14:89:83:B3:B9","major":2862,"minor":500,"nombre":"GTI-3A","rssi":-60,"timestamp":1759787464512,"txPower":203,"uuid":"45:50:53:47:2d:47:54:49:2d:50:52:4f:59:2d:33:41:"}
2025-10-06T21:51:04+00:00 METHOD=POST
2025-10-06T21:51:04+00:00 HEADERS={"User-Agent":"okhttp\/4.12.0","Accept-Encoding":"gzip","Content-Length":"179","Content-Type":"application\/json","X-Api-Key":"YOUR_SECURE_RANDOM_KEY","Host":"wjin.upv.edu.es"}
2025-10-06T21:51:04+00:00 RAW={"mac":"E6:14:89:83:B3:B9","major":2862,"minor":500,"nombre":"GTI-3A","rssi":-56,"timestamp":1759787464661,"txPower":203,"uuid":"45:50:53:47:2d:47:54:49:2d:50:52:4f:59:2d:33:41:"}
2025-10-06T21:51:04+00:00 METHOD=POST
2025-10-06T21:51:04+00:00 HEADERS={"User-Agent":"okhttp\/4.12.0","Accept-Encoding":"gzip","Content-Length":"179","Content-Type":"application\/json","X-Api-Key":"YOUR_SECURE_RANDOM_KEY","Host":"wjin.upv.edu.es"}
2025-10-06T21:51:04+00:00 RAW={"mac":"E6:14:89:83:B3:B9","major":2862,"minor":500,"nombre":"GTI-3A","rssi":-58,"timestamp":1759787464788,"txPower":203,"uuid":"45:50:53:47:2d:47:54:49:2d:50:52:4f:59:2d:33:41:"}
2025-10-06T21:51:04+00:00 METHOD=POST
2025-10-06T21:51:04+00:00 HEADERS={"User-Agent":"okhttp\/4.12.0","Accept-Encoding":"gzip","Content-Length":"179","Content-Type":"application\/json","X-Api-Key":"YOUR_SECURE_RANDOM_KEY","Host":"wjin.upv.edu.es"}
2025-10-06T21:51:04+00:00 RAW={"mac":"E6:14:89:83:B3:B9","major":2862,"minor":500,"nombre":"GTI-3A","rssi":-58,"timestamp":1759787464854,"txPower":203,"uuid":"45:50:53:47:2d:47:54:49:2d:50:52:4f:59:2d:33:41:"}
2025-10-06T21:51:04+00:00 METHOD=POST
2025-10-06T21:51:04+00:00 HEADERS={"User-Agent":"okhttp\/4.12.0","Accept-Encoding":"gzip","Content-Length":"179","Content-Type":"application\/json","X-Api-Key":"YOUR_SECURE_RANDOM_KEY","Host":"wjin.upv.edu.es"}
2025-10-06T21:51:04+00:00 RAW={"mac":"E6:14:89:83:B3:B9","major":2862,"minor":500,"nombre":"GTI-3A","rssi":-56,"timestamp":1759787464919,"txPower":203,"uuid":"45:50:53:47:2d:47:54:49:2d:50:52:4f:59:2d:33:41:"}
2025-10-06T21:51:04+00:00 METHOD=POST
2025-10-06T21:51:04+00:00 HEADERS={"User-Agent":"okhttp\/4.12.0","Accept-Encoding":"gzip","Content-Length":"179","Content-Type":"application\/json","X-Api-Key":"YOUR_SECURE_RANDOM_KEY","Host":"wjin.upv.edu.es"}
2025-10-06T21:51:04+00:00 RAW={"mac":"E6:14:89:83:B3:B9","major":2862,"minor":500,"nombre":"GTI-3A","rssi":-56,"timestamp":1759787464988,"txPower":203,"uuid":"45:50:53:47:2d:47:54:49:2d:50:52:4f:59:2d:33:41:"}
2025-10-06T21:51:04+00:00 METHOD=POST
2025-10-06T21:51:04+00:00 HEADERS={"User-Agent":"okhttp\/4.12.0","Accept-Encoding":"gzip","Content-Length":"179","Content-Type":"application\/json","X-Api-Key":"YOUR_SECURE_RANDOM_KEY","Host":"wjin.upv.edu.es"}
2025-10-06T21:51:04+00:00 RAW={"mac":"E6:14:89:83:B3:B9","major":2862,"minor":500,"nombre":"GTI-3A","rssi":-58,"timestamp":1759787465048,"txPower":203,"uuid":"45:50:53:47:2d:47:54:49:2d:50:52:4f:59:2d:33:41:"}
2025-10-06T21:51:04+00:00 METHOD=POST
2025-10-06T21:51:04+00:00 HEADERS={"User-Agent":"okhttp\/4.12.0","Accept-Encoding":"gzip","Content-Length":"179","Content-Type":"application\/json","X-Api-Key":"YOUR_SECURE_RANDOM_KEY","Host":"wjin.upv.edu.es"}
2025-10-06T21:51:04+00:00 RAW={"mac":"E6:14:89:83:B3:B9","major":2862,"minor":500,"nombre":"GTI-3A","rssi":-62,"timestamp":1759787465113,"txPower":203,"uuid":"45:50:53:47:2d:47:54:49:2d:50:52:4f:59:2d:33:41:"}
2025-10-06T21:51:10+00:00 METHOD=POST
2025-10-06T21:51:10+00:00 HEADERS={"User-Agent":"okhttp\/4.12.0","Accept-Encoding":"gzip","Content-Length":"179","Content-Type":"application\/json","X-Api-Key":"YOUR_SECURE_RANDOM_KEY","Host":"wjin.upv.edu.es"}
2025-10-06T21:51:10+00:00 RAW={"mac":"E6:14:89:83:B3:B9","major":2863,"minor":500,"nombre":"GTI-3A","rssi":-58,"timestamp":1759787470698,"txPower":203,"uuid":"45:50:53:47:2d:47:54:49:2d:50:52:4f:59:2d:33:41:"}
2025-10-06T21:51:10+00:00 METHOD=POST
2025-10-06T21:51:10+00:00 HEADERS={"User-Agent":"okhttp\/4.12.0","Accept-Encoding":"gzip","Content-Length":"179","Content-Type":"application\/json","X-Api-Key":"YOUR_SECURE_RANDOM_KEY","Host":"wjin.upv.edu.es"}
2025-10-06T21:51:10+00:00 RAW={"mac":"E6:14:89:83:B3:B9","major":2863,"minor":500,"nombre":"GTI-3A","rssi":-61,"timestamp":1759787470757,"txPower":203,"uuid":"45:50:53:47:2d:47:54:49:2d:50:52:4f:59:2d:33:41:"}
2025-10-06T21:51:10+00:00 METHOD=POST
2025-10-06T21:51:10+00:00 HEADERS={"User-Agent":"okhttp\/4.12.0","Accept-Encoding":"gzip","Content-Length":"179","Content-Type":"application\/json","X-Api-Key":"YOUR_SECURE_RANDOM_KEY","Host":"wjin.upv.edu.es"}
2025-10-06T21:51:10+00:00 RAW={"mac":"E6:14:89:83:B3:B9","major":2863,"minor":500,"nombre":"GTI-3A","rssi":-69,"timestamp":1759787470813,"txPower":203,"uuid":"45:50:53:47:2d:47:54:49:2d:50:52:4f:59:2d:33:41:"}
2025-10-06T21:51:10+00:00 METHOD=POST
2025-10-06T21:51:10+00:00 HEADERS={"User-Agent":"okhttp\/4.12.0","Accept-Encoding":"gzip","Content-Length":"179","Content-Type":"application\/json","X-Api-Key":"YOUR_SECURE_RANDOM_KEY","Host":"wjin.upv.edu.es"}
2025-10-06T21:51:10+00:00 RAW={"mac":"E6:14:89:83:B3:B9","major":2863,"minor":500,"nombre":"GTI-3A","rssi":-63,"timestamp":1759787470884,"txPower":203,"uuid":"45:50:53:47:2d:47:54:49:2d:50:52:4f:59:2d:33:41:"}
2025-10-06T21:51:10+00:00 METHOD=POST
2025-10-06T21:51:10+00:00 HEADERS={"User-Agent":"okhttp\/4.12.0","Accept-Encoding":"gzip","Content-Length":"179","Content-Type":"application\/json","X-Api-Key":"YOUR_SECURE_RANDOM_KEY","Host":"wjin.upv.edu.es"}
2025-10-06T21:51:10+00:00 RAW={"mac":"E6:14:89:83:B3:B9","major":2863,"minor":500,"nombre":"GTI-3A","rssi":-57,"timestamp":1759787470950,"txPower":203,"uuid":"45:50:53:47:2d:47:54:49:2d:50:52:4f:59:2d:33:41:"}
2025-10-06T21:51:10+00:00 METHOD=POST
2025-10-06T21:51:10+00:00 HEADERS={"User-Agent":"okhttp\/4.12.0","Accept-Encoding":"gzip","Content-Length":"179","Content-Type":"application\/json","X-Api-Key":"YOUR_SECURE_RANDOM_KEY","Host":"wjin.upv.edu.es"}
2025-10-06T21:51:10+00:00 RAW={"mac":"E6:14:89:83:B3:B9","major":2863,"minor":500,"nombre":"GTI-3A","rssi":-61,"timestamp":1759787471091,"txPower":203,"uuid":"45:50:53:47:2d:47:54:49:2d:50:52:4f:59:2d:33:41:"}
2025-10-06T21:51:10+00:00 METHOD=POST
2025-10-06T21:51:10+00:00 HEADERS={"User-Agent":"okhttp\/4.12.0","Accept-Encoding":"gzip","Content-Length":"179","Content-Type":"application\/json","X-Api-Key":"YOUR_SECURE_RANDOM_KEY","Host":"wjin.upv.edu.es"}
2025-10-06T21:51:10+00:00 RAW={"mac":"E6:14:89:83:B3:B9","major":2863,"minor":500,"nombre":"GTI-3A","rssi":-61,"timestamp":1759787471148,"txPower":203,"uuid":"45:50:53:47:2d:47:54:49:2d:50:52:4f:59:2d:33:41:"}
2025-10-06T21:51:10+00:00 METHOD=POST
2025-10-06T21:51:10+00:00 HEADERS={"User-Agent":"okhttp\/4.12.0","Accept-Encoding":"gzip","Content-Length":"179","Content-Type":"application\/json","X-Api-Key":"YOUR_SECURE_RANDOM_KEY","Host":"wjin.upv.edu.es"}
2025-10-06T21:51:10+00:00 RAW={"mac":"E6:14:89:83:B3:B9","major":2863,"minor":500,"nombre":"GTI-3A","rssi":-57,"timestamp":1759787471226,"txPower":203,"uuid":"45:50:53:47:2d:47:54:49:2d:50:52:4f:59:2d:33:41:"}
2025-10-06T21:51:10+00:00 METHOD=POST
2025-10-06T21:51:10+00:00 HEADERS={"User-Agent":"okhttp\/4.12.0","Accept-Encoding":"gzip","Content-Length":"179","Content-Type":"application\/json","X-Api-Key":"YOUR_SECURE_RANDOM_KEY","Host":"wjin.upv.edu.es"}
2025-10-06T21:51:10+00:00 RAW={"mac":"E6:14:89:83:B3:B9","major":2863,"minor":500,"nombre":"GTI-3A","rssi":-57,"timestamp":1759787471298,"txPower":203,"uuid":"45:50:53:47:2d:47:54:49:2d:50:52:4f:59:2d:33:41:"}
2025-10-06T21:51:11+00:00 METHOD=POST
2025-10-06T21:51:11+00:00 HEADERS={"User-Agent":"okhttp\/4.12.0","Accept-Encoding":"gzip","Content-Length":"179","Content-Type":"application\/json","X-Api-Key":"YOUR_SECURE_RANDOM_KEY","Host":"wjin.upv.edu.es"}
2025-10-06T21:51:11+00:00 RAW={"mac":"E6:14:89:83:B3:B9","major":2863,"minor":500,"nombre":"GTI-3A","rssi":-62,"timestamp":1759787471350,"txPower":203,"uuid":"45:50:53:47:2d:47:54:49:2d:50:52:4f:59:2d:33:41:"}
2025-10-06T21:51:11+00:00 METHOD=POST
2025-10-06T21:51:11+00:00 HEADERS={"User-Agent":"okhttp\/4.12.0","Accept-Encoding":"gzip","Content-Length":"179","Content-Type":"application\/json","X-Api-Key":"YOUR_SECURE_RANDOM_KEY","Host":"wjin.upv.edu.es"}
2025-10-06T21:51:11+00:00 RAW={"mac":"E6:14:89:83:B3:B9","major":2863,"minor":500,"nombre":"GTI-3A","rssi":-61,"timestamp":1759787471419,"txPower":203,"uuid":"45:50:53:47:2d:47:54:49:2d:50:52:4f:59:2d:33:41:"}
2025-10-06T21:51:11+00:00 METHOD=POST
2025-10-06T21:51:11+00:00 HEADERS={"User-Agent":"okhttp\/4.12.0","Accept-Encoding":"gzip","Content-Length":"179","Content-Type":"application\/json","X-Api-Key":"YOUR_SECURE_RANDOM_KEY","Host":"wjin.upv.edu.es"}
2025-10-06T21:51:11+00:00 RAW={"mac":"E6:14:89:83:B3:B9","major":2863,"minor":500,"nombre":"GTI-3A","rssi":-62,"timestamp":1759787471485,"txPower":203,"uuid":"45:50:53:47:2d:47:54:49:2d:50:52:4f:59:2d:33:41:"}
2025-10-06T21:51:11+00:00 METHOD=POST
2025-10-06T21:51:11+00:00 HEADERS={"User-Agent":"okhttp\/4.12.0","Accept-Encoding":"gzip","Content-Length":"179","Content-Type":"application\/json","X-Api-Key":"YOUR_SECURE_RANDOM_KEY","Host":"wjin.upv.edu.es"}
2025-10-06T21:51:11+00:00 RAW={"mac":"E6:14:89:83:B3:B9","major":2863,"minor":500,"nombre":"GTI-3A","rssi":-62,"timestamp":1759787471624,"txPower":203,"uuid":"45:50:53:47:2d:47:54:49:2d:50:52:4f:59:2d:33:41:"}
2025-10-06T21:51:16+00:00 METHOD=POST
2025-10-06T21:51:16+00:00 HEADERS={"User-Agent":"okhttp\/4.12.0","Accept-Encoding":"gzip","Content-Length":"179","Content-Type":"application\/json","X-Api-Key":"YOUR_SECURE_RANDOM_KEY","Host":"wjin.upv.edu.es"}
2025-10-06T21:51:16+00:00 RAW={"mac":"E6:14:89:83:B3:B9","major":2864,"minor":500,"nombre":"GTI-3A","rssi":-59,"timestamp":1759787477193,"txPower":203,"uuid":"45:50:53:47:2d:47:54:49:2d:50:52:4f:59:2d:33:41:"}
2025-10-06T21:51:16+00:00 METHOD=POST
2025-10-06T21:51:16+00:00 HEADERS={"User-Agent":"okhttp\/4.12.0","Accept-Encoding":"gzip","Content-Length":"179","Content-Type":"application\/json","X-Api-Key":"YOUR_SECURE_RANDOM_KEY","Host":"wjin.upv.edu.es"}
2025-10-06T21:51:16+00:00 RAW={"mac":"E6:14:89:83:B3:B9","major":2864,"minor":500,"nombre":"GTI-3A","rssi":-54,"timestamp":1759787477238,"txPower":203,"uuid":"45:50:53:47:2d:47:54:49:2d:50:52:4f:59:2d:33:41:"}
2025-10-06T21:51:16+00:00 METHOD=POST
2025-10-06T21:51:16+00:00 HEADERS={"User-Agent":"okhttp\/4.12.0","Accept-Encoding":"gzip","Content-Length":"179","Content-Type":"application\/json","X-Api-Key":"YOUR_SECURE_RANDOM_KEY","Host":"wjin.upv.edu.es"}
2025-10-06T21:51:16+00:00 RAW={"mac":"E6:14:89:83:B3:B9","major":2864,"minor":500,"nombre":"GTI-3A","rssi":-61,"timestamp":1759787477306,"txPower":203,"uuid":"45:50:53:47:2d:47:54:49:2d:50:52:4f:59:2d:33:41:"}
2025-10-06T21:51:17+00:00 METHOD=POST
2025-10-06T21:51:17+00:00 HEADERS={"User-Agent":"okhttp\/4.12.0","Accept-Encoding":"gzip","Content-Length":"179","Content-Type":"application\/json","X-Api-Key":"YOUR_SECURE_RANDOM_KEY","Host":"wjin.upv.edu.es"}
2025-10-06T21:51:17+00:00 RAW={"mac":"E6:14:89:83:B3:B9","major":2864,"minor":500,"nombre":"GTI-3A","rssi":-62,"timestamp":1759787477367,"txPower":203,"uuid":"45:50:53:47:2d:47:54:49:2d:50:52:4f:59:2d:33:41:"}
2025-10-06T21:51:17+00:00 METHOD=POST
2025-10-06T21:51:17+00:00 HEADERS={"User-Agent":"okhttp\/4.12.0","Accept-Encoding":"gzip","Content-Length":"179","Content-Type":"application\/json","X-Api-Key":"YOUR_SECURE_RANDOM_KEY","Host":"wjin.upv.edu.es"}
2025-10-06T21:51:17+00:00 RAW={"mac":"E6:14:89:83:B3:B9","major":2864,"minor":500,"nombre":"GTI-3A","rssi":-59,"timestamp":1759787477444,"txPower":203,"uuid":"45:50:53:47:2d:47:54:49:2d:50:52:4f:59:2d:33:41:"}
2025-10-06T21:51:17+00:00 METHOD=POST
2025-10-06T21:51:17+00:00 HEADERS={"User-Agent":"okhttp\/4.12.0","Accept-Encoding":"gzip","Content-Length":"179","Content-Type":"application\/json","X-Api-Key":"YOUR_SECURE_RANDOM_KEY","Host":"wjin.upv.edu.es"}
2025-10-06T21:51:17+00:00 RAW={"mac":"E6:14:89:83:B3:B9","major":2864,"minor":500,"nombre":"GTI-3A","rssi":-55,"timestamp":1759787477508,"txPower":203,"uuid":"45:50:53:47:2d:47:54:49:2d:50:52:4f:59:2d:33:41:"}
2025-10-06T21:51:17+00:00 METHOD=POST
2025-10-06T21:51:17+00:00 HEADERS={"User-Agent":"okhttp\/4.12.0","Accept-Encoding":"gzip","Content-Length":"179","Content-Type":"application\/json","X-Api-Key":"YOUR_SECURE_RANDOM_KEY","Host":"wjin.upv.edu.es"}
2025-10-06T21:51:17+00:00 RAW={"mac":"E6:14:89:83:B3:B9","major":2864,"minor":500,"nombre":"GTI-3A","rssi":-54,"timestamp":1759787477583,"txPower":203,"uuid":"45:50:53:47:2d:47:54:49:2d:50:52:4f:59:2d:33:41:"}
2025-10-06T21:51:17+00:00 METHOD=POST
2025-10-06T21:51:17+00:00 HEADERS={"User-Agent":"okhttp\/4.12.0","Accept-Encoding":"gzip","Content-Length":"179","Content-Type":"application\/json","X-Api-Key":"YOUR_SECURE_RANDOM_KEY","Host":"wjin.upv.edu.es"}
2025-10-06T21:51:17+00:00 RAW={"mac":"E6:14:89:83:B3:B9","major":2864,"minor":500,"nombre":"GTI-3A","rssi":-62,"timestamp":1759787477651,"txPower":203,"uuid":"45:50:53:47:2d:47:54:49:2d:50:52:4f:59:2d:33:41:"}
2025-10-06T21:51:17+00:00 METHOD=POST
2025-10-06T21:51:17+00:00 HEADERS={"User-Agent":"okhttp\/4.12.0","Accept-Encoding":"gzip","Content-Length":"179","Content-Type":"application\/json","X-Api-Key":"YOUR_SECURE_RANDOM_KEY","Host":"wjin.upv.edu.es"}
2025-10-06T21:51:17+00:00 RAW={"mac":"E6:14:89:83:B3:B9","major":2864,"minor":500,"nombre":"GTI-3A","rssi":-59,"timestamp":1759787477717,"txPower":203,"uuid":"45:50:53:47:2d:47:54:49:2d:50:52:4f:59:2d:33:41:"}
2025-10-06T21:51:17+00:00 METHOD=POST
2025-10-06T21:51:17+00:00 HEADERS={"User-Agent":"okhttp\/4.12.0","Accept-Encoding":"gzip","Content-Length":"179","Content-Type":"application\/json","X-Api-Key":"YOUR_SECURE_RANDOM_KEY","Host":"wjin.upv.edu.es"}
2025-10-06T21:51:17+00:00 RAW={"mac":"E6:14:89:83:B3:B9","major":2864,"minor":500,"nombre":"GTI-3A","rssi":-59,"timestamp":1759787477793,"txPower":203,"uuid":"45:50:53:47:2d:47:54:49:2d:50:52:4f:59:2d:33:41:"}
2025-10-06T21:51:17+00:00 METHOD=POST
2025-10-06T21:51:17+00:00 HEADERS={"User-Agent":"okhttp\/4.12.0","Accept-Encoding":"gzip","Content-Length":"179","Content-Type":"application\/json","X-Api-Key":"YOUR_SECURE_RANDOM_KEY","Host":"wjin.upv.edu.es"}
2025-10-06T21:51:17+00:00 RAW={"mac":"E6:14:89:83:B3:B9","major":2864,"minor":500,"nombre":"GTI-3A","rssi":-55,"timestamp":1759787477856,"txPower":203,"uuid":"45:50:53:47:2d:47:54:49:2d:50:52:4f:59:2d:33:41:"}
2025-10-06T21:51:17+00:00 METHOD=POST
2025-10-06T21:51:17+00:00 HEADERS={"User-Agent":"okhttp\/4.12.0","Accept-Encoding":"gzip","Content-Length":"179","Content-Type":"application\/json","X-Api-Key":"YOUR_SECURE_RANDOM_KEY","Host":"wjin.upv.edu.es"}
2025-10-06T21:51:17+00:00 RAW={"mac":"E6:14:89:83:B3:B9","major":2864,"minor":500,"nombre":"GTI-3A","rssi":-62,"timestamp":1759787477924,"txPower":203,"uuid":"45:50:53:47:2d:47:54:49:2d:50:52:4f:59:2d:33:41:"}
2025-10-06T21:51:17+00:00 METHOD=POST
2025-10-06T21:51:17+00:00 HEADERS={"User-Agent":"okhttp\/4.12.0","Accept-Encoding":"gzip","Content-Length":"179","Content-Type":"application\/json","X-Api-Key":"YOUR_SECURE_RANDOM_KEY","Host":"wjin.upv.edu.es"}
2025-10-06T21:51:17+00:00 RAW={"mac":"E6:14:89:83:B3:B9","major":2864,"minor":500,"nombre":"GTI-3A","rssi":-61,"timestamp":1759787477983,"txPower":203,"uuid":"45:50:53:47:2d:47:54:49:2d:50:52:4f:59:2d:33:41:"}
2025-10-06T21:51:17+00:00 METHOD=POST
2025-10-06T21:51:17+00:00 HEADERS={"User-Agent":"okhttp\/4.12.0","Accept-Encoding":"gzip","Content-Length":"179","Content-Type":"application\/json","X-Api-Key":"YOUR_SECURE_RANDOM_KEY","Host":"wjin.upv.edu.es"}
2025-10-06T21:51:17+00:00 RAW={"mac":"E6:14:89:83:B3:B9","major":2864,"minor":500,"nombre":"GTI-3A","rssi":-59,"timestamp":1759787478040,"txPower":203,"uuid":"45:50:53:47:2d:47:54:49:2d:50:52:4f:59:2d:33:41:"}
2025-10-06T21:51:17+00:00 METHOD=POST
2025-10-06T21:51:17+00:00 HEADERS={"User-Agent":"okhttp\/4.12.0","Accept-Encoding":"gzip","Content-Length":"179","Content-Type":"application\/json","X-Api-Key":"YOUR_SECURE_RANDOM_KEY","Host":"wjin.upv.edu.es"}
2025-10-06T21:51:17+00:00 RAW={"mac":"E6:14:89:83:B3:B9","major":2864,"minor":500,"nombre":"GTI-3A","rssi":-55,"timestamp":1759787478119,"txPower":203,"uuid":"45:50:53:47:2d:47:54:49:2d:50:52:4f:59:2d:33:41:"}
2025-10-06T21:51:23+00:00 METHOD=POST
2025-10-06T21:51:23+00:00 HEADERS={"User-Agent":"okhttp\/4.12.0","Accept-Encoding":"gzip","Content-Length":"179","Content-Type":"application\/json","X-Api-Key":"YOUR_SECURE_RANDOM_KEY","Host":"wjin.upv.edu.es"}
2025-10-06T21:51:23+00:00 RAW={"mac":"E6:14:89:83:B3:B9","major":2865,"minor":500,"nombre":"GTI-3A","rssi":-63,"timestamp":1759787483688,"txPower":203,"uuid":"45:50:53:47:2d:47:54:49:2d:50:52:4f:59:2d:33:41:"}
2025-10-06T21:51:23+00:00 METHOD=POST
2025-10-06T21:51:23+00:00 HEADERS={"User-Agent":"okhttp\/4.12.0","Accept-Encoding":"gzip","Content-Length":"179","Content-Type":"application\/json","X-Api-Key":"YOUR_SECURE_RANDOM_KEY","Host":"wjin.upv.edu.es"}
2025-10-06T21:51:23+00:00 RAW={"mac":"E6:14:89:83:B3:B9","major":2865,"minor":500,"nombre":"GTI-3A","rssi":-58,"timestamp":1759787483743,"txPower":203,"uuid":"45:50:53:47:2d:47:54:49:2d:50:52:4f:59:2d:33:41:"}
2025-10-06T21:51:23+00:00 METHOD=POST
2025-10-06T21:51:23+00:00 HEADERS={"User-Agent":"okhttp\/4.12.0","Accept-Encoding":"gzip","Content-Length":"179","Content-Type":"application\/json","X-Api-Key":"YOUR_SECURE_RANDOM_KEY","Host":"wjin.upv.edu.es"}
2025-10-06T21:51:23+00:00 RAW={"mac":"E6:14:89:83:B3:B9","major":2865,"minor":500,"nombre":"GTI-3A","rssi":-55,"timestamp":1759787483887,"txPower":203,"uuid":"45:50:53:47:2d:47:54:49:2d:50:52:4f:59:2d:33:41:"}
2025-10-06T21:51:23+00:00 METHOD=POST
2025-10-06T21:51:23+00:00 HEADERS={"User-Agent":"okhttp\/4.12.0","Accept-Encoding":"gzip","Content-Length":"179","Content-Type":"application\/json","X-Api-Key":"YOUR_SECURE_RANDOM_KEY","Host":"wjin.upv.edu.es"}
2025-10-06T21:51:23+00:00 RAW={"mac":"E6:14:89:83:B3:B9","major":2865,"minor":500,"nombre":"GTI-3A","rssi":-63,"timestamp":1759787483956,"txPower":203,"uuid":"45:50:53:47:2d:47:54:49:2d:50:52:4f:59:2d:33:41:"}
2025-10-06T21:51:23+00:00 METHOD=POST
2025-10-06T21:51:23+00:00 HEADERS={"User-Agent":"okhttp\/4.12.0","Accept-Encoding":"gzip","Content-Length":"179","Content-Type":"application\/json","X-Api-Key":"YOUR_SECURE_RANDOM_KEY","Host":"wjin.upv.edu.es"}
2025-10-06T21:51:23+00:00 RAW={"mac":"E6:14:89:83:B3:B9","major":2865,"minor":500,"nombre":"GTI-3A","rssi":-57,"timestamp":1759787484083,"txPower":203,"uuid":"45:50:53:47:2d:47:54:49:2d:50:52:4f:59:2d:33:41:"}
2025-10-06T21:51:23+00:00 METHOD=POST
2025-10-06T21:51:23+00:00 HEADERS={"User-Agent":"okhttp\/4.12.0","Accept-Encoding":"gzip","Content-Length":"179","Content-Type":"application\/json","X-Api-Key":"YOUR_SECURE_RANDOM_KEY","Host":"wjin.upv.edu.es"}
2025-10-06T21:51:23+00:00 RAW={"mac":"E6:14:89:83:B3:B9","major":2865,"minor":500,"nombre":"GTI-3A","rssi":-54,"timestamp":1759787484158,"txPower":203,"uuid":"45:50:53:47:2d:47:54:49:2d:50:52:4f:59:2d:33:41:"}
2025-10-06T21:51:23+00:00 METHOD=POST
2025-10-06T21:51:23+00:00 HEADERS={"User-Agent":"okhttp\/4.12.0","Accept-Encoding":"gzip","Content-Length":"179","Content-Type":"application\/json","X-Api-Key":"YOUR_SECURE_RANDOM_KEY","Host":"wjin.upv.edu.es"}
2025-10-06T21:51:23+00:00 RAW={"mac":"E6:14:89:83:B3:B9","major":2865,"minor":500,"nombre":"GTI-3A","rssi":-63,"timestamp":1759787484224,"txPower":203,"uuid":"45:50:53:47:2d:47:54:49:2d:50:52:4f:59:2d:33:41:"}
2025-10-06T21:51:23+00:00 METHOD=POST
2025-10-06T21:51:23+00:00 HEADERS={"User-Agent":"okhttp\/4.12.0","Accept-Encoding":"gzip","Content-Length":"179","Content-Type":"application\/json","X-Api-Key":"YOUR_SECURE_RANDOM_KEY","Host":"wjin.upv.edu.es"}
2025-10-06T21:51:23+00:00 RAW={"mac":"E6:14:89:83:B3:B9","major":2865,"minor":500,"nombre":"GTI-3A","rssi":-63,"timestamp":1759787484278,"txPower":203,"uuid":"45:50:53:47:2d:47:54:49:2d:50:52:4f:59:2d:33:41:"}
2025-10-06T21:51:24+00:00 METHOD=POST
2025-10-06T21:51:24+00:00 HEADERS={"User-Agent":"okhttp\/4.12.0","Accept-Encoding":"gzip","Content-Length":"179","Content-Type":"application\/json","X-Api-Key":"YOUR_SECURE_RANDOM_KEY","Host":"wjin.upv.edu.es"}
2025-10-06T21:51:24+00:00 RAW={"mac":"E6:14:89:83:B3:B9","major":2865,"minor":500,"nombre":"GTI-3A","rssi":-57,"timestamp":1759787484354,"txPower":203,"uuid":"45:50:53:47:2d:47:54:49:2d:50:52:4f:59:2d:33:41:"}
2025-10-06T21:51:24+00:00 METHOD=POST
2025-10-06T21:51:24+00:00 HEADERS={"User-Agent":"okhttp\/4.12.0","Accept-Encoding":"gzip","Content-Length":"179","Content-Type":"application\/json","X-Api-Key":"YOUR_SECURE_RANDOM_KEY","Host":"wjin.upv.edu.es"}
2025-10-06T21:51:24+00:00 RAW={"mac":"E6:14:89:83:B3:B9","major":2865,"minor":500,"nombre":"GTI-3A","rssi":-54,"timestamp":1759787484422,"txPower":203,"uuid":"45:50:53:47:2d:47:54:49:2d:50:52:4f:59:2d:33:41:"}
2025-10-06T21:51:24+00:00 METHOD=POST
2025-10-06T21:51:24+00:00 METHOD=POST
2025-10-06T21:51:24+00:00 HEADERS={"User-Agent":"okhttp\/4.12.0","Accept-Encoding":"gzip","Content-Length":"179","Content-Type":"application\/json","X-Api-Key":"YOUR_SECURE_RANDOM_KEY","Host":"wjin.upv.edu.es"}
2025-10-06T21:51:24+00:00 HEADERS={"User-Agent":"okhttp\/4.12.0","Accept-Encoding":"gzip","Content-Length":"179","Content-Type":"application\/json","X-Api-Key":"YOUR_SECURE_RANDOM_KEY","Host":"wjin.upv.edu.es"}
2025-10-06T21:51:24+00:00 RAW={"mac":"E6:14:89:83:B3:B9","major":2865,"minor":500,"nombre":"GTI-3A","rssi":-54,"timestamp":1759787484493,"txPower":203,"uuid":"45:50:53:47:2d:47:54:49:2d:50:52:4f:59:2d:33:41:"}
2025-10-06T21:51:24+00:00 RAW={"mac":"E6:14:89:83:B3:B9","major":2865,"minor":500,"nombre":"GTI-3A","rssi":-63,"timestamp":1759787484553,"txPower":203,"uuid":"45:50:53:47:2d:47:54:49:2d:50:52:4f:59:2d:33:41:"}
2025-10-06T21:51:24+00:00 METHOD=POST
2025-10-06T21:51:24+00:00 HEADERS={"User-Agent":"okhttp\/4.12.0","Accept-Encoding":"gzip","Content-Length":"179","Content-Type":"application\/json","X-Api-Key":"YOUR_SECURE_RANDOM_KEY","Host":"wjin.upv.edu.es"}
2025-10-06T21:51:24+00:00 RAW={"mac":"E6:14:89:83:B3:B9","major":2865,"minor":500,"nombre":"GTI-3A","rssi":-57,"timestamp":1759787484614,"txPower":203,"uuid":"45:50:53:47:2d:47:54:49:2d:50:52:4f:59:2d:33:41:"}
2025-10-06T21:51:29+00:00 METHOD=POST
2025-10-06T21:51:29+00:00 HEADERS={"User-Agent":"okhttp\/4.12.0","Accept-Encoding":"gzip","Content-Length":"179","Content-Type":"application\/json","X-Api-Key":"YOUR_SECURE_RANDOM_KEY","Host":"wjin.upv.edu.es"}
2025-10-06T21:51:29+00:00 RAW={"mac":"E6:14:89:83:B3:B9","major":2866,"minor":500,"nombre":"GTI-3A","rssi":-54,"timestamp":1759787490194,"txPower":203,"uuid":"45:50:53:47:2d:47:54:49:2d:50:52:4f:59:2d:33:41:"}
2025-10-06T21:51:29+00:00 METHOD=POST
2025-10-06T21:51:29+00:00 HEADERS={"User-Agent":"okhttp\/4.12.0","Accept-Encoding":"gzip","Content-Length":"179","Content-Type":"application\/json","X-Api-Key":"YOUR_SECURE_RANDOM_KEY","Host":"wjin.upv.edu.es"}
2025-10-06T21:51:29+00:00 RAW={"mac":"E6:14:89:83:B3:B9","major":2866,"minor":500,"nombre":"GTI-3A","rssi":-61,"timestamp":1759787490245,"txPower":203,"uuid":"45:50:53:47:2d:47:54:49:2d:50:52:4f:59:2d:33:41:"}
2025-10-06T21:51:29+00:00 METHOD=POST
2025-10-06T21:51:29+00:00 HEADERS={"User-Agent":"okhttp\/4.12.0","Accept-Encoding":"gzip","Content-Length":"179","Content-Type":"application\/json","X-Api-Key":"YOUR_SECURE_RANDOM_KEY","Host":"wjin.upv.edu.es"}
2025-10-06T21:51:29+00:00 RAW={"mac":"E6:14:89:83:B3:B9","major":2866,"minor":500,"nombre":"GTI-3A","rssi":-62,"timestamp":1759787490297,"txPower":203,"uuid":"45:50:53:47:2d:47:54:49:2d:50:52:4f:59:2d:33:41:"}
2025-10-06T21:51:30+00:00 METHOD=POST
2025-10-06T21:51:30+00:00 HEADERS={"User-Agent":"okhttp\/4.12.0","Accept-Encoding":"gzip","Content-Length":"179","Content-Type":"application\/json","X-Api-Key":"YOUR_SECURE_RANDOM_KEY","Host":"wjin.upv.edu.es"}
2025-10-06T21:51:30+00:00 RAW={"mac":"E6:14:89:83:B3:B9","major":2866,"minor":500,"nombre":"GTI-3A","rssi":-57,"timestamp":1759787490368,"txPower":203,"uuid":"45:50:53:47:2d:47:54:49:2d:50:52:4f:59:2d:33:41:"}
2025-10-06T21:51:30+00:00 METHOD=POST
2025-10-06T21:51:30+00:00 HEADERS={"User-Agent":"okhttp\/4.12.0","Accept-Encoding":"gzip","Content-Length":"179","Content-Type":"application\/json","X-Api-Key":"YOUR_SECURE_RANDOM_KEY","Host":"wjin.upv.edu.es"}
2025-10-06T21:51:30+00:00 RAW={"mac":"E6:14:89:83:B3:B9","major":2866,"minor":500,"nombre":"GTI-3A","rssi":-57,"timestamp":1759787490425,"txPower":203,"uuid":"45:50:53:47:2d:47:54:49:2d:50:52:4f:59:2d:33:41:"}
2025-10-06T21:51:30+00:00 METHOD=POST
2025-10-06T21:51:30+00:00 HEADERS={"User-Agent":"okhttp\/4.12.0","Accept-Encoding":"gzip","Content-Length":"179","Content-Type":"application\/json","X-Api-Key":"YOUR_SECURE_RANDOM_KEY","Host":"wjin.upv.edu.es"}
2025-10-06T21:51:30+00:00 RAW={"mac":"E6:14:89:83:B3:B9","major":2866,"minor":500,"nombre":"GTI-3A","rssi":-54,"timestamp":1759787490494,"txPower":203,"uuid":"45:50:53:47:2d:47:54:49:2d:50:52:4f:59:2d:33:41:"}
2025-10-06T21:51:30+00:00 METHOD=POST
2025-10-06T21:51:30+00:00 HEADERS={"User-Agent":"okhttp\/4.12.0","Accept-Encoding":"gzip","Content-Length":"179","Content-Type":"application\/json","X-Api-Key":"YOUR_SECURE_RANDOM_KEY","Host":"wjin.upv.edu.es"}
2025-10-06T21:51:30+00:00 RAW={"mac":"E6:14:89:83:B3:B9","major":2866,"minor":500,"nombre":"GTI-3A","rssi":-61,"timestamp":1759787490573,"txPower":203,"uuid":"45:50:53:47:2d:47:54:49:2d:50:52:4f:59:2d:33:41:"}
2025-10-06T21:51:30+00:00 METHOD=POST
2025-10-06T21:51:30+00:00 HEADERS={"User-Agent":"okhttp\/4.12.0","Accept-Encoding":"gzip","Content-Length":"179","Content-Type":"application\/json","X-Api-Key":"YOUR_SECURE_RANDOM_KEY","Host":"wjin.upv.edu.es"}
2025-10-06T21:51:30+00:00 RAW={"mac":"E6:14:89:83:B3:B9","major":2866,"minor":500,"nombre":"GTI-3A","rssi":-57,"timestamp":1759787490704,"txPower":203,"uuid":"45:50:53:47:2d:47:54:49:2d:50:52:4f:59:2d:33:41:"}
2025-10-06T21:51:30+00:00 METHOD=POST
2025-10-06T21:51:30+00:00 HEADERS={"User-Agent":"okhttp\/4.12.0","Accept-Encoding":"gzip","Content-Length":"179","Content-Type":"application\/json","X-Api-Key":"YOUR_SECURE_RANDOM_KEY","Host":"wjin.upv.edu.es"}
2025-10-06T21:51:30+00:00 RAW={"mac":"E6:14:89:83:B3:B9","major":2866,"minor":500,"nombre":"GTI-3A","rssi":-53,"timestamp":1759787490758,"txPower":203,"uuid":"45:50:53:47:2d:47:54:49:2d:50:52:4f:59:2d:33:41:"}
2025-10-06T21:51:30+00:00 METHOD=POST
2025-10-06T21:51:30+00:00 HEADERS={"User-Agent":"okhttp\/4.12.0","Accept-Encoding":"gzip","Content-Length":"179","Content-Type":"application\/json","X-Api-Key":"YOUR_SECURE_RANDOM_KEY","Host":"wjin.upv.edu.es"}
2025-10-06T21:51:30+00:00 RAW={"mac":"E6:14:89:83:B3:B9","major":2866,"minor":500,"nombre":"GTI-3A","rssi":-62,"timestamp":1759787490825,"txPower":203,"uuid":"45:50:53:47:2d:47:54:49:2d:50:52:4f:59:2d:33:41:"}
2025-10-06T21:51:30+00:00 METHOD=POST
2025-10-06T21:51:30+00:00 HEADERS={"User-Agent":"okhttp\/4.12.0","Accept-Encoding":"gzip","Content-Length":"179","Content-Type":"application\/json","X-Api-Key":"YOUR_SECURE_RANDOM_KEY","Host":"wjin.upv.edu.es"}
2025-10-06T21:51:30+00:00 RAW={"mac":"E6:14:89:83:B3:B9","major":2866,"minor":500,"nombre":"GTI-3A","rssi":-62,"timestamp":1759787490890,"txPower":203,"uuid":"45:50:53:47:2d:47:54:49:2d:50:52:4f:59:2d:33:41:"}
2025-10-06T21:51:30+00:00 METHOD=POST
2025-10-06T21:51:30+00:00 HEADERS={"User-Agent":"okhttp\/4.12.0","Accept-Encoding":"gzip","Content-Length":"179","Content-Type":"application\/json","X-Api-Key":"YOUR_SECURE_RANDOM_KEY","Host":"wjin.upv.edu.es"}
2025-10-06T21:51:30+00:00 RAW={"mac":"E6:14:89:83:B3:B9","major":2866,"minor":500,"nombre":"GTI-3A","rssi":-56,"timestamp":1759787490961,"txPower":203,"uuid":"45:50:53:47:2d:47:54:49:2d:50:52:4f:59:2d:33:41:"}
2025-10-06T21:51:30+00:00 METHOD=POST
2025-10-06T21:51:30+00:00 HEADERS={"User-Agent":"okhttp\/4.12.0","Accept-Encoding":"gzip","Content-Length":"179","Content-Type":"application\/json","X-Api-Key":"YOUR_SECURE_RANDOM_KEY","Host":"wjin.upv.edu.es"}
2025-10-06T21:51:30+00:00 RAW={"mac":"E6:14:89:83:B3:B9","major":2866,"minor":500,"nombre":"GTI-3A","rssi":-54,"timestamp":1759787491025,"txPower":203,"uuid":"45:50:53:47:2d:47:54:49:2d:50:52:4f:59:2d:33:41:"}
2025-10-06T21:51:36+00:00 METHOD=POST
2025-10-06T21:51:36+00:00 HEADERS={"User-Agent":"okhttp\/4.12.0","Accept-Encoding":"gzip","Content-Length":"179","Content-Type":"application\/json","X-Api-Key":"YOUR_SECURE_RANDOM_KEY","Host":"wjin.upv.edu.es"}
2025-10-06T21:51:36+00:00 RAW={"mac":"E6:14:89:83:B3:B9","major":2867,"minor":500,"nombre":"GTI-3A","rssi":-56,"timestamp":1759787496686,"txPower":203,"uuid":"45:50:53:47:2d:47:54:49:2d:50:52:4f:59:2d:33:41:"}
2025-10-06T21:51:36+00:00 METHOD=POST
2025-10-06T21:51:36+00:00 HEADERS={"User-Agent":"okhttp\/4.12.0","Accept-Encoding":"gzip","Content-Length":"179","Content-Type":"application\/json","X-Api-Key":"YOUR_SECURE_RANDOM_KEY","Host":"wjin.upv.edu.es"}
2025-10-06T21:51:36+00:00 RAW={"mac":"E6:14:89:83:B3:B9","major":2867,"minor":500,"nombre":"GTI-3A","rssi":-54,"timestamp":1759787496725,"txPower":203,"uuid":"45:50:53:47:2d:47:54:49:2d:50:52:4f:59:2d:33:41:"}
2025-10-06T21:51:36+00:00 METHOD=POST
2025-10-06T21:51:36+00:00 HEADERS={"User-Agent":"okhttp\/4.12.0","Accept-Encoding":"gzip","Content-Length":"179","Content-Type":"application\/json","X-Api-Key":"YOUR_SECURE_RANDOM_KEY","Host":"wjin.upv.edu.es"}
2025-10-06T21:51:36+00:00 RAW={"mac":"E6:14:89:83:B3:B9","major":2867,"minor":500,"nombre":"GTI-3A","rssi":-54,"timestamp":1759787496799,"txPower":203,"uuid":"45:50:53:47:2d:47:54:49:2d:50:52:4f:59:2d:33:41:"}
2025-10-06T21:51:36+00:00 METHOD=POST
2025-10-06T21:51:36+00:00 HEADERS={"User-Agent":"okhttp\/4.12.0","Accept-Encoding":"gzip","Content-Length":"179","Content-Type":"application\/json","X-Api-Key":"YOUR_SECURE_RANDOM_KEY","Host":"wjin.upv.edu.es"}
2025-10-06T21:51:36+00:00 RAW={"mac":"E6:14:89:83:B3:B9","major":2867,"minor":500,"nombre":"GTI-3A","rssi":-61,"timestamp":1759787496855,"txPower":203,"uuid":"45:50:53:47:2d:47:54:49:2d:50:52:4f:59:2d:33:41:"}
2025-10-06T21:51:36+00:00 METHOD=POST
2025-10-06T21:51:36+00:00 HEADERS={"User-Agent":"okhttp\/4.12.0","Accept-Encoding":"gzip","Content-Length":"179","Content-Type":"application\/json","X-Api-Key":"YOUR_SECURE_RANDOM_KEY","Host":"wjin.upv.edu.es"}
2025-10-06T21:51:36+00:00 RAW={"mac":"E6:14:89:83:B3:B9","major":2867,"minor":500,"nombre":"GTI-3A","rssi":-56,"timestamp":1759787496919,"txPower":203,"uuid":"45:50:53:47:2d:47:54:49:2d:50:52:4f:59:2d:33:41:"}
2025-10-06T21:51:36+00:00 METHOD=POST
2025-10-06T21:51:36+00:00 HEADERS={"User-Agent":"okhttp\/4.12.0","Accept-Encoding":"gzip","Content-Length":"179","Content-Type":"application\/json","X-Api-Key":"YOUR_SECURE_RANDOM_KEY","Host":"wjin.upv.edu.es"}
2025-10-06T21:51:36+00:00 RAW={"mac":"E6:14:89:83:B3:B9","major":2867,"minor":500,"nombre":"GTI-3A","rssi":-61,"timestamp":1759787496984,"txPower":203,"uuid":"45:50:53:47:2d:47:54:49:2d:50:52:4f:59:2d:33:41:"}
2025-10-06T21:51:36+00:00 METHOD=POST
2025-10-06T21:51:36+00:00 HEADERS={"User-Agent":"okhttp\/4.12.0","Accept-Encoding":"gzip","Content-Length":"179","Content-Type":"application\/json","X-Api-Key":"YOUR_SECURE_RANDOM_KEY","Host":"wjin.upv.edu.es"}
2025-10-06T21:51:36+00:00 RAW={"mac":"E6:14:89:83:B3:B9","major":2867,"minor":500,"nombre":"GTI-3A","rssi":-54,"timestamp":1759787497051,"txPower":203,"uuid":"45:50:53:47:2d:47:54:49:2d:50:52:4f:59:2d:33:41:"}
2025-10-06T21:51:36+00:00 METHOD=POST
2025-10-06T21:51:36+00:00 HEADERS={"User-Agent":"okhttp\/4.12.0","Accept-Encoding":"gzip","Content-Length":"179","Content-Type":"application\/json","X-Api-Key":"YOUR_SECURE_RANDOM_KEY","Host":"wjin.upv.edu.es"}
2025-10-06T21:51:36+00:00 RAW={"mac":"E6:14:89:83:B3:B9","major":2867,"minor":500,"nombre":"GTI-3A","rssi":-61,"timestamp":1759787497203,"txPower":203,"uuid":"45:50:53:47:2d:47:54:49:2d:50:52:4f:59:2d:33:41:"}
2025-10-06T21:51:37+00:00 METHOD=POST
2025-10-06T21:51:37+00:00 HEADERS={"User-Agent":"okhttp\/4.12.0","Accept-Encoding":"gzip","Content-Length":"179","Content-Type":"application\/json","X-Api-Key":"YOUR_SECURE_RANDOM_KEY","Host":"wjin.upv.edu.es"}
2025-10-06T21:51:37+00:00 RAW={"mac":"E6:14:89:83:B3:B9","major":2867,"minor":500,"nombre":"GTI-3A","rssi":-54,"timestamp":1759787497330,"txPower":203,"uuid":"45:50:53:47:2d:47:54:49:2d:50:52:4f:59:2d:33:41:"}
2025-10-06T21:51:37+00:00 METHOD=POST
2025-10-06T21:51:37+00:00 HEADERS={"User-Agent":"okhttp\/4.12.0","Accept-Encoding":"gzip","Content-Length":"179","Content-Type":"application\/json","X-Api-Key":"YOUR_SECURE_RANDOM_KEY","Host":"wjin.upv.edu.es"}
2025-10-06T21:51:37+00:00 RAW={"mac":"E6:14:89:83:B3:B9","major":2867,"minor":500,"nombre":"GTI-3A","rssi":-54,"timestamp":1759787497403,"txPower":203,"uuid":"45:50:53:47:2d:47:54:49:2d:50:52:4f:59:2d:33:41:"}
2025-10-06T21:51:37+00:00 METHOD=POST
2025-10-06T21:51:37+00:00 METHOD=POST
2025-10-06T21:51:37+00:00 METHOD=POST
2025-10-06T21:51:37+00:00 HEADERS={"User-Agent":"okhttp\/4.12.0","Accept-Encoding":"gzip","Content-Length":"179","Content-Type":"application\/json","X-Api-Key":"YOUR_SECURE_RANDOM_KEY","Host":"wjin.upv.edu.es"}
2025-10-06T21:51:37+00:00 HEADERS={"User-Agent":"okhttp\/4.12.0","Accept-Encoding":"gzip","Content-Length":"179","Content-Type":"application\/json","X-Api-Key":"YOUR_SECURE_RANDOM_KEY","Host":"wjin.upv.edu.es"}
2025-10-06T21:51:37+00:00 HEADERS={"User-Agent":"okhttp\/4.12.0","Accept-Encoding":"gzip","Content-Length":"179","Content-Type":"application\/json","X-Api-Key":"YOUR_SECURE_RANDOM_KEY","Host":"wjin.upv.edu.es"}
2025-10-06T21:51:37+00:00 RAW={"mac":"E6:14:89:83:B3:B9","major":2867,"minor":500,"nombre":"GTI-3A","rssi":-56,"timestamp":1759787497594,"txPower":203,"uuid":"45:50:53:47:2d:47:54:49:2d:50:52:4f:59:2d:33:41:"}
2025-10-06T21:51:37+00:00 RAW={"mac":"E6:14:89:83:B3:B9","major":2867,"minor":500,"nombre":"GTI-3A","rssi":-56,"timestamp":1759787497530,"txPower":203,"uuid":"45:50:53:47:2d:47:54:49:2d:50:52:4f:59:2d:33:41:"}
2025-10-06T21:51:37+00:00 RAW={"mac":"E6:14:89:83:B3:B9","major":2867,"minor":500,"nombre":"GTI-3A","rssi":-61,"timestamp":1759787497457,"txPower":203,"uuid":"45:50:53:47:2d:47:54:49:2d:50:52:4f:59:2d:33:41:"}
2025-10-06T21:51:42+00:00 METHOD=POST
2025-10-06T21:51:42+00:00 HEADERS={"User-Agent":"okhttp\/4.12.0","Accept-Encoding":"gzip","Content-Length":"179","Content-Type":"application\/json","X-Api-Key":"YOUR_SECURE_RANDOM_KEY","Host":"wjin.upv.edu.es"}
2025-10-06T21:51:42+00:00 RAW={"mac":"E6:14:89:83:B3:B9","major":2868,"minor":500,"nombre":"GTI-3A","rssi":-65,"timestamp":1759787503176,"txPower":203,"uuid":"45:50:53:47:2d:47:54:49:2d:50:52:4f:59:2d:33:41:"}
2025-10-06T21:51:42+00:00 METHOD=POST
2025-10-06T21:51:42+00:00 HEADERS={"User-Agent":"okhttp\/4.12.0","Accept-Encoding":"gzip","Content-Length":"179","Content-Type":"application\/json","X-Api-Key":"YOUR_SECURE_RANDOM_KEY","Host":"wjin.upv.edu.es"}
2025-10-06T21:51:42+00:00 RAW={"mac":"E6:14:89:83:B3:B9","major":2868,"minor":500,"nombre":"GTI-3A","rssi":-62,"timestamp":1759787503235,"txPower":203,"uuid":"45:50:53:47:2d:47:54:49:2d:50:52:4f:59:2d:33:41:"}
2025-10-06T21:51:42+00:00 METHOD=POST
2025-10-06T21:51:42+00:00 HEADERS={"User-Agent":"okhttp\/4.12.0","Accept-Encoding":"gzip","Content-Length":"179","Content-Type":"application\/json","X-Api-Key":"YOUR_SECURE_RANDOM_KEY","Host":"wjin.upv.edu.es"}
2025-10-06T21:51:42+00:00 RAW={"mac":"E6:14:89:83:B3:B9","major":2868,"minor":500,"nombre":"GTI-3A","rssi":-61,"timestamp":1759787503294,"txPower":203,"uuid":"45:50:53:47:2d:47:54:49:2d:50:52:4f:59:2d:33:41:"}
2025-10-06T21:51:43+00:00 METHOD=POST
2025-10-06T21:51:43+00:00 HEADERS={"User-Agent":"okhttp\/4.12.0","Accept-Encoding":"gzip","Content-Length":"179","Content-Type":"application\/json","X-Api-Key":"YOUR_SECURE_RANDOM_KEY","Host":"wjin.upv.edu.es"}
2025-10-06T21:51:43+00:00 RAW={"mac":"E6:14:89:83:B3:B9","major":2868,"minor":500,"nombre":"GTI-3A","rssi":-56,"timestamp":1759787503361,"txPower":203,"uuid":"45:50:53:47:2d:47:54:49:2d:50:52:4f:59:2d:33:41:"}
2025-10-06T21:51:43+00:00 METHOD=POST
2025-10-06T21:51:43+00:00 HEADERS={"User-Agent":"okhttp\/4.12.0","Accept-Encoding":"gzip","Content-Length":"179","Content-Type":"application\/json","X-Api-Key":"YOUR_SECURE_RANDOM_KEY","Host":"wjin.upv.edu.es"}
2025-10-06T21:51:43+00:00 RAW={"mac":"E6:14:89:83:B3:B9","major":2868,"minor":500,"nombre":"GTI-3A","rssi":-64,"timestamp":1759787503428,"txPower":203,"uuid":"45:50:53:47:2d:47:54:49:2d:50:52:4f:59:2d:33:41:"}
2025-10-06T21:51:43+00:00 METHOD=POST
2025-10-06T21:51:43+00:00 HEADERS={"User-Agent":"okhttp\/4.12.0","Accept-Encoding":"gzip","Content-Length":"179","Content-Type":"application\/json","X-Api-Key":"YOUR_SECURE_RANDOM_KEY","Host":"wjin.upv.edu.es"}
2025-10-06T21:51:43+00:00 RAW={"mac":"E6:14:89:83:B3:B9","major":2868,"minor":500,"nombre":"GTI-3A","rssi":-65,"timestamp":1759787503491,"txPower":203,"uuid":"45:50:53:47:2d:47:54:49:2d:50:52:4f:59:2d:33:41:"}
2025-10-06T21:51:43+00:00 METHOD=POST
2025-10-06T21:51:43+00:00 HEADERS={"User-Agent":"okhttp\/4.12.0","Accept-Encoding":"gzip","Content-Length":"179","Content-Type":"application\/json","X-Api-Key":"YOUR_SECURE_RANDOM_KEY","Host":"wjin.upv.edu.es"}
2025-10-06T21:51:43+00:00 RAW={"mac":"E6:14:89:83:B3:B9","major":2868,"minor":500,"nombre":"GTI-3A","rssi":-61,"timestamp":1759787503562,"txPower":203,"uuid":"45:50:53:47:2d:47:54:49:2d:50:52:4f:59:2d:33:41:"}
2025-10-06T21:51:43+00:00 METHOD=POST
2025-10-06T21:51:43+00:00 HEADERS={"User-Agent":"okhttp\/4.12.0","Accept-Encoding":"gzip","Content-Length":"179","Content-Type":"application\/json","X-Api-Key":"YOUR_SECURE_RANDOM_KEY","Host":"wjin.upv.edu.es"}
2025-10-06T21:51:43+00:00 RAW={"mac":"E6:14:89:83:B3:B9","major":2868,"minor":500,"nombre":"GTI-3A","rssi":-56,"timestamp":1759787503627,"txPower":203,"uuid":"45:50:53:47:2d:47:54:49:2d:50:52:4f:59:2d:33:41:"}
2025-10-06T21:51:43+00:00 METHOD=POST
2025-10-06T21:51:43+00:00 HEADERS={"User-Agent":"okhttp\/4.12.0","Accept-Encoding":"gzip","Content-Length":"179","Content-Type":"application\/json","X-Api-Key":"YOUR_SECURE_RANDOM_KEY","Host":"wjin.upv.edu.es"}
2025-10-06T21:51:43+00:00 RAW={"mac":"E6:14:89:83:B3:B9","major":2868,"minor":500,"nombre":"GTI-3A","rssi":-56,"timestamp":1759787503693,"txPower":203,"uuid":"45:50:53:47:2d:47:54:49:2d:50:52:4f:59:2d:33:41:"}
2025-10-06T21:51:43+00:00 METHOD=POST
2025-10-06T21:51:43+00:00 HEADERS={"User-Agent":"okhttp\/4.12.0","Accept-Encoding":"gzip","Content-Length":"179","Content-Type":"application\/json","X-Api-Key":"YOUR_SECURE_RANDOM_KEY","Host":"wjin.upv.edu.es"}
2025-10-06T21:51:43+00:00 RAW={"mac":"E6:14:89:83:B3:B9","major":2868,"minor":500,"nombre":"GTI-3A","rssi":-67,"timestamp":1759787503755,"txPower":203,"uuid":"45:50:53:47:2d:47:54:49:2d:50:52:4f:59:2d:33:41:"}
2025-10-06T21:51:43+00:00 METHOD=POST
2025-10-06T21:51:43+00:00 HEADERS={"User-Agent":"okhttp\/4.12.0","Accept-Encoding":"gzip","Content-Length":"179","Content-Type":"application\/json","X-Api-Key":"YOUR_SECURE_RANDOM_KEY","Host":"wjin.upv.edu.es"}
2025-10-06T21:51:43+00:00 RAW={"mac":"E6:14:89:83:B3:B9","major":2868,"minor":500,"nombre":"GTI-3A","rssi":-60,"timestamp":1759787503822,"txPower":203,"uuid":"45:50:53:47:2d:47:54:49:2d:50:52:4f:59:2d:33:41:"}
2025-10-06T21:51:43+00:00 METHOD=POST
2025-10-06T21:51:43+00:00 HEADERS={"User-Agent":"okhttp\/4.12.0","Accept-Encoding":"gzip","Content-Length":"179","Content-Type":"application\/json","X-Api-Key":"YOUR_SECURE_RANDOM_KEY","Host":"wjin.upv.edu.es"}
2025-10-06T21:51:43+00:00 RAW={"mac":"E6:14:89:83:B3:B9","major":2868,"minor":500,"nombre":"GTI-3A","rssi":-60,"timestamp":1759787503893,"txPower":203,"uuid":"45:50:53:47:2d:47:54:49:2d:50:52:4f:59:2d:33:41:"}
2025-10-06T21:51:43+00:00 METHOD=POST
2025-10-06T21:51:43+00:00 HEADERS={"User-Agent":"okhttp\/4.12.0","Accept-Encoding":"gzip","Content-Length":"179","Content-Type":"application\/json","X-Api-Key":"YOUR_SECURE_RANDOM_KEY","Host":"wjin.upv.edu.es"}
2025-10-06T21:51:43+00:00 RAW={"mac":"E6:14:89:83:B3:B9","major":2868,"minor":500,"nombre":"GTI-3A","rssi":-56,"timestamp":1759787503966,"txPower":203,"uuid":"45:50:53:47:2d:47:54:49:2d:50:52:4f:59:2d:33:41:"}
2025-10-06T21:51:43+00:00 METHOD=POST
2025-10-06T21:51:43+00:00 HEADERS={"User-Agent":"okhttp\/4.12.0","Accept-Encoding":"gzip","Content-Length":"179","Content-Type":"application\/json","X-Api-Key":"YOUR_SECURE_RANDOM_KEY","Host":"wjin.upv.edu.es"}
2025-10-06T21:51:43+00:00 RAW={"mac":"E6:14:89:83:B3:B9","major":2868,"minor":500,"nombre":"GTI-3A","rssi":-67,"timestamp":1759787504097,"txPower":203,"uuid":"45:50:53:47:2d:47:54:49:2d:50:52:4f:59:2d:33:41:"}
2025-10-06T21:51:49+00:00 METHOD=POST
2025-10-06T21:51:49+00:00 HEADERS={"User-Agent":"okhttp\/4.12.0","Accept-Encoding":"gzip","Content-Length":"179","Content-Type":"application\/json","X-Api-Key":"YOUR_SECURE_RANDOM_KEY","Host":"wjin.upv.edu.es"}
2025-10-06T21:51:49+00:00 RAW={"mac":"E6:14:89:83:B3:B9","major":2869,"minor":500,"nombre":"GTI-3A","rssi":-56,"timestamp":1759787509681,"txPower":203,"uuid":"45:50:53:47:2d:47:54:49:2d:50:52:4f:59:2d:33:41:"}
2025-10-06T21:51:49+00:00 METHOD=POST
2025-10-06T21:51:49+00:00 HEADERS={"User-Agent":"okhttp\/4.12.0","Accept-Encoding":"gzip","Content-Length":"179","Content-Type":"application\/json","X-Api-Key":"YOUR_SECURE_RANDOM_KEY","Host":"wjin.upv.edu.es"}
2025-10-06T21:51:49+00:00 RAW={"mac":"E6:14:89:83:B3:B9","major":2869,"minor":500,"nombre":"GTI-3A","rssi":-64,"timestamp":1759787509715,"txPower":203,"uuid":"45:50:53:47:2d:47:54:49:2d:50:52:4f:59:2d:33:41:"}
2025-10-06T21:51:49+00:00 METHOD=POST
2025-10-06T21:51:49+00:00 HEADERS={"User-Agent":"okhttp\/4.12.0","Accept-Encoding":"gzip","Content-Length":"179","Content-Type":"application\/json","X-Api-Key":"YOUR_SECURE_RANDOM_KEY","Host":"wjin.upv.edu.es"}
2025-10-06T21:51:49+00:00 RAW={"mac":"E6:14:89:83:B3:B9","major":2869,"minor":500,"nombre":"GTI-3A","rssi":-64,"timestamp":1759787509790,"txPower":203,"uuid":"45:50:53:47:2d:47:54:49:2d:50:52:4f:59:2d:33:41:"}
2025-10-06T21:51:49+00:00 METHOD=POST
2025-10-06T21:51:49+00:00 HEADERS={"User-Agent":"okhttp\/4.12.0","Accept-Encoding":"gzip","Content-Length":"179","Content-Type":"application\/json","X-Api-Key":"YOUR_SECURE_RANDOM_KEY","Host":"wjin.upv.edu.es"}
2025-10-06T21:51:49+00:00 RAW={"mac":"E6:14:89:83:B3:B9","major":2869,"minor":500,"nombre":"GTI-3A","rssi":-59,"timestamp":1759787509861,"txPower":203,"uuid":"45:50:53:47:2d:47:54:49:2d:50:52:4f:59:2d:33:41:"}
2025-10-06T21:51:49+00:00 METHOD=POST
2025-10-06T21:51:49+00:00 HEADERS={"User-Agent":"okhttp\/4.12.0","Accept-Encoding":"gzip","Content-Length":"179","Content-Type":"application\/json","X-Api-Key":"YOUR_SECURE_RANDOM_KEY","Host":"wjin.upv.edu.es"}
2025-10-06T21:51:49+00:00 RAW={"mac":"E6:14:89:83:B3:B9","major":2869,"minor":500,"nombre":"GTI-3A","rssi":-56,"timestamp":1759787509927,"txPower":203,"uuid":"45:50:53:47:2d:47:54:49:2d:50:52:4f:59:2d:33:41:"}
2025-10-06T21:51:49+00:00 METHOD=POST
2025-10-06T21:51:49+00:00 HEADERS={"User-Agent":"okhttp\/4.12.0","Accept-Encoding":"gzip","Content-Length":"179","Content-Type":"application\/json","X-Api-Key":"YOUR_SECURE_RANDOM_KEY","Host":"wjin.upv.edu.es"}
2025-10-06T21:51:49+00:00 RAW={"mac":"E6:14:89:83:B3:B9","major":2869,"minor":500,"nombre":"GTI-3A","rssi":-56,"timestamp":1759787509997,"txPower":203,"uuid":"45:50:53:47:2d:47:54:49:2d:50:52:4f:59:2d:33:41:"}
2025-10-06T21:51:49+00:00 METHOD=POST
2025-10-06T21:51:49+00:00 HEADERS={"User-Agent":"okhttp\/4.12.0","Accept-Encoding":"gzip","Content-Length":"179","Content-Type":"application\/json","X-Api-Key":"YOUR_SECURE_RANDOM_KEY","Host":"wjin.upv.edu.es"}
2025-10-06T21:51:49+00:00 RAW={"mac":"E6:14:89:83:B3:B9","major":2869,"minor":500,"nombre":"GTI-3A","rssi":-64,"timestamp":1759787510060,"txPower":203,"uuid":"45:50:53:47:2d:47:54:49:2d:50:52:4f:59:2d:33:41:"}
2025-10-06T21:51:49+00:00 METHOD=POST
2025-10-06T21:51:49+00:00 HEADERS={"User-Agent":"okhttp\/4.12.0","Accept-Encoding":"gzip","Content-Length":"179","Content-Type":"application\/json","X-Api-Key":"YOUR_SECURE_RANDOM_KEY","Host":"wjin.upv.edu.es"}
2025-10-06T21:51:49+00:00 RAW={"mac":"E6:14:89:83:B3:B9","major":2869,"minor":500,"nombre":"GTI-3A","rssi":-60,"timestamp":1759787510130,"txPower":203,"uuid":"45:50:53:47:2d:47:54:49:2d:50:52:4f:59:2d:33:41:"}
2025-10-06T21:51:50+00:00 METHOD=POST
2025-10-06T21:51:50+00:00 METHOD=POST
2025-10-06T21:51:50+00:00 METHOD=POST
2025-10-06T21:51:50+00:00 HEADERS={"User-Agent":"okhttp\/4.12.0","Accept-Encoding":"gzip","Content-Length":"179","Content-Type":"application\/json","X-Api-Key":"YOUR_SECURE_RANDOM_KEY","Host":"wjin.upv.edu.es"}
2025-10-06T21:51:50+00:00 HEADERS={"User-Agent":"okhttp\/4.12.0","Accept-Encoding":"gzip","Content-Length":"179","Content-Type":"application\/json","X-Api-Key":"YOUR_SECURE_RANDOM_KEY","Host":"wjin.upv.edu.es"}
2025-10-06T21:51:50+00:00 HEADERS={"User-Agent":"okhttp\/4.12.0","Accept-Encoding":"gzip","Content-Length":"179","Content-Type":"application\/json","X-Api-Key":"YOUR_SECURE_RANDOM_KEY","Host":"wjin.upv.edu.es"}
2025-10-06T21:51:50+00:00 RAW={"mac":"E6:14:89:83:B3:B9","major":2869,"minor":500,"nombre":"GTI-3A","rssi":-64,"timestamp":1759787510324,"txPower":203,"uuid":"45:50:53:47:2d:47:54:49:2d:50:52:4f:59:2d:33:41:"}
2025-10-06T21:51:50+00:00 RAW={"mac":"E6:14:89:83:B3:B9","major":2869,"minor":500,"nombre":"GTI-3A","rssi":-60,"timestamp":1759787510201,"txPower":203,"uuid":"45:50:53:47:2d:47:54:49:2d:50:52:4f:59:2d:33:41:"}
2025-10-06T21:51:50+00:00 RAW={"mac":"E6:14:89:83:B3:B9","major":2869,"minor":500,"nombre":"GTI-3A","rssi":-56,"timestamp":1759787510271,"txPower":203,"uuid":"45:50:53:47:2d:47:54:49:2d:50:52:4f:59:2d:33:41:"}
2025-10-06T21:51:50+00:00 METHOD=POST
2025-10-06T21:51:50+00:00 HEADERS={"User-Agent":"okhttp\/4.12.0","Accept-Encoding":"gzip","Content-Length":"179","Content-Type":"application\/json","X-Api-Key":"YOUR_SECURE_RANDOM_KEY","Host":"wjin.upv.edu.es"}
2025-10-06T21:51:50+00:00 RAW={"mac":"E6:14:89:83:B3:B9","major":2869,"minor":500,"nombre":"GTI-3A","rssi":-64,"timestamp":1759787510403,"txPower":203,"uuid":"45:50:53:47:2d:47:54:49:2d:50:52:4f:59:2d:33:41:"}
2025-10-06T21:51:50+00:00 METHOD=POST
2025-10-06T21:51:50+00:00 HEADERS={"User-Agent":"okhttp\/4.12.0","Accept-Encoding":"gzip","Content-Length":"179","Content-Type":"application\/json","X-Api-Key":"YOUR_SECURE_RANDOM_KEY","Host":"wjin.upv.edu.es"}
2025-10-06T21:51:50+00:00 RAW={"mac":"E6:14:89:83:B3:B9","major":2869,"minor":500,"nombre":"GTI-3A","rssi":-59,"timestamp":1759787510465,"txPower":203,"uuid":"45:50:53:47:2d:47:54:49:2d:50:52:4f:59:2d:33:41:"}
2025-10-06T21:51:50+00:00 METHOD=POST
2025-10-06T21:51:50+00:00 HEADERS={"User-Agent":"okhttp\/4.12.0","Accept-Encoding":"gzip","Content-Length":"179","Content-Type":"application\/json","X-Api-Key":"YOUR_SECURE_RANDOM_KEY","Host":"wjin.upv.edu.es"}
2025-10-06T21:51:50+00:00 RAW={"mac":"E6:14:89:83:B3:B9","major":2869,"minor":500,"nombre":"GTI-3A","rssi":-56,"timestamp":1759787510521,"txPower":203,"uuid":"45:50:53:47:2d:47:54:49:2d:50:52:4f:59:2d:33:41:"}
2025-10-06T21:51:50+00:00 METHOD=POST
2025-10-06T21:51:50+00:00 HEADERS={"User-Agent":"okhttp\/4.12.0","Accept-Encoding":"gzip","Content-Length":"179","Content-Type":"application\/json","X-Api-Key":"YOUR_SECURE_RANDOM_KEY","Host":"wjin.upv.edu.es"}
2025-10-06T21:51:50+00:00 RAW={"mac":"E6:14:89:83:B3:B9","major":2869,"minor":500,"nombre":"GTI-3A","rssi":-56,"timestamp":1759787510598,"txPower":203,"uuid":"45:50:53:47:2d:47:54:49:2d:50:52:4f:59:2d:33:41:"}
2025-10-06T21:51:55+00:00 METHOD=POST
2025-10-06T21:51:55+00:00 HEADERS={"User-Agent":"okhttp\/4.12.0","Accept-Encoding":"gzip","Content-Length":"179","Content-Type":"application\/json","X-Api-Key":"YOUR_SECURE_RANDOM_KEY","Host":"wjin.upv.edu.es"}
2025-10-06T21:51:55+00:00 RAW={"mac":"E6:14:89:83:B3:B9","major":2870,"minor":500,"nombre":"GTI-3A","rssi":-58,"timestamp":1759787516182,"txPower":203,"uuid":"45:50:53:47:2d:47:54:49:2d:50:52:4f:59:2d:33:41:"}
2025-10-06T21:51:55+00:00 METHOD=POST
2025-10-06T21:51:55+00:00 HEADERS={"User-Agent":"okhttp\/4.12.0","Accept-Encoding":"gzip","Content-Length":"179","Content-Type":"application\/json","X-Api-Key":"YOUR_SECURE_RANDOM_KEY","Host":"wjin.upv.edu.es"}
2025-10-06T21:51:55+00:00 RAW={"mac":"E6:14:89:83:B3:B9","major":2870,"minor":500,"nombre":"GTI-3A","rssi":-55,"timestamp":1759787516231,"txPower":203,"uuid":"45:50:53:47:2d:47:54:49:2d:50:52:4f:59:2d:33:41:"}
2025-10-06T21:51:55+00:00 METHOD=POST
2025-10-06T21:51:55+00:00 HEADERS={"User-Agent":"okhttp\/4.12.0","Accept-Encoding":"gzip","Content-Length":"179","Content-Type":"application\/json","X-Api-Key":"YOUR_SECURE_RANDOM_KEY","Host":"wjin.upv.edu.es"}
2025-10-06T21:51:55+00:00 RAW={"mac":"E6:14:89:83:B3:B9","major":2870,"minor":500,"nombre":"GTI-3A","rssi":-54,"timestamp":1759787516305,"txPower":203,"uuid":"45:50:53:47:2d:47:54:49:2d:50:52:4f:59:2d:33:41:"}
2025-10-06T21:51:56+00:00 METHOD=POST
2025-10-06T21:51:56+00:00 HEADERS={"User-Agent":"okhttp\/4.12.0","Accept-Encoding":"gzip","Content-Length":"179","Content-Type":"application\/json","X-Api-Key":"YOUR_SECURE_RANDOM_KEY","Host":"wjin.upv.edu.es"}
2025-10-06T21:51:56+00:00 RAW={"mac":"E6:14:89:83:B3:B9","major":2870,"minor":500,"nombre":"GTI-3A","rssi":-60,"timestamp":1759787516362,"txPower":203,"uuid":"45:50:53:47:2d:47:54:49:2d:50:52:4f:59:2d:33:41:"}
2025-10-06T21:51:56+00:00 METHOD=POST
2025-10-06T21:51:56+00:00 HEADERS={"User-Agent":"okhttp\/4.12.0","Accept-Encoding":"gzip","Content-Length":"179","Content-Type":"application\/json","X-Api-Key":"YOUR_SECURE_RANDOM_KEY","Host":"wjin.upv.edu.es"}
2025-10-06T21:51:56+00:00 RAW={"mac":"E6:14:89:83:B3:B9","major":2870,"minor":500,"nombre":"GTI-3A","rssi":-55,"timestamp":1759787516443,"txPower":203,"uuid":"45:50:53:47:2d:47:54:49:2d:50:52:4f:59:2d:33:41:"}
2025-10-06T21:51:56+00:00 METHOD=POST
2025-10-06T21:51:56+00:00 HEADERS={"User-Agent":"okhttp\/4.12.0","Accept-Encoding":"gzip","Content-Length":"179","Content-Type":"application\/json","X-Api-Key":"YOUR_SECURE_RANDOM_KEY","Host":"wjin.upv.edu.es"}
2025-10-06T21:51:56+00:00 RAW={"mac":"E6:14:89:83:B3:B9","major":2870,"minor":500,"nombre":"GTI-3A","rssi":-54,"timestamp":1759787516513,"txPower":203,"uuid":"45:50:53:47:2d:47:54:49:2d:50:52:4f:59:2d:33:41:"}
2025-10-06T21:51:56+00:00 METHOD=POST
2025-10-06T21:51:56+00:00 HEADERS={"User-Agent":"okhttp\/4.12.0","Accept-Encoding":"gzip","Content-Length":"179","Content-Type":"application\/json","X-Api-Key":"YOUR_SECURE_RANDOM_KEY","Host":"wjin.upv.edu.es"}
2025-10-06T21:51:56+00:00 RAW={"mac":"E6:14:89:83:B3:B9","major":2870,"minor":500,"nombre":"GTI-3A","rssi":-63,"timestamp":1759787516654,"txPower":203,"uuid":"45:50:53:47:2d:47:54:49:2d:50:52:4f:59:2d:33:41:"}
2025-10-06T21:51:56+00:00 METHOD=POST
2025-10-06T21:51:56+00:00 HEADERS={"User-Agent":"okhttp\/4.12.0","Accept-Encoding":"gzip","Content-Length":"179","Content-Type":"application\/json","X-Api-Key":"YOUR_SECURE_RANDOM_KEY","Host":"wjin.upv.edu.es"}
2025-10-06T21:51:56+00:00 RAW={"mac":"E6:14:89:83:B3:B9","major":2870,"minor":500,"nombre":"GTI-3A","rssi":-55,"timestamp":1759787516720,"txPower":203,"uuid":"45:50:53:47:2d:47:54:49:2d:50:52:4f:59:2d:33:41:"}
2025-10-06T21:51:56+00:00 METHOD=POST
2025-10-06T21:51:56+00:00 HEADERS={"User-Agent":"okhttp\/4.12.0","Accept-Encoding":"gzip","Content-Length":"179","Content-Type":"application\/json","X-Api-Key":"YOUR_SECURE_RANDOM_KEY","Host":"wjin.upv.edu.es"}
2025-10-06T21:51:56+00:00 RAW={"mac":"E6:14:89:83:B3:B9","major":2870,"minor":500,"nombre":"GTI-3A","rssi":-55,"timestamp":1759787516791,"txPower":203,"uuid":"45:50:53:47:2d:47:54:49:2d:50:52:4f:59:2d:33:41:"}
2025-10-06T21:51:56+00:00 METHOD=POST
2025-10-06T21:51:56+00:00 HEADERS={"User-Agent":"okhttp\/4.12.0","Accept-Encoding":"gzip","Content-Length":"179","Content-Type":"application\/json","X-Api-Key":"YOUR_SECURE_RANDOM_KEY","Host":"wjin.upv.edu.es"}
2025-10-06T21:51:56+00:00 RAW={"mac":"E6:14:89:83:B3:B9","major":2870,"minor":500,"nombre":"GTI-3A","rssi":-55,"timestamp":1759787516848,"txPower":203,"uuid":"45:50:53:47:2d:47:54:49:2d:50:52:4f:59:2d:33:41:"}
2025-10-06T21:51:56+00:00 METHOD=POST
2025-10-06T21:51:56+00:00 HEADERS={"User-Agent":"okhttp\/4.12.0","Accept-Encoding":"gzip","Content-Length":"179","Content-Type":"application\/json","X-Api-Key":"YOUR_SECURE_RANDOM_KEY","Host":"wjin.upv.edu.es"}
2025-10-06T21:51:56+00:00 RAW={"mac":"E6:14:89:83:B3:B9","major":2870,"minor":500,"nombre":"GTI-3A","rssi":-64,"timestamp":1759787516905,"txPower":203,"uuid":"45:50:53:47:2d:47:54:49:2d:50:52:4f:59:2d:33:41:"}
2025-10-06T21:51:56+00:00 METHOD=POST
2025-10-06T21:51:56+00:00 HEADERS={"User-Agent":"okhttp\/4.12.0","Accept-Encoding":"gzip","Content-Length":"179","Content-Type":"application\/json","X-Api-Key":"YOUR_SECURE_RANDOM_KEY","Host":"wjin.upv.edu.es"}
2025-10-06T21:51:56+00:00 RAW={"mac":"E6:14:89:83:B3:B9","major":2870,"minor":500,"nombre":"GTI-3A","rssi":-64,"timestamp":1759787516967,"txPower":203,"uuid":"45:50:53:47:2d:47:54:49:2d:50:52:4f:59:2d:33:41:"}
2025-10-06T21:51:56+00:00 METHOD=POST
2025-10-06T21:51:56+00:00 HEADERS={"User-Agent":"okhttp\/4.12.0","Accept-Encoding":"gzip","Content-Length":"179","Content-Type":"application\/json","X-Api-Key":"YOUR_SECURE_RANDOM_KEY","Host":"wjin.upv.edu.es"}
2025-10-06T21:51:56+00:00 RAW={"mac":"E6:14:89:83:B3:B9","major":2870,"minor":500,"nombre":"GTI-3A","rssi":-56,"timestamp":1759787517040,"txPower":203,"uuid":"45:50:53:47:2d:47:54:49:2d:50:52:4f:59:2d:33:41:"}
2025-10-06T21:51:56+00:00 METHOD=POST
2025-10-06T21:51:56+00:00 HEADERS={"User-Agent":"okhttp\/4.12.0","Accept-Encoding":"gzip","Content-Length":"179","Content-Type":"application\/json","X-Api-Key":"YOUR_SECURE_RANDOM_KEY","Host":"wjin.upv.edu.es"}
2025-10-06T21:51:56+00:00 RAW={"mac":"E6:14:89:83:B3:B9","major":2870,"minor":500,"nombre":"GTI-3A","rssi":-55,"timestamp":1759787517111,"txPower":203,"uuid":"45:50:53:47:2d:47:54:49:2d:50:52:4f:59:2d:33:41:"}
2025-10-06T21:52:02+00:00 METHOD=POST
2025-10-06T21:52:02+00:00 HEADERS={"User-Agent":"okhttp\/4.12.0","Accept-Encoding":"gzip","Content-Length":"179","Content-Type":"application\/json","X-Api-Key":"YOUR_SECURE_RANDOM_KEY","Host":"wjin.upv.edu.es"}
2025-10-06T21:52:02+00:00 RAW={"mac":"E6:14:89:83:B3:B9","major":2871,"minor":500,"nombre":"GTI-3A","rssi":-63,"timestamp":1759787522660,"txPower":203,"uuid":"45:50:53:47:2d:47:54:49:2d:50:52:4f:59:2d:33:41:"}
2025-10-06T21:52:02+00:00 METHOD=POST
2025-10-06T21:52:02+00:00 HEADERS={"User-Agent":"okhttp\/4.12.0","Accept-Encoding":"gzip","Content-Length":"179","Content-Type":"application\/json","X-Api-Key":"YOUR_SECURE_RANDOM_KEY","Host":"wjin.upv.edu.es"}
2025-10-06T21:52:02+00:00 RAW={"mac":"E6:14:89:83:B3:B9","major":2871,"minor":500,"nombre":"GTI-3A","rssi":-58,"timestamp":1759787522712,"txPower":203,"uuid":"45:50:53:47:2d:47:54:49:2d:50:52:4f:59:2d:33:41:"}
2025-10-06T21:52:02+00:00 METHOD=POST
2025-10-06T21:52:02+00:00 HEADERS={"User-Agent":"okhttp\/4.12.0","Accept-Encoding":"gzip","Content-Length":"179","Content-Type":"application\/json","X-Api-Key":"YOUR_SECURE_RANDOM_KEY","Host":"wjin.upv.edu.es"}
2025-10-06T21:52:02+00:00 RAW={"mac":"E6:14:89:83:B3:B9","major":2871,"minor":500,"nombre":"GTI-3A","rssi":-58,"timestamp":1759787522794,"txPower":203,"uuid":"45:50:53:47:2d:47:54:49:2d:50:52:4f:59:2d:33:41:"}
2025-10-06T21:52:02+00:00 METHOD=POST
2025-10-06T21:52:02+00:00 HEADERS={"User-Agent":"okhttp\/4.12.0","Accept-Encoding":"gzip","Content-Length":"179","Content-Type":"application\/json","X-Api-Key":"YOUR_SECURE_RANDOM_KEY","Host":"wjin.upv.edu.es"}
2025-10-06T21:52:02+00:00 RAW={"mac":"E6:14:89:83:B3:B9","major":2871,"minor":500,"nombre":"GTI-3A","rssi":-55,"timestamp":1759787522841,"txPower":203,"uuid":"45:50:53:47:2d:47:54:49:2d:50:52:4f:59:2d:33:41:"}
2025-10-06T21:52:02+00:00 METHOD=POST
2025-10-06T21:52:02+00:00 HEADERS={"User-Agent":"okhttp\/4.12.0","Accept-Encoding":"gzip","Content-Length":"179","Content-Type":"application\/json","X-Api-Key":"YOUR_SECURE_RANDOM_KEY","Host":"wjin.upv.edu.es"}
2025-10-06T21:52:02+00:00 RAW={"mac":"E6:14:89:83:B3:B9","major":2871,"minor":500,"nombre":"GTI-3A","rssi":-64,"timestamp":1759787522912,"txPower":203,"uuid":"45:50:53:47:2d:47:54:49:2d:50:52:4f:59:2d:33:41:"}
2025-10-06T21:52:02+00:00 METHOD=POST
2025-10-06T21:52:02+00:00 HEADERS={"User-Agent":"okhttp\/4.12.0","Accept-Encoding":"gzip","Content-Length":"179","Content-Type":"application\/json","X-Api-Key":"YOUR_SECURE_RANDOM_KEY","Host":"wjin.upv.edu.es"}
2025-10-06T21:52:02+00:00 RAW={"mac":"E6:14:89:83:B3:B9","major":2871,"minor":500,"nombre":"GTI-3A","rssi":-64,"timestamp":1759787522980,"txPower":203,"uuid":"45:50:53:47:2d:47:54:49:2d:50:52:4f:59:2d:33:41:"}
2025-10-06T21:52:02+00:00 METHOD=POST
2025-10-06T21:52:02+00:00 HEADERS={"User-Agent":"okhttp\/4.12.0","Accept-Encoding":"gzip","Content-Length":"179","Content-Type":"application\/json","X-Api-Key":"YOUR_SECURE_RANDOM_KEY","Host":"wjin.upv.edu.es"}
2025-10-06T21:52:02+00:00 RAW={"mac":"E6:14:89:83:B3:B9","major":2871,"minor":500,"nombre":"GTI-3A","rssi":-58,"timestamp":1759787523052,"txPower":203,"uuid":"45:50:53:47:2d:47:54:49:2d:50:52:4f:59:2d:33:41:"}
2025-10-06T21:52:02+00:00 METHOD=POST
2025-10-06T21:52:02+00:00 HEADERS={"User-Agent":"okhttp\/4.12.0","Accept-Encoding":"gzip","Content-Length":"179","Content-Type":"application\/json","X-Api-Key":"YOUR_SECURE_RANDOM_KEY","Host":"wjin.upv.edu.es"}
2025-10-06T21:52:02+00:00 RAW={"mac":"E6:14:89:83:B3:B9","major":2871,"minor":500,"nombre":"GTI-3A","rssi":-55,"timestamp":1759787523126,"txPower":203,"uuid":"45:50:53:47:2d:47:54:49:2d:50:52:4f:59:2d:33:41:"}
2025-10-06T21:52:02+00:00 METHOD=POST
2025-10-06T21:52:02+00:00 HEADERS={"User-Agent":"okhttp\/4.12.0","Accept-Encoding":"gzip","Content-Length":"179","Content-Type":"application\/json","X-Api-Key":"YOUR_SECURE_RANDOM_KEY","Host":"wjin.upv.edu.es"}
2025-10-06T21:52:02+00:00 RAW={"mac":"E6:14:89:83:B3:B9","major":2871,"minor":500,"nombre":"GTI-3A","rssi":-55,"timestamp":1759787523190,"txPower":203,"uuid":"45:50:53:47:2d:47:54:49:2d:50:52:4f:59:2d:33:41:"}
2025-10-06T21:52:02+00:00 METHOD=POST
2025-10-06T21:52:02+00:00 HEADERS={"User-Agent":"okhttp\/4.12.0","Accept-Encoding":"gzip","Content-Length":"179","Content-Type":"application\/json","X-Api-Key":"YOUR_SECURE_RANDOM_KEY","Host":"wjin.upv.edu.es"}
2025-10-06T21:52:02+00:00 RAW={"mac":"E6:14:89:83:B3:B9","major":2871,"minor":500,"nombre":"GTI-3A","rssi":-63,"timestamp":1759787523251,"txPower":203,"uuid":"45:50:53:47:2d:47:54:49:2d:50:52:4f:59:2d:33:41:"}
2025-10-06T21:52:03+00:00 METHOD=POST
2025-10-06T21:52:03+00:00 HEADERS={"User-Agent":"okhttp\/4.12.0","Accept-Encoding":"gzip","Content-Length":"179","Content-Type":"application\/json","X-Api-Key":"YOUR_SECURE_RANDOM_KEY","Host":"wjin.upv.edu.es"}
2025-10-06T21:52:03+00:00 RAW={"mac":"E6:14:89:83:B3:B9","major":2871,"minor":500,"nombre":"GTI-3A","rssi":-58,"timestamp":1759787523329,"txPower":203,"uuid":"45:50:53:47:2d:47:54:49:2d:50:52:4f:59:2d:33:41:"}
2025-10-06T21:52:03+00:00 METHOD=POST
2025-10-06T21:52:03+00:00 HEADERS={"User-Agent":"okhttp\/4.12.0","Accept-Encoding":"gzip","Content-Length":"179","Content-Type":"application\/json","X-Api-Key":"YOUR_SECURE_RANDOM_KEY","Host":"wjin.upv.edu.es"}
2025-10-06T21:52:03+00:00 RAW={"mac":"E6:14:89:83:B3:B9","major":2871,"minor":500,"nombre":"GTI-3A","rssi":-58,"timestamp":1759787523402,"txPower":203,"uuid":"45:50:53:47:2d:47:54:49:2d:50:52:4f:59:2d:33:41:"}
2025-10-06T21:52:03+00:00 METHOD=POST
2025-10-06T21:52:03+00:00 HEADERS={"User-Agent":"okhttp\/4.12.0","Accept-Encoding":"gzip","Content-Length":"179","Content-Type":"application\/json","X-Api-Key":"YOUR_SECURE_RANDOM_KEY","Host":"wjin.upv.edu.es"}
2025-10-06T21:52:03+00:00 RAW={"mac":"E6:14:89:83:B3:B9","major":2871,"minor":500,"nombre":"GTI-3A","rssi":-63,"timestamp":1759787523529,"txPower":203,"uuid":"45:50:53:47:2d:47:54:49:2d:50:52:4f:59:2d:33:41:"}
2025-10-06T21:52:08+00:00 METHOD=POST
2025-10-06T21:52:08+00:00 HEADERS={"User-Agent":"okhttp\/4.12.0","Accept-Encoding":"gzip","Content-Length":"179","Content-Type":"application\/json","X-Api-Key":"YOUR_SECURE_RANDOM_KEY","Host":"wjin.upv.edu.es"}
2025-10-06T21:52:08+00:00 RAW={"mac":"E6:14:89:83:B3:B9","major":2872,"minor":500,"nombre":"GTI-3A","rssi":-57,"timestamp":1759787529175,"txPower":203,"uuid":"45:50:53:47:2d:47:54:49:2d:50:52:4f:59:2d:33:41:"}
2025-10-06T21:52:08+00:00 METHOD=POST
2025-10-06T21:52:08+00:00 HEADERS={"User-Agent":"okhttp\/4.12.0","Accept-Encoding":"gzip","Content-Length":"179","Content-Type":"application\/json","X-Api-Key":"YOUR_SECURE_RANDOM_KEY","Host":"wjin.upv.edu.es"}
2025-10-06T21:52:08+00:00 RAW={"mac":"E6:14:89:83:B3:B9","major":2872,"minor":500,"nombre":"GTI-3A","rssi":-69,"timestamp":1759787529222,"txPower":203,"uuid":"45:50:53:47:2d:47:54:49:2d:50:52:4f:59:2d:33:41:"}
2025-10-06T21:52:08+00:00 METHOD=POST
2025-10-06T21:52:08+00:00 HEADERS={"User-Agent":"okhttp\/4.12.0","Accept-Encoding":"gzip","Content-Length":"179","Content-Type":"application\/json","X-Api-Key":"YOUR_SECURE_RANDOM_KEY","Host":"wjin.upv.edu.es"}
2025-10-06T21:52:09+00:00 RAW={"mac":"E6:14:89:83:B3:B9","major":2872,"minor":500,"nombre":"GTI-3A","rssi":-67,"timestamp":1759787529309,"txPower":203,"uuid":"45:50:53:47:2d:47:54:49:2d:50:52:4f:59:2d:33:41:"}
2025-10-06T21:52:09+00:00 METHOD=POST
2025-10-06T21:52:09+00:00 HEADERS={"User-Agent":"okhttp\/4.12.0","Accept-Encoding":"gzip","Content-Length":"179","Content-Type":"application\/json","X-Api-Key":"YOUR_SECURE_RANDOM_KEY","Host":"wjin.upv.edu.es"}
2025-10-06T21:52:09+00:00 RAW={"mac":"E6:14:89:83:B3:B9","major":2872,"minor":500,"nombre":"GTI-3A","rssi":-64,"timestamp":1759787529349,"txPower":203,"uuid":"45:50:53:47:2d:47:54:49:2d:50:52:4f:59:2d:33:41:"}
2025-10-06T21:52:09+00:00 METHOD=POST
2025-10-06T21:52:09+00:00 HEADERS={"User-Agent":"okhttp\/4.12.0","Accept-Encoding":"gzip","Content-Length":"179","Content-Type":"application\/json","X-Api-Key":"YOUR_SECURE_RANDOM_KEY","Host":"wjin.upv.edu.es"}
2025-10-06T21:52:09+00:00 RAW={"mac":"E6:14:89:83:B3:B9","major":2872,"minor":500,"nombre":"GTI-3A","rssi":-60,"timestamp":1759787529417,"txPower":203,"uuid":"45:50:53:47:2d:47:54:49:2d:50:52:4f:59:2d:33:41:"}
2025-10-06T21:52:09+00:00 METHOD=POST
2025-10-06T21:52:09+00:00 HEADERS={"User-Agent":"okhttp\/4.12.0","Accept-Encoding":"gzip","Content-Length":"179","Content-Type":"application\/json","X-Api-Key":"YOUR_SECURE_RANDOM_KEY","Host":"wjin.upv.edu.es"}
2025-10-06T21:52:09+00:00 RAW={"mac":"E6:14:89:83:B3:B9","major":2872,"minor":500,"nombre":"GTI-3A","rssi":-61,"timestamp":1759787529490,"txPower":203,"uuid":"45:50:53:47:2d:47:54:49:2d:50:52:4f:59:2d:33:41:"}
2025-10-06T21:52:09+00:00 METHOD=POST
2025-10-06T21:52:09+00:00 HEADERS={"User-Agent":"okhttp\/4.12.0","Accept-Encoding":"gzip","Content-Length":"179","Content-Type":"application\/json","X-Api-Key":"YOUR_SECURE_RANDOM_KEY","Host":"wjin.upv.edu.es"}
2025-10-06T21:52:09+00:00 RAW={"mac":"E6:14:89:83:B3:B9","major":2872,"minor":500,"nombre":"GTI-3A","rssi":-61,"timestamp":1759787529558,"txPower":203,"uuid":"45:50:53:47:2d:47:54:49:2d:50:52:4f:59:2d:33:41:"}
2025-10-06T21:52:09+00:00 METHOD=POST
2025-10-06T21:52:09+00:00 HEADERS={"User-Agent":"okhttp\/4.12.0","Accept-Encoding":"gzip","Content-Length":"179","Content-Type":"application\/json","X-Api-Key":"YOUR_SECURE_RANDOM_KEY","Host":"wjin.upv.edu.es"}
2025-10-06T21:52:09+00:00 RAW={"mac":"E6:14:89:83:B3:B9","major":2872,"minor":500,"nombre":"GTI-3A","rssi":-61,"timestamp":1759787529620,"txPower":203,"uuid":"45:50:53:47:2d:47:54:49:2d:50:52:4f:59:2d:33:41:"}
2025-10-06T21:52:09+00:00 METHOD=POST
2025-10-06T21:52:09+00:00 HEADERS={"User-Agent":"okhttp\/4.12.0","Accept-Encoding":"gzip","Content-Length":"179","Content-Type":"application\/json","X-Api-Key":"YOUR_SECURE_RANDOM_KEY","Host":"wjin.upv.edu.es"}
2025-10-06T21:52:09+00:00 RAW={"mac":"E6:14:89:83:B3:B9","major":2872,"minor":500,"nombre":"GTI-3A","rssi":-59,"timestamp":1759787529759,"txPower":203,"uuid":"45:50:53:47:2d:47:54:49:2d:50:52:4f:59:2d:33:41:"}
2025-10-06T21:52:09+00:00 METHOD=POST
2025-10-06T21:52:09+00:00 HEADERS={"User-Agent":"okhttp\/4.12.0","Accept-Encoding":"gzip","Content-Length":"179","Content-Type":"application\/json","X-Api-Key":"YOUR_SECURE_RANDOM_KEY","Host":"wjin.upv.edu.es"}
2025-10-06T21:52:09+00:00 RAW={"mac":"E6:14:89:83:B3:B9","major":2872,"minor":500,"nombre":"GTI-3A","rssi":-59,"timestamp":1759787529821,"txPower":203,"uuid":"45:50:53:47:2d:47:54:49:2d:50:52:4f:59:2d:33:41:"}
2025-10-06T21:52:09+00:00 METHOD=POST
2025-10-06T21:52:09+00:00 HEADERS={"User-Agent":"okhttp\/4.12.0","Accept-Encoding":"gzip","Content-Length":"179","Content-Type":"application\/json","X-Api-Key":"YOUR_SECURE_RANDOM_KEY","Host":"wjin.upv.edu.es"}
2025-10-06T21:52:09+00:00 RAW={"mac":"E6:14:89:83:B3:B9","major":2872,"minor":500,"nombre":"GTI-3A","rssi":-59,"timestamp":1759787529952,"txPower":203,"uuid":"45:50:53:47:2d:47:54:49:2d:50:52:4f:59:2d:33:41:"}
2025-10-06T21:52:09+00:00 METHOD=POST
2025-10-06T21:52:09+00:00 HEADERS={"User-Agent":"okhttp\/4.12.0","Accept-Encoding":"gzip","Content-Length":"179","Content-Type":"application\/json","X-Api-Key":"YOUR_SECURE_RANDOM_KEY","Host":"wjin.upv.edu.es"}
2025-10-06T21:52:09+00:00 RAW={"mac":"E6:14:89:83:B3:B9","major":2872,"minor":500,"nombre":"GTI-3A","rssi":-59,"timestamp":1759787530015,"txPower":203,"uuid":"45:50:53:47:2d:47:54:49:2d:50:52:4f:59:2d:33:41:"}
2025-10-06T21:52:15+00:00 METHOD=POST
2025-10-06T21:52:15+00:00 HEADERS={"User-Agent":"okhttp\/4.12.0","Accept-Encoding":"gzip","Content-Length":"179","Content-Type":"application\/json","X-Api-Key":"YOUR_SECURE_RANDOM_KEY","Host":"wjin.upv.edu.es"}
2025-10-06T21:52:15+00:00 RAW={"mac":"E6:14:89:83:B3:B9","major":2873,"minor":500,"nombre":"GTI-3A","rssi":-59,"timestamp":1759787535666,"txPower":203,"uuid":"45:50:53:47:2d:47:54:49:2d:50:52:4f:59:2d:33:41:"}
2025-10-06T21:52:15+00:00 METHOD=POST
2025-10-06T21:52:15+00:00 HEADERS={"User-Agent":"okhttp\/4.12.0","Accept-Encoding":"gzip","Content-Length":"179","Content-Type":"application\/json","X-Api-Key":"YOUR_SECURE_RANDOM_KEY","Host":"wjin.upv.edu.es"}
2025-10-06T21:52:15+00:00 RAW={"mac":"E6:14:89:83:B3:B9","major":2873,"minor":500,"nombre":"GTI-3A","rssi":-58,"timestamp":1759787535718,"txPower":203,"uuid":"45:50:53:47:2d:47:54:49:2d:50:52:4f:59:2d:33:41:"}
2025-10-06T21:52:15+00:00 METHOD=POST
2025-10-06T21:52:15+00:00 HEADERS={"User-Agent":"okhttp\/4.12.0","Accept-Encoding":"gzip","Content-Length":"179","Content-Type":"application\/json","X-Api-Key":"YOUR_SECURE_RANDOM_KEY","Host":"wjin.upv.edu.es"}
2025-10-06T21:52:15+00:00 RAW={"mac":"E6:14:89:83:B3:B9","major":2873,"minor":500,"nombre":"GTI-3A","rssi":-59,"timestamp":1759787535795,"txPower":203,"uuid":"45:50:53:47:2d:47:54:49:2d:50:52:4f:59:2d:33:41:"}
2025-10-06T21:52:15+00:00 METHOD=POST
2025-10-06T21:52:15+00:00 HEADERS={"User-Agent":"okhttp\/4.12.0","Accept-Encoding":"gzip","Content-Length":"179","Content-Type":"application\/json","X-Api-Key":"YOUR_SECURE_RANDOM_KEY","Host":"wjin.upv.edu.es"}
2025-10-06T21:52:15+00:00 RAW={"mac":"E6:14:89:83:B3:B9","major":2873,"minor":500,"nombre":"GTI-3A","rssi":-59,"timestamp":1759787535863,"txPower":203,"uuid":"45:50:53:47:2d:47:54:49:2d:50:52:4f:59:2d:33:41:"}
2025-10-06T21:52:15+00:00 METHOD=POST
2025-10-06T21:52:15+00:00 HEADERS={"User-Agent":"okhttp\/4.12.0","Accept-Encoding":"gzip","Content-Length":"179","Content-Type":"application\/json","X-Api-Key":"YOUR_SECURE_RANDOM_KEY","Host":"wjin.upv.edu.es"}
2025-10-06T21:52:15+00:00 RAW={"mac":"E6:14:89:83:B3:B9","major":2873,"minor":500,"nombre":"GTI-3A","rssi":-59,"timestamp":1759787535925,"txPower":203,"uuid":"45:50:53:47:2d:47:54:49:2d:50:52:4f:59:2d:33:41:"}
2025-10-06T21:52:15+00:00 METHOD=POST
2025-10-06T21:52:15+00:00 HEADERS={"User-Agent":"okhttp\/4.12.0","Accept-Encoding":"gzip","Content-Length":"179","Content-Type":"application\/json","X-Api-Key":"YOUR_SECURE_RANDOM_KEY","Host":"wjin.upv.edu.es"}
2025-10-06T21:52:15+00:00 RAW={"mac":"E6:14:89:83:B3:B9","major":2873,"minor":500,"nombre":"GTI-3A","rssi":-60,"timestamp":1759787535989,"txPower":203,"uuid":"45:50:53:47:2d:47:54:49:2d:50:52:4f:59:2d:33:41:"}
2025-10-06T21:52:15+00:00 METHOD=POST
2025-10-06T21:52:15+00:00 HEADERS={"User-Agent":"okhttp\/4.12.0","Accept-Encoding":"gzip","Content-Length":"179","Content-Type":"application\/json","X-Api-Key":"YOUR_SECURE_RANDOM_KEY","Host":"wjin.upv.edu.es"}
2025-10-06T21:52:15+00:00 RAW={"mac":"E6:14:89:83:B3:B9","major":2873,"minor":500,"nombre":"GTI-3A","rssi":-58,"timestamp":1759787536057,"txPower":203,"uuid":"45:50:53:47:2d:47:54:49:2d:50:52:4f:59:2d:33:41:"}
2025-10-06T21:52:15+00:00 METHOD=POST
2025-10-06T21:52:15+00:00 HEADERS={"User-Agent":"okhttp\/4.12.0","Accept-Encoding":"gzip","Content-Length":"179","Content-Type":"application\/json","X-Api-Key":"YOUR_SECURE_RANDOM_KEY","Host":"wjin.upv.edu.es"}
2025-10-06T21:52:15+00:00 RAW={"mac":"E6:14:89:83:B3:B9","major":2873,"minor":500,"nombre":"GTI-3A","rssi":-59,"timestamp":1759787536123,"txPower":203,"uuid":"45:50:53:47:2d:47:54:49:2d:50:52:4f:59:2d:33:41:"}
2025-10-06T21:52:15+00:00 METHOD=POST
2025-10-06T21:52:15+00:00 HEADERS={"User-Agent":"okhttp\/4.12.0","Accept-Encoding":"gzip","Content-Length":"179","Content-Type":"application\/json","X-Api-Key":"YOUR_SECURE_RANDOM_KEY","Host":"wjin.upv.edu.es"}
2025-10-06T21:52:15+00:00 RAW={"mac":"E6:14:89:83:B3:B9","major":2873,"minor":500,"nombre":"GTI-3A","rssi":-59,"timestamp":1759787536182,"txPower":203,"uuid":"45:50:53:47:2d:47:54:49:2d:50:52:4f:59:2d:33:41:"}
2025-10-06T21:52:16+00:00 METHOD=POST
2025-10-06T21:52:16+00:00 METHOD=POST
2025-10-06T21:52:16+00:00 METHOD=POST
2025-10-06T21:52:16+00:00 HEADERS={"User-Agent":"okhttp\/4.12.0","Accept-Encoding":"gzip","Content-Length":"179","Content-Type":"application\/json","X-Api-Key":"YOUR_SECURE_RANDOM_KEY","Host":"wjin.upv.edu.es"}
2025-10-06T21:52:16+00:00 HEADERS={"User-Agent":"okhttp\/4.12.0","Accept-Encoding":"gzip","Content-Length":"179","Content-Type":"application\/json","X-Api-Key":"YOUR_SECURE_RANDOM_KEY","Host":"wjin.upv.edu.es"}
2025-10-06T21:52:16+00:00 HEADERS={"User-Agent":"okhttp\/4.12.0","Accept-Encoding":"gzip","Content-Length":"179","Content-Type":"application\/json","X-Api-Key":"YOUR_SECURE_RANDOM_KEY","Host":"wjin.upv.edu.es"}
2025-10-06T21:52:16+00:00 RAW={"mac":"E6:14:89:83:B3:B9","major":2873,"minor":500,"nombre":"GTI-3A","rssi":-59,"timestamp":1759787536391,"txPower":203,"uuid":"45:50:53:47:2d:47:54:49:2d:50:52:4f:59:2d:33:41:"}
2025-10-06T21:52:16+00:00 RAW={"mac":"E6:14:89:83:B3:B9","major":2873,"minor":500,"nombre":"GTI-3A","rssi":-60,"timestamp":1759787536260,"txPower":203,"uuid":"45:50:53:47:2d:47:54:49:2d:50:52:4f:59:2d:33:41:"}
2025-10-06T21:52:16+00:00 RAW={"mac":"E6:14:89:83:B3:B9","major":2873,"minor":500,"nombre":"GTI-3A","rssi":-59,"timestamp":1759787536327,"txPower":203,"uuid":"45:50:53:47:2d:47:54:49:2d:50:52:4f:59:2d:33:41:"}
2025-10-06T21:52:16+00:00 METHOD=POST
2025-10-06T21:52:16+00:00 HEADERS={"User-Agent":"okhttp\/4.12.0","Accept-Encoding":"gzip","Content-Length":"179","Content-Type":"application\/json","X-Api-Key":"YOUR_SECURE_RANDOM_KEY","Host":"wjin.upv.edu.es"}
2025-10-06T21:52:16+00:00 RAW={"mac":"E6:14:89:83:B3:B9","major":2873,"minor":500,"nombre":"GTI-3A","rssi":-59,"timestamp":1759787536461,"txPower":203,"uuid":"45:50:53:47:2d:47:54:49:2d:50:52:4f:59:2d:33:41:"}
2025-10-06T21:52:16+00:00 METHOD=POST
2025-10-06T21:52:16+00:00 HEADERS={"User-Agent":"okhttp\/4.12.0","Accept-Encoding":"gzip","Content-Length":"179","Content-Type":"application\/json","X-Api-Key":"YOUR_SECURE_RANDOM_KEY","Host":"wjin.upv.edu.es"}
2025-10-06T21:52:16+00:00 RAW={"mac":"E6:14:89:83:B3:B9","major":2873,"minor":500,"nombre":"GTI-3A","rssi":-60,"timestamp":1759787536530,"txPower":203,"uuid":"45:50:53:47:2d:47:54:49:2d:50:52:4f:59:2d:33:41:"}
2025-10-06T21:52:16+00:00 METHOD=POST
2025-10-06T21:52:16+00:00 HEADERS={"User-Agent":"okhttp\/4.12.0","Accept-Encoding":"gzip","Content-Length":"179","Content-Type":"application\/json","X-Api-Key":"YOUR_SECURE_RANDOM_KEY","Host":"wjin.upv.edu.es"}
2025-10-06T21:52:16+00:00 RAW={"mac":"E6:14:89:83:B3:B9","major":2873,"minor":500,"nombre":"GTI-3A","rssi":-59,"timestamp":1759787536593,"txPower":203,"uuid":"45:50:53:47:2d:47:54:49:2d:50:52:4f:59:2d:33:41:"}
2025-10-06T21:52:21+00:00 METHOD=POST
2025-10-06T21:52:21+00:00 HEADERS={"User-Agent":"okhttp\/4.12.0","Accept-Encoding":"gzip","Content-Length":"179","Content-Type":"application\/json","X-Api-Key":"YOUR_SECURE_RANDOM_KEY","Host":"wjin.upv.edu.es"}
2025-10-06T21:52:21+00:00 RAW={"mac":"E6:14:89:83:B3:B9","major":2874,"minor":500,"nombre":"GTI-3A","rssi":-60,"timestamp":1759787542182,"txPower":203,"uuid":"45:50:53:47:2d:47:54:49:2d:50:52:4f:59:2d:33:41:"}
2025-10-06T21:52:21+00:00 METHOD=POST
2025-10-06T21:52:21+00:00 HEADERS={"User-Agent":"okhttp\/4.12.0","Accept-Encoding":"gzip","Content-Length":"179","Content-Type":"application\/json","X-Api-Key":"YOUR_SECURE_RANDOM_KEY","Host":"wjin.upv.edu.es"}
2025-10-06T21:52:21+00:00 RAW={"mac":"E6:14:89:83:B3:B9","major":2874,"minor":500,"nombre":"GTI-3A","rssi":-59,"timestamp":1759787542211,"txPower":203,"uuid":"45:50:53:47:2d:47:54:49:2d:50:52:4f:59:2d:33:41:"}
2025-10-06T21:52:21+00:00 METHOD=POST
2025-10-06T21:52:21+00:00 HEADERS={"User-Agent":"okhttp\/4.12.0","Accept-Encoding":"gzip","Content-Length":"179","Content-Type":"application\/json","X-Api-Key":"YOUR_SECURE_RANDOM_KEY","Host":"wjin.upv.edu.es"}
2025-10-06T21:52:21+00:00 RAW={"mac":"E6:14:89:83:B3:B9","major":2874,"minor":500,"nombre":"GTI-3A","rssi":-58,"timestamp":1759787542278,"txPower":203,"uuid":"45:50:53:47:2d:47:54:49:2d:50:52:4f:59:2d:33:41:"}
2025-10-06T21:52:22+00:00 METHOD=POST
2025-10-06T21:52:22+00:00 HEADERS={"User-Agent":"okhttp\/4.12.0","Accept-Encoding":"gzip","Content-Length":"179","Content-Type":"application\/json","X-Api-Key":"YOUR_SECURE_RANDOM_KEY","Host":"wjin.upv.edu.es"}
2025-10-06T21:52:22+00:00 RAW={"mac":"E6:14:89:83:B3:B9","major":2874,"minor":500,"nombre":"GTI-3A","rssi":-57,"timestamp":1759787542359,"txPower":203,"uuid":"45:50:53:47:2d:47:54:49:2d:50:52:4f:59:2d:33:41:"}
2025-10-06T21:52:22+00:00 METHOD=POST
2025-10-06T21:52:22+00:00 HEADERS={"User-Agent":"okhttp\/4.12.0","Accept-Encoding":"gzip","Content-Length":"179","Content-Type":"application\/json","X-Api-Key":"YOUR_SECURE_RANDOM_KEY","Host":"wjin.upv.edu.es"}
2025-10-06T21:52:22+00:00 RAW={"mac":"E6:14:89:83:B3:B9","major":2874,"minor":500,"nombre":"GTI-3A","rssi":-59,"timestamp":1759787542420,"txPower":203,"uuid":"45:50:53:47:2d:47:54:49:2d:50:52:4f:59:2d:33:41:"}
2025-10-06T21:52:22+00:00 METHOD=POST
2025-10-06T21:52:22+00:00 HEADERS={"User-Agent":"okhttp\/4.12.0","Accept-Encoding":"gzip","Content-Length":"179","Content-Type":"application\/json","X-Api-Key":"YOUR_SECURE_RANDOM_KEY","Host":"wjin.upv.edu.es"}
2025-10-06T21:52:22+00:00 RAW={"mac":"E6:14:89:83:B3:B9","major":2874,"minor":500,"nombre":"GTI-3A","rssi":-59,"timestamp":1759787542485,"txPower":203,"uuid":"45:50:53:47:2d:47:54:49:2d:50:52:4f:59:2d:33:41:"}
2025-10-06T21:52:22+00:00 METHOD=POST
2025-10-06T21:52:22+00:00 HEADERS={"User-Agent":"okhttp\/4.12.0","Accept-Encoding":"gzip","Content-Length":"179","Content-Type":"application\/json","X-Api-Key":"YOUR_SECURE_RANDOM_KEY","Host":"wjin.upv.edu.es"}
2025-10-06T21:52:22+00:00 RAW={"mac":"E6:14:89:83:B3:B9","major":2874,"minor":500,"nombre":"GTI-3A","rssi":-55,"timestamp":1759787542559,"txPower":203,"uuid":"45:50:53:47:2d:47:54:49:2d:50:52:4f:59:2d:33:41:"}
2025-10-06T21:52:22+00:00 METHOD=POST
2025-10-06T21:52:22+00:00 HEADERS={"User-Agent":"okhttp\/4.12.0","Accept-Encoding":"gzip","Content-Length":"179","Content-Type":"application\/json","X-Api-Key":"YOUR_SECURE_RANDOM_KEY","Host":"wjin.upv.edu.es"}
2025-10-06T21:52:22+00:00 RAW={"mac":"E6:14:89:83:B3:B9","major":2874,"minor":500,"nombre":"GTI-3A","rssi":-56,"timestamp":1759787542614,"txPower":203,"uuid":"45:50:53:47:2d:47:54:49:2d:50:52:4f:59:2d:33:41:"}
2025-10-06T21:52:22+00:00 METHOD=POST
2025-10-06T21:52:22+00:00 HEADERS={"User-Agent":"okhttp\/4.12.0","Accept-Encoding":"gzip","Content-Length":"179","Content-Type":"application\/json","X-Api-Key":"YOUR_SECURE_RANDOM_KEY","Host":"wjin.upv.edu.es"}
2025-10-06T21:52:22+00:00 RAW={"mac":"E6:14:89:83:B3:B9","major":2874,"minor":500,"nombre":"GTI-3A","rssi":-59,"timestamp":1759787542751,"txPower":203,"uuid":"45:50:53:47:2d:47:54:49:2d:50:52:4f:59:2d:33:41:"}
2025-10-06T21:52:22+00:00 METHOD=POST
2025-10-06T21:52:22+00:00 HEADERS={"User-Agent":"okhttp\/4.12.0","Accept-Encoding":"gzip","Content-Length":"179","Content-Type":"application\/json","X-Api-Key":"YOUR_SECURE_RANDOM_KEY","Host":"wjin.upv.edu.es"}
2025-10-06T21:52:22+00:00 RAW={"mac":"E6:14:89:83:B3:B9","major":2874,"minor":500,"nombre":"GTI-3A","rssi":-55,"timestamp":1759787542821,"txPower":203,"uuid":"45:50:53:47:2d:47:54:49:2d:50:52:4f:59:2d:33:41:"}
2025-10-06T21:52:22+00:00 METHOD=POST
2025-10-06T21:52:22+00:00 HEADERS={"User-Agent":"okhttp\/4.12.0","Accept-Encoding":"gzip","Content-Length":"179","Content-Type":"application\/json","X-Api-Key":"YOUR_SECURE_RANDOM_KEY","Host":"wjin.upv.edu.es"}
2025-10-06T21:52:22+00:00 RAW={"mac":"E6:14:89:83:B3:B9","major":2874,"minor":500,"nombre":"GTI-3A","rssi":-55,"timestamp":1759787542897,"txPower":203,"uuid":"45:50:53:47:2d:47:54:49:2d:50:52:4f:59:2d:33:41:"}
2025-10-06T21:52:22+00:00 METHOD=POST
2025-10-06T21:52:22+00:00 HEADERS={"User-Agent":"okhttp\/4.12.0","Accept-Encoding":"gzip","Content-Length":"179","Content-Type":"application\/json","X-Api-Key":"YOUR_SECURE_RANDOM_KEY","Host":"wjin.upv.edu.es"}
2025-10-06T21:52:22+00:00 RAW={"mac":"E6:14:89:83:B3:B9","major":2874,"minor":500,"nombre":"GTI-3A","rssi":-57,"timestamp":1759787542963,"txPower":203,"uuid":"45:50:53:47:2d:47:54:49:2d:50:52:4f:59:2d:33:41:"}
2025-10-06T21:52:22+00:00 METHOD=POST
2025-10-06T21:52:22+00:00 HEADERS={"User-Agent":"okhttp\/4.12.0","Accept-Encoding":"gzip","Content-Length":"179","Content-Type":"application\/json","X-Api-Key":"YOUR_SECURE_RANDOM_KEY","Host":"wjin.upv.edu.es"}
2025-10-06T21:52:22+00:00 RAW={"mac":"E6:14:89:83:B3:B9","major":2874,"minor":500,"nombre":"GTI-3A","rssi":-59,"timestamp":1759787543025,"txPower":203,"uuid":"45:50:53:47:2d:47:54:49:2d:50:52:4f:59:2d:33:41:"}
2025-10-06T21:52:22+00:00 METHOD=POST
2025-10-06T21:52:22+00:00 HEADERS={"User-Agent":"okhttp\/4.12.0","Accept-Encoding":"gzip","Content-Length":"179","Content-Type":"application\/json","X-Api-Key":"YOUR_SECURE_RANDOM_KEY","Host":"wjin.upv.edu.es"}
2025-10-06T21:52:22+00:00 RAW={"mac":"E6:14:89:83:B3:B9","major":2874,"minor":500,"nombre":"GTI-3A","rssi":-59,"timestamp":1759787543086,"txPower":203,"uuid":"45:50:53:47:2d:47:54:49:2d:50:52:4f:59:2d:33:41:"}
2025-10-06T21:52:28+00:00 METHOD=POST
2025-10-06T21:52:28+00:00 HEADERS={"User-Agent":"okhttp\/4.12.0","Accept-Encoding":"gzip","Content-Length":"179","Content-Type":"application\/json","X-Api-Key":"YOUR_SECURE_RANDOM_KEY","Host":"wjin.upv.edu.es"}
2025-10-06T21:52:28+00:00 RAW={"mac":"E6:14:89:83:B3:B9","major":2875,"minor":500,"nombre":"GTI-3A","rssi":-56,"timestamp":1759787548666,"txPower":203,"uuid":"45:50:53:47:2d:47:54:49:2d:50:52:4f:59:2d:33:41:"}
2025-10-06T21:52:28+00:00 METHOD=POST
2025-10-06T21:52:28+00:00 HEADERS={"User-Agent":"okhttp\/4.12.0","Accept-Encoding":"gzip","Content-Length":"179","Content-Type":"application\/json","X-Api-Key":"YOUR_SECURE_RANDOM_KEY","Host":"wjin.upv.edu.es"}
2025-10-06T21:52:28+00:00 RAW={"mac":"E6:14:89:83:B3:B9","major":2875,"minor":500,"nombre":"GTI-3A","rssi":-64,"timestamp":1759787548775,"txPower":203,"uuid":"45:50:53:47:2d:47:54:49:2d:50:52:4f:59:2d:33:41:"}
2025-10-06T21:52:28+00:00 METHOD=POST
2025-10-06T21:52:28+00:00 HEADERS={"User-Agent":"okhttp\/4.12.0","Accept-Encoding":"gzip","Content-Length":"179","Content-Type":"application\/json","X-Api-Key":"YOUR_SECURE_RANDOM_KEY","Host":"wjin.upv.edu.es"}
2025-10-06T21:52:28+00:00 RAW={"mac":"E6:14:89:83:B3:B9","major":2875,"minor":500,"nombre":"GTI-3A","rssi":-57,"timestamp":1759787548849,"txPower":203,"uuid":"45:50:53:47:2d:47:54:49:2d:50:52:4f:59:2d:33:41:"}
2025-10-06T21:52:28+00:00 METHOD=POST
2025-10-06T21:52:28+00:00 HEADERS={"User-Agent":"okhttp\/4.12.0","Accept-Encoding":"gzip","Content-Length":"179","Content-Type":"application\/json","X-Api-Key":"YOUR_SECURE_RANDOM_KEY","Host":"wjin.upv.edu.es"}
2025-10-06T21:52:28+00:00 RAW={"mac":"E6:14:89:83:B3:B9","major":2875,"minor":500,"nombre":"GTI-3A","rssi":-56,"timestamp":1759787548905,"txPower":203,"uuid":"45:50:53:47:2d:47:54:49:2d:50:52:4f:59:2d:33:41:"}
2025-10-06T21:52:28+00:00 METHOD=POST
2025-10-06T21:52:28+00:00 HEADERS={"User-Agent":"okhttp\/4.12.0","Accept-Encoding":"gzip","Content-Length":"179","Content-Type":"application\/json","X-Api-Key":"YOUR_SECURE_RANDOM_KEY","Host":"wjin.upv.edu.es"}
2025-10-06T21:52:28+00:00 RAW={"mac":"E6:14:89:83:B3:B9","major":2875,"minor":500,"nombre":"GTI-3A","rssi":-56,"timestamp":1759787548967,"txPower":203,"uuid":"45:50:53:47:2d:47:54:49:2d:50:52:4f:59:2d:33:41:"}
2025-10-06T21:52:28+00:00 METHOD=POST
2025-10-06T21:52:28+00:00 HEADERS={"User-Agent":"okhttp\/4.12.0","Accept-Encoding":"gzip","Content-Length":"179","Content-Type":"application\/json","X-Api-Key":"YOUR_SECURE_RANDOM_KEY","Host":"wjin.upv.edu.es"}
2025-10-06T21:52:28+00:00 RAW={"mac":"E6:14:89:83:B3:B9","major":2875,"minor":500,"nombre":"GTI-3A","rssi":-64,"timestamp":1759787549034,"txPower":203,"uuid":"45:50:53:47:2d:47:54:49:2d:50:52:4f:59:2d:33:41:"}
2025-10-06T21:52:28+00:00 METHOD=POST
2025-10-06T21:52:28+00:00 HEADERS={"User-Agent":"okhttp\/4.12.0","Accept-Encoding":"gzip","Content-Length":"179","Content-Type":"application\/json","X-Api-Key":"YOUR_SECURE_RANDOM_KEY","Host":"wjin.upv.edu.es"}
2025-10-06T21:52:28+00:00 RAW={"mac":"E6:14:89:83:B3:B9","major":2875,"minor":500,"nombre":"GTI-3A","rssi":-57,"timestamp":1759787549188,"txPower":203,"uuid":"45:50:53:47:2d:47:54:49:2d:50:52:4f:59:2d:33:41:"}
2025-10-06T21:52:28+00:00 METHOD=POST
2025-10-06T21:52:28+00:00 HEADERS={"User-Agent":"okhttp\/4.12.0","Accept-Encoding":"gzip","Content-Length":"179","Content-Type":"application\/json","X-Api-Key":"YOUR_SECURE_RANDOM_KEY","Host":"wjin.upv.edu.es"}
2025-10-06T21:52:28+00:00 RAW={"mac":"E6:14:89:83:B3:B9","major":2875,"minor":500,"nombre":"GTI-3A","rssi":-55,"timestamp":1759787549251,"txPower":203,"uuid":"45:50:53:47:2d:47:54:49:2d:50:52:4f:59:2d:33:41:"}
2025-10-06T21:52:29+00:00 METHOD=POST
2025-10-06T21:52:29+00:00 HEADERS={"User-Agent":"okhttp\/4.12.0","Accept-Encoding":"gzip","Content-Length":"179","Content-Type":"application\/json","X-Api-Key":"YOUR_SECURE_RANDOM_KEY","Host":"wjin.upv.edu.es"}
2025-10-06T21:52:29+00:00 RAW={"mac":"E6:14:89:83:B3:B9","major":2875,"minor":500,"nombre":"GTI-3A","rssi":-64,"timestamp":1759787549310,"txPower":203,"uuid":"45:50:53:47:2d:47:54:49:2d:50:52:4f:59:2d:33:41:"}
2025-10-06T21:52:29+00:00 METHOD=POST
2025-10-06T21:52:29+00:00 HEADERS={"User-Agent":"okhttp\/4.12.0","Accept-Encoding":"gzip","Content-Length":"179","Content-Type":"application\/json","X-Api-Key":"YOUR_SECURE_RANDOM_KEY","Host":"wjin.upv.edu.es"}
2025-10-06T21:52:29+00:00 RAW={"mac":"E6:14:89:83:B3:B9","major":2875,"minor":500,"nombre":"GTI-3A","rssi":-57,"timestamp":1759787549460,"txPower":203,"uuid":"45:50:53:47:2d:47:54:49:2d:50:52:4f:59:2d:33:41:"}
2025-10-06T21:52:29+00:00 METHOD=POST
2025-10-06T21:52:29+00:00 HEADERS={"User-Agent":"okhttp\/4.12.0","Accept-Encoding":"gzip","Content-Length":"179","Content-Type":"application\/json","X-Api-Key":"YOUR_SECURE_RANDOM_KEY","Host":"wjin.upv.edu.es"}
2025-10-06T21:52:29+00:00 RAW={"mac":"E6:14:89:83:B3:B9","major":2875,"minor":500,"nombre":"GTI-3A","rssi":-56,"timestamp":1759787549520,"txPower":203,"uuid":"45:50:53:47:2d:47:54:49:2d:50:52:4f:59:2d:33:41:"}
2025-10-06T21:52:29+00:00 METHOD=POST
2025-10-06T21:52:29+00:00 HEADERS={"User-Agent":"okhttp\/4.12.0","Accept-Encoding":"gzip","Content-Length":"179","Content-Type":"application\/json","X-Api-Key":"YOUR_SECURE_RANDOM_KEY","Host":"wjin.upv.edu.es"}
2025-10-06T21:52:29+00:00 RAW={"mac":"E6:14:89:83:B3:B9","major":2875,"minor":500,"nombre":"GTI-3A","rssi":-56,"timestamp":1759787549589,"txPower":203,"uuid":"45:50:53:47:2d:47:54:49:2d:50:52:4f:59:2d:33:41:"}
2025-10-06T21:52:34+00:00 METHOD=POST
2025-10-06T21:52:34+00:00 HEADERS={"User-Agent":"okhttp\/4.12.0","Accept-Encoding":"gzip","Content-Length":"179","Content-Type":"application\/json","X-Api-Key":"YOUR_SECURE_RANDOM_KEY","Host":"wjin.upv.edu.es"}
2025-10-06T21:52:34+00:00 RAW={"mac":"E6:14:89:83:B3:B9","major":2876,"minor":500,"nombre":"GTI-3A","rssi":-57,"timestamp":1759787555167,"txPower":203,"uuid":"45:50:53:47:2d:47:54:49:2d:50:52:4f:59:2d:33:41:"}
2025-10-06T21:52:34+00:00 METHOD=POST
2025-10-06T21:52:34+00:00 HEADERS={"User-Agent":"okhttp\/4.12.0","Accept-Encoding":"gzip","Content-Length":"179","Content-Type":"application\/json","X-Api-Key":"YOUR_SECURE_RANDOM_KEY","Host":"wjin.upv.edu.es"}
2025-10-06T21:52:34+00:00 RAW={"mac":"E6:14:89:83:B3:B9","major":2876,"minor":500,"nombre":"GTI-3A","rssi":-56,"timestamp":1759787555206,"txPower":203,"uuid":"45:50:53:47:2d:47:54:49:2d:50:52:4f:59:2d:33:41:"}
2025-10-06T21:52:34+00:00 METHOD=POST
2025-10-06T21:52:34+00:00 HEADERS={"User-Agent":"okhttp\/4.12.0","Accept-Encoding":"gzip","Content-Length":"179","Content-Type":"application\/json","X-Api-Key":"YOUR_SECURE_RANDOM_KEY","Host":"wjin.upv.edu.es"}
2025-10-06T21:52:34+00:00 RAW={"mac":"E6:14:89:83:B3:B9","major":2876,"minor":500,"nombre":"GTI-3A","rssi":-56,"timestamp":1759787555269,"txPower":203,"uuid":"45:50:53:47:2d:47:54:49:2d:50:52:4f:59:2d:33:41:"}
2025-10-06T21:52:35+00:00 METHOD=POST
2025-10-06T21:52:35+00:00 HEADERS={"User-Agent":"okhttp\/4.12.0","Accept-Encoding":"gzip","Content-Length":"179","Content-Type":"application\/json","X-Api-Key":"YOUR_SECURE_RANDOM_KEY","Host":"wjin.upv.edu.es"}
2025-10-06T21:52:35+00:00 RAW={"mac":"E6:14:89:83:B3:B9","major":2876,"minor":500,"nombre":"GTI-3A","rssi":-65,"timestamp":1759787555343,"txPower":203,"uuid":"45:50:53:47:2d:47:54:49:2d:50:52:4f:59:2d:33:41:"}
2025-10-06T21:52:35+00:00 METHOD=POST
2025-10-06T21:52:35+00:00 HEADERS={"User-Agent":"okhttp\/4.12.0","Accept-Encoding":"gzip","Content-Length":"179","Content-Type":"application\/json","X-Api-Key":"YOUR_SECURE_RANDOM_KEY","Host":"wjin.upv.edu.es"}
2025-10-06T21:52:35+00:00 RAW={"mac":"E6:14:89:83:B3:B9","major":2876,"minor":500,"nombre":"GTI-3A","rssi":-57,"timestamp":1759787555418,"txPower":203,"uuid":"45:50:53:47:2d:47:54:49:2d:50:52:4f:59:2d:33:41:"}
2025-10-06T21:52:35+00:00 METHOD=POST
2025-10-06T21:52:35+00:00 HEADERS={"User-Agent":"okhttp\/4.12.0","Accept-Encoding":"gzip","Content-Length":"179","Content-Type":"application\/json","X-Api-Key":"YOUR_SECURE_RANDOM_KEY","Host":"wjin.upv.edu.es"}
2025-10-06T21:52:35+00:00 RAW={"mac":"E6:14:89:83:B3:B9","major":2876,"minor":500,"nombre":"GTI-3A","rssi":-56,"timestamp":1759787555555,"txPower":203,"uuid":"45:50:53:47:2d:47:54:49:2d:50:52:4f:59:2d:33:41:"}
2025-10-06T21:52:35+00:00 METHOD=POST
2025-10-06T21:52:35+00:00 HEADERS={"User-Agent":"okhttp\/4.12.0","Accept-Encoding":"gzip","Content-Length":"179","Content-Type":"application\/json","X-Api-Key":"YOUR_SECURE_RANDOM_KEY","Host":"wjin.upv.edu.es"}
2025-10-06T21:52:35+00:00 RAW={"mac":"E6:14:89:83:B3:B9","major":2876,"minor":500,"nombre":"GTI-3A","rssi":-65,"timestamp":1759787555613,"txPower":203,"uuid":"45:50:53:47:2d:47:54:49:2d:50:52:4f:59:2d:33:41:"}
2025-10-06T21:52:35+00:00 METHOD=POST
2025-10-06T21:52:35+00:00 HEADERS={"User-Agent":"okhttp\/4.12.0","Accept-Encoding":"gzip","Content-Length":"179","Content-Type":"application\/json","X-Api-Key":"YOUR_SECURE_RANDOM_KEY","Host":"wjin.upv.edu.es"}
2025-10-06T21:52:35+00:00 RAW={"mac":"E6:14:89:83:B3:B9","major":2876,"minor":500,"nombre":"GTI-3A","rssi":-65,"timestamp":1759787555666,"txPower":203,"uuid":"45:50:53:47:2d:47:54:49:2d:50:52:4f:59:2d:33:41:"}
2025-10-06T21:52:35+00:00 METHOD=POST
2025-10-06T21:52:35+00:00 METHOD=POST
2025-10-06T21:52:35+00:00 METHOD=POST
2025-10-06T21:52:35+00:00 HEADERS={"User-Agent":"okhttp\/4.12.0","Accept-Encoding":"gzip","Content-Length":"179","Content-Type":"application\/json","X-Api-Key":"YOUR_SECURE_RANDOM_KEY","Host":"wjin.upv.edu.es"}
2025-10-06T21:52:35+00:00 HEADERS={"User-Agent":"okhttp\/4.12.0","Accept-Encoding":"gzip","Content-Length":"179","Content-Type":"application\/json","X-Api-Key":"YOUR_SECURE_RANDOM_KEY","Host":"wjin.upv.edu.es"}
2025-10-06T21:52:35+00:00 HEADERS={"User-Agent":"okhttp\/4.12.0","Accept-Encoding":"gzip","Content-Length":"179","Content-Type":"application\/json","X-Api-Key":"YOUR_SECURE_RANDOM_KEY","Host":"wjin.upv.edu.es"}
2025-10-06T21:52:35+00:00 RAW={"mac":"E6:14:89:83:B3:B9","major":2876,"minor":500,"nombre":"GTI-3A","rssi":-65,"timestamp":1759787555955,"txPower":203,"uuid":"45:50:53:47:2d:47:54:49:2d:50:52:4f:59:2d:33:41:"}
2025-10-06T21:52:35+00:00 RAW={"mac":"E6:14:89:83:B3:B9","major":2876,"minor":500,"nombre":"GTI-3A","rssi":-56,"timestamp":1759787555886,"txPower":203,"uuid":"45:50:53:47:2d:47:54:49:2d:50:52:4f:59:2d:33:41:"}
2025-10-06T21:52:35+00:00 RAW={"mac":"E6:14:89:83:B3:B9","major":2876,"minor":500,"nombre":"GTI-3A","rssi":-57,"timestamp":1759787555815,"txPower":203,"uuid":"45:50:53:47:2d:47:54:49:2d:50:52:4f:59:2d:33:41:"}
2025-10-06T21:52:35+00:00 METHOD=POST
2025-10-06T21:52:35+00:00 HEADERS={"User-Agent":"okhttp\/4.12.0","Accept-Encoding":"gzip","Content-Length":"179","Content-Type":"application\/json","X-Api-Key":"YOUR_SECURE_RANDOM_KEY","Host":"wjin.upv.edu.es"}
2025-10-06T21:52:35+00:00 RAW={"mac":"E6:14:89:83:B3:B9","major":2876,"minor":500,"nombre":"GTI-3A","rssi":-57,"timestamp":1759787556025,"txPower":203,"uuid":"45:50:53:47:2d:47:54:49:2d:50:52:4f:59:2d:33:41:"}
2025-10-06T21:52:35+00:00 METHOD=POST
2025-10-06T21:52:35+00:00 HEADERS={"User-Agent":"okhttp\/4.12.0","Accept-Encoding":"gzip","Content-Length":"179","Content-Type":"application\/json","X-Api-Key":"YOUR_SECURE_RANDOM_KEY","Host":"wjin.upv.edu.es"}
2025-10-06T21:52:35+00:00 RAW={"mac":"E6:14:89:83:B3:B9","major":2876,"minor":500,"nombre":"GTI-3A","rssi":-57,"timestamp":1759787556082,"txPower":203,"uuid":"45:50:53:47:2d:47:54:49:2d:50:52:4f:59:2d:33:41:"}
2025-10-06T21:52:41+00:00 METHOD=POST
2025-10-06T21:52:41+00:00 HEADERS={"User-Agent":"okhttp\/4.12.0","Accept-Encoding":"gzip","Content-Length":"179","Content-Type":"application\/json","X-Api-Key":"YOUR_SECURE_RANDOM_KEY","Host":"wjin.upv.edu.es"}
2025-10-06T21:52:41+00:00 RAW={"mac":"E6:14:89:83:B3:B9","major":2877,"minor":500,"nombre":"GTI-3A","rssi":-66,"timestamp":1759787561658,"txPower":203,"uuid":"45:50:53:47:2d:47:54:49:2d:50:52:4f:59:2d:33:41:"}
2025-10-06T21:52:41+00:00 METHOD=POST
2025-10-06T21:52:41+00:00 HEADERS={"User-Agent":"okhttp\/4.12.0","Accept-Encoding":"gzip","Content-Length":"179","Content-Type":"application\/json","X-Api-Key":"YOUR_SECURE_RANDOM_KEY","Host":"wjin.upv.edu.es"}
2025-10-06T21:52:41+00:00 RAW={"mac":"E6:14:89:83:B3:B9","major":2877,"minor":500,"nombre":"GTI-3A","rssi":-58,"timestamp":1759787561698,"txPower":203,"uuid":"45:50:53:47:2d:47:54:49:2d:50:52:4f:59:2d:33:41:"}
2025-10-06T21:52:41+00:00 METHOD=POST
2025-10-06T21:52:41+00:00 HEADERS={"User-Agent":"okhttp\/4.12.0","Accept-Encoding":"gzip","Content-Length":"179","Content-Type":"application\/json","X-Api-Key":"YOUR_SECURE_RANDOM_KEY","Host":"wjin.upv.edu.es"}
2025-10-06T21:52:41+00:00 RAW={"mac":"E6:14:89:83:B3:B9","major":2877,"minor":500,"nombre":"GTI-3A","rssi":-58,"timestamp":1759787561772,"txPower":203,"uuid":"45:50:53:47:2d:47:54:49:2d:50:52:4f:59:2d:33:41:"}
2025-10-06T21:52:41+00:00 METHOD=POST
2025-10-06T21:52:41+00:00 HEADERS={"User-Agent":"okhttp\/4.12.0","Accept-Encoding":"gzip","Content-Length":"179","Content-Type":"application\/json","X-Api-Key":"YOUR_SECURE_RANDOM_KEY","Host":"wjin.upv.edu.es"}
2025-10-06T21:52:41+00:00 RAW={"mac":"E6:14:89:83:B3:B9","major":2877,"minor":500,"nombre":"GTI-3A","rssi":-56,"timestamp":1759787561849,"txPower":203,"uuid":"45:50:53:47:2d:47:54:49:2d:50:52:4f:59:2d:33:41:"}
2025-10-06T21:52:41+00:00 METHOD=POST
2025-10-06T21:52:41+00:00 HEADERS={"User-Agent":"okhttp\/4.12.0","Accept-Encoding":"gzip","Content-Length":"179","Content-Type":"application\/json","X-Api-Key":"YOUR_SECURE_RANDOM_KEY","Host":"wjin.upv.edu.es"}
2025-10-06T21:52:41+00:00 RAW={"mac":"E6:14:89:83:B3:B9","major":2877,"minor":500,"nombre":"GTI-3A","rssi":-66,"timestamp":1759787561916,"txPower":203,"uuid":"45:50:53:47:2d:47:54:49:2d:50:52:4f:59:2d:33:41:"}
2025-10-06T21:52:41+00:00 METHOD=POST
2025-10-06T21:52:41+00:00 HEADERS={"User-Agent":"okhttp\/4.12.0","Accept-Encoding":"gzip","Content-Length":"179","Content-Type":"application\/json","X-Api-Key":"YOUR_SECURE_RANDOM_KEY","Host":"wjin.upv.edu.es"}
2025-10-06T21:52:41+00:00 RAW={"mac":"E6:14:89:83:B3:B9","major":2877,"minor":500,"nombre":"GTI-3A","rssi":-66,"timestamp":1759787561973,"txPower":203,"uuid":"45:50:53:47:2d:47:54:49:2d:50:52:4f:59:2d:33:41:"}
2025-10-06T21:52:41+00:00 METHOD=POST
2025-10-06T21:52:41+00:00 HEADERS={"User-Agent":"okhttp\/4.12.0","Accept-Encoding":"gzip","Content-Length":"179","Content-Type":"application\/json","X-Api-Key":"YOUR_SECURE_RANDOM_KEY","Host":"wjin.upv.edu.es"}
2025-10-06T21:52:41+00:00 RAW={"mac":"E6:14:89:83:B3:B9","major":2877,"minor":500,"nombre":"GTI-3A","rssi":-58,"timestamp":1759787562042,"txPower":203,"uuid":"45:50:53:47:2d:47:54:49:2d:50:52:4f:59:2d:33:41:"}
2025-10-06T21:52:41+00:00 METHOD=POST
2025-10-06T21:52:41+00:00 HEADERS={"User-Agent":"okhttp\/4.12.0","Accept-Encoding":"gzip","Content-Length":"179","Content-Type":"application\/json","X-Api-Key":"YOUR_SECURE_RANDOM_KEY","Host":"wjin.upv.edu.es"}
2025-10-06T21:52:41+00:00 RAW={"mac":"E6:14:89:83:B3:B9","major":2877,"minor":500,"nombre":"GTI-3A","rssi":-56,"timestamp":1759787562107,"txPower":203,"uuid":"45:50:53:47:2d:47:54:49:2d:50:52:4f:59:2d:33:41:"}
2025-10-06T21:52:41+00:00 METHOD=POST
2025-10-06T21:52:41+00:00 HEADERS={"User-Agent":"okhttp\/4.12.0","Accept-Encoding":"gzip","Content-Length":"179","Content-Type":"application\/json","X-Api-Key":"YOUR_SECURE_RANDOM_KEY","Host":"wjin.upv.edu.es"}
2025-10-06T21:52:41+00:00 RAW={"mac":"E6:14:89:83:B3:B9","major":2877,"minor":500,"nombre":"GTI-3A","rssi":-56,"timestamp":1759787562171,"txPower":203,"uuid":"45:50:53:47:2d:47:54:49:2d:50:52:4f:59:2d:33:41:"}
2025-10-06T21:52:42+00:00 METHOD=POST
2025-10-06T21:52:42+00:00 HEADERS={"User-Agent":"okhttp\/4.12.0","Accept-Encoding":"gzip","Content-Length":"179","Content-Type":"application\/json","X-Api-Key":"YOUR_SECURE_RANDOM_KEY","Host":"wjin.upv.edu.es"}
2025-10-06T21:52:42+00:00 RAW={"mac":"E6:14:89:83:B3:B9","major":2877,"minor":500,"nombre":"GTI-3A","rssi":-58,"timestamp":1759787562380,"txPower":203,"uuid":"45:50:53:47:2d:47:54:49:2d:50:52:4f:59:2d:33:41:"}
2025-10-06T21:52:42+00:00 METHOD=POST
2025-10-06T21:52:42+00:00 HEADERS={"User-Agent":"okhttp\/4.12.0","Accept-Encoding":"gzip","Content-Length":"179","Content-Type":"application\/json","X-Api-Key":"YOUR_SECURE_RANDOM_KEY","Host":"wjin.upv.edu.es"}
2025-10-06T21:52:42+00:00 RAW={"mac":"E6:14:89:83:B3:B9","major":2877,"minor":500,"nombre":"GTI-3A","rssi":-56,"timestamp":1759787562450,"txPower":203,"uuid":"45:50:53:47:2d:47:54:49:2d:50:52:4f:59:2d:33:41:"}
2025-10-06T21:52:42+00:00 METHOD=POST
2025-10-06T21:52:42+00:00 HEADERS={"User-Agent":"okhttp\/4.12.0","Accept-Encoding":"gzip","Content-Length":"179","Content-Type":"application\/json","X-Api-Key":"YOUR_SECURE_RANDOM_KEY","Host":"wjin.upv.edu.es"}
2025-10-06T21:52:42+00:00 RAW={"mac":"E6:14:89:83:B3:B9","major":2877,"minor":500,"nombre":"GTI-3A","rssi":-65,"timestamp":1759787562508,"txPower":203,"uuid":"45:50:53:47:2d:47:54:49:2d:50:52:4f:59:2d:33:41:"}
2025-10-06T21:52:42+00:00 METHOD=POST
2025-10-06T21:52:42+00:00 HEADERS={"User-Agent":"okhttp\/4.12.0","Accept-Encoding":"gzip","Content-Length":"179","Content-Type":"application\/json","X-Api-Key":"YOUR_SECURE_RANDOM_KEY","Host":"wjin.upv.edu.es"}
2025-10-06T21:52:42+00:00 RAW={"mac":"E6:14:89:83:B3:B9","major":2877,"minor":500,"nombre":"GTI-3A","rssi":-65,"timestamp":1759787562580,"txPower":203,"uuid":"45:50:53:47:2d:47:54:49:2d:50:52:4f:59:2d:33:41:"}
2025-10-06T21:52:47+00:00 METHOD=POST
2025-10-06T21:52:47+00:00 HEADERS={"User-Agent":"okhttp\/4.12.0","Accept-Encoding":"gzip","Content-Length":"179","Content-Type":"application\/json","X-Api-Key":"YOUR_SECURE_RANDOM_KEY","Host":"wjin.upv.edu.es"}
2025-10-06T21:52:47+00:00 RAW={"mac":"E6:14:89:83:B3:B9","major":2878,"minor":500,"nombre":"GTI-3A","rssi":-59,"timestamp":1759787568143,"txPower":203,"uuid":"45:50:53:47:2d:47:54:49:2d:50:52:4f:59:2d:33:41:"}
2025-10-06T21:52:47+00:00 METHOD=POST
2025-10-06T21:52:47+00:00 HEADERS={"User-Agent":"okhttp\/4.12.0","Accept-Encoding":"gzip","Content-Length":"179","Content-Type":"application\/json","X-Api-Key":"YOUR_SECURE_RANDOM_KEY","Host":"wjin.upv.edu.es"}
2025-10-06T21:52:47+00:00 RAW={"mac":"E6:14:89:83:B3:B9","major":2878,"minor":500,"nombre":"GTI-3A","rssi":-58,"timestamp":1759787568209,"txPower":203,"uuid":"45:50:53:47:2d:47:54:49:2d:50:52:4f:59:2d:33:41:"}
2025-10-06T21:52:47+00:00 METHOD=POST
2025-10-06T21:52:47+00:00 HEADERS={"User-Agent":"okhttp\/4.12.0","Accept-Encoding":"gzip","Content-Length":"179","Content-Type":"application\/json","X-Api-Key":"YOUR_SECURE_RANDOM_KEY","Host":"wjin.upv.edu.es"}
2025-10-06T21:52:47+00:00 RAW={"mac":"E6:14:89:83:B3:B9","major":2878,"minor":500,"nombre":"GTI-3A","rssi":-57,"timestamp":1759787568275,"txPower":203,"uuid":"45:50:53:47:2d:47:54:49:2d:50:52:4f:59:2d:33:41:"}
2025-10-06T21:52:48+00:00 METHOD=POST
2025-10-06T21:52:48+00:00 HEADERS={"User-Agent":"okhttp\/4.12.0","Accept-Encoding":"gzip","Content-Length":"179","Content-Type":"application\/json","X-Api-Key":"YOUR_SECURE_RANDOM_KEY","Host":"wjin.upv.edu.es"}
2025-10-06T21:52:48+00:00 RAW={"mac":"E6:14:89:83:B3:B9","major":2878,"minor":500,"nombre":"GTI-3A","rssi":-70,"timestamp":1759787568338,"txPower":203,"uuid":"45:50:53:47:2d:47:54:49:2d:50:52:4f:59:2d:33:41:"}
2025-10-06T21:52:48+00:00 METHOD=POST
2025-10-06T21:52:48+00:00 HEADERS={"User-Agent":"okhttp\/4.12.0","Accept-Encoding":"gzip","Content-Length":"179","Content-Type":"application\/json","X-Api-Key":"YOUR_SECURE_RANDOM_KEY","Host":"wjin.upv.edu.es"}
2025-10-06T21:52:48+00:00 RAW={"mac":"E6:14:89:83:B3:B9","major":2878,"minor":500,"nombre":"GTI-3A","rssi":-59,"timestamp":1759787568413,"txPower":203,"uuid":"45:50:53:47:2d:47:54:49:2d:50:52:4f:59:2d:33:41:"}
2025-10-06T21:52:48+00:00 METHOD=POST
2025-10-06T21:52:48+00:00 HEADERS={"User-Agent":"okhttp\/4.12.0","Accept-Encoding":"gzip","Content-Length":"179","Content-Type":"application\/json","X-Api-Key":"YOUR_SECURE_RANDOM_KEY","Host":"wjin.upv.edu.es"}
2025-10-06T21:52:48+00:00 RAW={"mac":"E6:14:89:83:B3:B9","major":2878,"minor":500,"nombre":"GTI-3A","rssi":-58,"timestamp":1759787568474,"txPower":203,"uuid":"45:50:53:47:2d:47:54:49:2d:50:52:4f:59:2d:33:41:"}
2025-10-06T21:52:48+00:00 METHOD=POST
2025-10-06T21:52:48+00:00 HEADERS={"User-Agent":"okhttp\/4.12.0","Accept-Encoding":"gzip","Content-Length":"179","Content-Type":"application\/json","X-Api-Key":"YOUR_SECURE_RANDOM_KEY","Host":"wjin.upv.edu.es"}
2025-10-06T21:52:48+00:00 RAW={"mac":"E6:14:89:83:B3:B9","major":2878,"minor":500,"nombre":"GTI-3A","rssi":-55,"timestamp":1759787568532,"txPower":203,"uuid":"45:50:53:47:2d:47:54:49:2d:50:52:4f:59:2d:33:41:"}
2025-10-06T21:52:48+00:00 METHOD=POST
2025-10-06T21:52:48+00:00 HEADERS={"User-Agent":"okhttp\/4.12.0","Accept-Encoding":"gzip","Content-Length":"179","Content-Type":"application\/json","X-Api-Key":"YOUR_SECURE_RANDOM_KEY","Host":"wjin.upv.edu.es"}
2025-10-06T21:52:48+00:00 RAW={"mac":"E6:14:89:83:B3:B9","major":2878,"minor":500,"nombre":"GTI-3A","rssi":-65,"timestamp":1759787568611,"txPower":203,"uuid":"45:50:53:47:2d:47:54:49:2d:50:52:4f:59:2d:33:41:"}
2025-10-06T21:52:48+00:00 METHOD=POST
2025-10-06T21:52:48+00:00 HEADERS={"User-Agent":"okhttp\/4.12.0","Accept-Encoding":"gzip","Content-Length":"179","Content-Type":"application\/json","X-Api-Key":"YOUR_SECURE_RANDOM_KEY","Host":"wjin.upv.edu.es"}
2025-10-06T21:52:48+00:00 RAW={"mac":"E6:14:89:83:B3:B9","major":2878,"minor":500,"nombre":"GTI-3A","rssi":-55,"timestamp":1759787568678,"txPower":203,"uuid":"45:50:53:47:2d:47:54:49:2d:50:52:4f:59:2d:33:41:"}
2025-10-06T21:52:48+00:00 METHOD=POST
2025-10-06T21:52:48+00:00 HEADERS={"User-Agent":"okhttp\/4.12.0","Accept-Encoding":"gzip","Content-Length":"179","Content-Type":"application\/json","X-Api-Key":"YOUR_SECURE_RANDOM_KEY","Host":"wjin.upv.edu.es"}
2025-10-06T21:52:48+00:00 RAW={"mac":"E6:14:89:83:B3:B9","major":2878,"minor":500,"nombre":"GTI-3A","rssi":-56,"timestamp":1759787568748,"txPower":203,"uuid":"45:50:53:47:2d:47:54:49:2d:50:52:4f:59:2d:33:41:"}
2025-10-06T21:52:48+00:00 METHOD=POST
2025-10-06T21:52:48+00:00 HEADERS={"User-Agent":"okhttp\/4.12.0","Accept-Encoding":"gzip","Content-Length":"179","Content-Type":"application\/json","X-Api-Key":"YOUR_SECURE_RANDOM_KEY","Host":"wjin.upv.edu.es"}
2025-10-06T21:52:48+00:00 RAW={"mac":"E6:14:89:83:B3:B9","major":2878,"minor":500,"nombre":"GTI-3A","rssi":-57,"timestamp":1759787568818,"txPower":203,"uuid":"45:50:53:47:2d:47:54:49:2d:50:52:4f:59:2d:33:41:"}
2025-10-06T21:52:48+00:00 METHOD=POST
2025-10-06T21:52:48+00:00 HEADERS={"User-Agent":"okhttp\/4.12.0","Accept-Encoding":"gzip","Content-Length":"179","Content-Type":"application\/json","X-Api-Key":"YOUR_SECURE_RANDOM_KEY","Host":"wjin.upv.edu.es"}
2025-10-06T21:52:48+00:00 RAW={"mac":"E6:14:89:83:B3:B9","major":2878,"minor":500,"nombre":"GTI-3A","rssi":-59,"timestamp":1759787568883,"txPower":203,"uuid":"45:50:53:47:2d:47:54:49:2d:50:52:4f:59:2d:33:41:"}
2025-10-06T21:52:48+00:00 METHOD=POST
2025-10-06T21:52:48+00:00 HEADERS={"User-Agent":"okhttp\/4.12.0","Accept-Encoding":"gzip","Content-Length":"179","Content-Type":"application\/json","X-Api-Key":"YOUR_SECURE_RANDOM_KEY","Host":"wjin.upv.edu.es"}
2025-10-06T21:52:48+00:00 RAW={"mac":"E6:14:89:83:B3:B9","major":2878,"minor":500,"nombre":"GTI-3A","rssi":-59,"timestamp":1759787568946,"txPower":203,"uuid":"45:50:53:47:2d:47:54:49:2d:50:52:4f:59:2d:33:41:"}
2025-10-06T21:52:48+00:00 METHOD=POST
2025-10-06T21:52:48+00:00 HEADERS={"User-Agent":"okhttp\/4.12.0","Accept-Encoding":"gzip","Content-Length":"179","Content-Type":"application\/json","X-Api-Key":"YOUR_SECURE_RANDOM_KEY","Host":"wjin.upv.edu.es"}
2025-10-06T21:52:48+00:00 RAW={"mac":"E6:14:89:83:B3:B9","major":2878,"minor":500,"nombre":"GTI-3A","rssi":-70,"timestamp":1759787569009,"txPower":203,"uuid":"45:50:53:47:2d:47:54:49:2d:50:52:4f:59:2d:33:41:"}
2025-10-06T21:52:54+00:00 METHOD=POST
2025-10-06T21:52:54+00:00 HEADERS={"User-Agent":"okhttp\/4.12.0","Accept-Encoding":"gzip","Content-Length":"179","Content-Type":"application\/json","X-Api-Key":"YOUR_SECURE_RANDOM_KEY","Host":"wjin.upv.edu.es"}
2025-10-06T21:52:54+00:00 RAW={"mac":"E6:14:89:83:B3:B9","major":2879,"minor":500,"nombre":"GTI-3A","rssi":-65,"timestamp":1759787574650,"txPower":203,"uuid":"45:50:53:47:2d:47:54:49:2d:50:52:4f:59:2d:33:41:"}
2025-10-06T21:52:54+00:00 METHOD=POST
2025-10-06T21:52:54+00:00 HEADERS={"User-Agent":"okhttp\/4.12.0","Accept-Encoding":"gzip","Content-Length":"179","Content-Type":"application\/json","X-Api-Key":"YOUR_SECURE_RANDOM_KEY","Host":"wjin.upv.edu.es"}
2025-10-06T21:52:54+00:00 RAW={"mac":"E6:14:89:83:B3:B9","major":2879,"minor":500,"nombre":"GTI-3A","rssi":-67,"timestamp":1759787574702,"txPower":203,"uuid":"45:50:53:47:2d:47:54:49:2d:50:52:4f:59:2d:33:41:"}
2025-10-06T21:52:54+00:00 METHOD=POST
2025-10-06T21:52:54+00:00 HEADERS={"User-Agent":"okhttp\/4.12.0","Accept-Encoding":"gzip","Content-Length":"179","Content-Type":"application\/json","X-Api-Key":"YOUR_SECURE_RANDOM_KEY","Host":"wjin.upv.edu.es"}
2025-10-06T21:52:54+00:00 RAW={"mac":"E6:14:89:83:B3:B9","major":2879,"minor":500,"nombre":"GTI-3A","rssi":-59,"timestamp":1759787574761,"txPower":203,"uuid":"45:50:53:47:2d:47:54:49:2d:50:52:4f:59:2d:33:41:"}
2025-10-06T21:52:54+00:00 METHOD=POST
2025-10-06T21:52:54+00:00 HEADERS={"User-Agent":"okhttp\/4.12.0","Accept-Encoding":"gzip","Content-Length":"179","Content-Type":"application\/json","X-Api-Key":"YOUR_SECURE_RANDOM_KEY","Host":"wjin.upv.edu.es"}
2025-10-06T21:52:54+00:00 RAW={"mac":"E6:14:89:83:B3:B9","major":2879,"minor":500,"nombre":"GTI-3A","rssi":-60,"timestamp":1759787574968,"txPower":203,"uuid":"45:50:53:47:2d:47:54:49:2d:50:52:4f:59:2d:33:41:"}
2025-10-06T21:52:54+00:00 METHOD=POST
2025-10-06T21:52:54+00:00 HEADERS={"User-Agent":"okhttp\/4.12.0","Accept-Encoding":"gzip","Content-Length":"179","Content-Type":"application\/json","X-Api-Key":"YOUR_SECURE_RANDOM_KEY","Host":"wjin.upv.edu.es"}
2025-10-06T21:52:54+00:00 RAW={"mac":"E6:14:89:83:B3:B9","major":2879,"minor":500,"nombre":"GTI-3A","rssi":-56,"timestamp":1759787575037,"txPower":203,"uuid":"45:50:53:47:2d:47:54:49:2d:50:52:4f:59:2d:33:41:"}
2025-10-06T21:52:54+00:00 METHOD=POST
2025-10-06T21:52:54+00:00 HEADERS={"User-Agent":"okhttp\/4.12.0","Accept-Encoding":"gzip","Content-Length":"179","Content-Type":"application\/json","X-Api-Key":"YOUR_SECURE_RANDOM_KEY","Host":"wjin.upv.edu.es"}
2025-10-06T21:52:54+00:00 RAW={"mac":"E6:14:89:83:B3:B9","major":2879,"minor":500,"nombre":"GTI-3A","rssi":-56,"timestamp":1759787575108,"txPower":203,"uuid":"45:50:53:47:2d:47:54:49:2d:50:52:4f:59:2d:33:41:"}
2025-10-06T21:52:54+00:00 METHOD=POST
2025-10-06T21:52:54+00:00 HEADERS={"User-Agent":"okhttp\/4.12.0","Accept-Encoding":"gzip","Content-Length":"179","Content-Type":"application\/json","X-Api-Key":"YOUR_SECURE_RANDOM_KEY","Host":"wjin.upv.edu.es"}
2025-10-06T21:52:54+00:00 RAW={"mac":"E6:14:89:83:B3:B9","major":2879,"minor":500,"nombre":"GTI-3A","rssi":-78,"timestamp":1759787575173,"txPower":203,"uuid":"45:50:53:47:2d:47:54:49:2d:50:52:4f:59:2d:33:41:"}
2025-10-06T21:52:54+00:00 METHOD=POST
2025-10-06T21:52:54+00:00 HEADERS={"User-Agent":"okhttp\/4.12.0","Accept-Encoding":"gzip","Content-Length":"179","Content-Type":"application\/json","X-Api-Key":"YOUR_SECURE_RANDOM_KEY","Host":"wjin.upv.edu.es"}
2025-10-06T21:52:54+00:00 RAW={"mac":"E6:14:89:83:B3:B9","major":2879,"minor":500,"nombre":"GTI-3A","rssi":-57,"timestamp":1759787575252,"txPower":203,"uuid":"45:50:53:47:2d:47:54:49:2d:50:52:4f:59:2d:33:41:"}
2025-10-06T21:52:55+00:00 METHOD=POST
2025-10-06T21:52:55+00:00 HEADERS={"User-Agent":"okhttp\/4.12.0","Accept-Encoding":"gzip","Content-Length":"179","Content-Type":"application\/json","X-Api-Key":"YOUR_SECURE_RANDOM_KEY","Host":"wjin.upv.edu.es"}
2025-10-06T21:52:55+00:00 RAW={"mac":"E6:14:89:83:B3:B9","major":2879,"minor":500,"nombre":"GTI-3A","rssi":-54,"timestamp":1759787575327,"txPower":203,"uuid":"45:50:53:47:2d:47:54:49:2d:50:52:4f:59:2d:33:41:"}
2025-10-06T21:52:55+00:00 METHOD=POST
2025-10-06T21:52:55+00:00 HEADERS={"User-Agent":"okhttp\/4.12.0","Accept-Encoding":"gzip","Content-Length":"179","Content-Type":"application\/json","X-Api-Key":"YOUR_SECURE_RANDOM_KEY","Host":"wjin.upv.edu.es"}
2025-10-06T21:52:55+00:00 RAW={"mac":"E6:14:89:83:B3:B9","major":2879,"minor":500,"nombre":"GTI-3A","rssi":-54,"timestamp":1759787575380,"txPower":203,"uuid":"45:50:53:47:2d:47:54:49:2d:50:52:4f:59:2d:33:41:"}
2025-10-06T21:52:55+00:00 METHOD=POST
2025-10-06T21:52:55+00:00 HEADERS={"User-Agent":"okhttp\/4.12.0","Accept-Encoding":"gzip","Content-Length":"179","Content-Type":"application\/json","X-Api-Key":"YOUR_SECURE_RANDOM_KEY","Host":"wjin.upv.edu.es"}
2025-10-06T21:52:55+00:00 RAW={"mac":"E6:14:89:83:B3:B9","major":2879,"minor":500,"nombre":"GTI-3A","rssi":-57,"timestamp":1759787575593,"txPower":203,"uuid":"45:50:53:47:2d:47:54:49:2d:50:52:4f:59:2d:33:41:"}
2025-10-06T21:53:01+00:00 METHOD=POST
2025-10-06T21:53:01+00:00 HEADERS={"User-Agent":"okhttp\/4.12.0","Accept-Encoding":"gzip","Content-Length":"179","Content-Type":"application\/json","X-Api-Key":"YOUR_SECURE_RANDOM_KEY","Host":"wjin.upv.edu.es"}
2025-10-06T21:53:01+00:00 RAW={"mac":"E6:14:89:83:B3:B9","major":2880,"minor":500,"nombre":"GTI-3A","rssi":-63,"timestamp":1759787581281,"txPower":203,"uuid":"45:50:53:47:2d:47:54:49:2d:50:52:4f:59:2d:33:41:"}
2025-10-06T21:53:01+00:00 METHOD=POST
2025-10-06T21:53:01+00:00 HEADERS={"User-Agent":"okhttp\/4.12.0","Accept-Encoding":"gzip","Content-Length":"179","Content-Type":"application\/json","X-Api-Key":"YOUR_SECURE_RANDOM_KEY","Host":"wjin.upv.edu.es"}
2025-10-06T21:53:01+00:00 RAW={"mac":"E6:14:89:83:B3:B9","major":2880,"minor":500,"nombre":"GTI-3A","rssi":-59,"timestamp":1759787581323,"txPower":203,"uuid":"45:50:53:47:2d:47:54:49:2d:50:52:4f:59:2d:33:41:"}
2025-10-06T21:53:01+00:00 METHOD=POST
2025-10-06T21:53:01+00:00 HEADERS={"User-Agent":"okhttp\/4.12.0","Accept-Encoding":"gzip","Content-Length":"179","Content-Type":"application\/json","X-Api-Key":"YOUR_SECURE_RANDOM_KEY","Host":"wjin.upv.edu.es"}
2025-10-06T21:53:01+00:00 RAW={"mac":"E6:14:89:83:B3:B9","major":2880,"minor":500,"nombre":"GTI-3A","rssi":-61,"timestamp":1759787581409,"txPower":203,"uuid":"45:50:53:47:2d:47:54:49:2d:50:52:4f:59:2d:33:41:"}
2025-10-06T21:53:01+00:00 METHOD=POST
2025-10-06T21:53:01+00:00 HEADERS={"User-Agent":"okhttp\/4.12.0","Accept-Encoding":"gzip","Content-Length":"179","Content-Type":"application\/json","X-Api-Key":"YOUR_SECURE_RANDOM_KEY","Host":"wjin.upv.edu.es"}
2025-10-06T21:53:01+00:00 RAW={"mac":"E6:14:89:83:B3:B9","major":2880,"minor":500,"nombre":"GTI-3A","rssi":-58,"timestamp":1759787581450,"txPower":203,"uuid":"45:50:53:47:2d:47:54:49:2d:50:52:4f:59:2d:33:41:"}
2025-10-06T21:53:01+00:00 METHOD=POST
2025-10-06T21:53:01+00:00 HEADERS={"User-Agent":"okhttp\/4.12.0","Accept-Encoding":"gzip","Content-Length":"179","Content-Type":"application\/json","X-Api-Key":"YOUR_SECURE_RANDOM_KEY","Host":"wjin.upv.edu.es"}
2025-10-06T21:53:01+00:00 RAW={"mac":"E6:14:89:83:B3:B9","major":2880,"minor":500,"nombre":"GTI-3A","rssi":-70,"timestamp":1759787581516,"txPower":203,"uuid":"45:50:53:47:2d:47:54:49:2d:50:52:4f:59:2d:33:41:"}
2025-10-06T21:53:01+00:00 METHOD=POST
2025-10-06T21:53:01+00:00 HEADERS={"User-Agent":"okhttp\/4.12.0","Accept-Encoding":"gzip","Content-Length":"179","Content-Type":"application\/json","X-Api-Key":"YOUR_SECURE_RANDOM_KEY","Host":"wjin.upv.edu.es"}
2025-10-06T21:53:01+00:00 RAW={"mac":"E6:14:89:83:B3:B9","major":2880,"minor":500,"nombre":"GTI-3A","rssi":-69,"timestamp":1759787581577,"txPower":203,"uuid":"45:50:53:47:2d:47:54:49:2d:50:52:4f:59:2d:33:41:"}
2025-10-06T21:53:01+00:00 METHOD=POST
2025-10-06T21:53:01+00:00 HEADERS={"User-Agent":"okhttp\/4.12.0","Accept-Encoding":"gzip","Content-Length":"179","Content-Type":"application\/json","X-Api-Key":"YOUR_SECURE_RANDOM_KEY","Host":"wjin.upv.edu.es"}
2025-10-06T21:53:01+00:00 RAW={"mac":"E6:14:89:83:B3:B9","major":2880,"minor":500,"nombre":"GTI-3A","rssi":-59,"timestamp":1759787581652,"txPower":203,"uuid":"45:50:53:47:2d:47:54:49:2d:50:52:4f:59:2d:33:41:"}
2025-10-06T21:53:01+00:00 METHOD=POST
2025-10-06T21:53:01+00:00 HEADERS={"User-Agent":"okhttp\/4.12.0","Accept-Encoding":"gzip","Content-Length":"179","Content-Type":"application\/json","X-Api-Key":"YOUR_SECURE_RANDOM_KEY","Host":"wjin.upv.edu.es"}
2025-10-06T21:53:01+00:00 RAW={"mac":"E6:14:89:83:B3:B9","major":2880,"minor":500,"nombre":"GTI-3A","rssi":-59,"timestamp":1759787581724,"txPower":203,"uuid":"45:50:53:47:2d:47:54:49:2d:50:52:4f:59:2d:33:41:"}
2025-10-06T21:53:01+00:00 METHOD=POST
2025-10-06T21:53:01+00:00 HEADERS={"User-Agent":"okhttp\/4.12.0","Accept-Encoding":"gzip","Content-Length":"179","Content-Type":"application\/json","X-Api-Key":"YOUR_SECURE_RANDOM_KEY","Host":"wjin.upv.edu.es"}
2025-10-06T21:53:01+00:00 RAW={"mac":"E6:14:89:83:B3:B9","major":2880,"minor":500,"nombre":"GTI-3A","rssi":-59,"timestamp":1759787581786,"txPower":203,"uuid":"45:50:53:47:2d:47:54:49:2d:50:52:4f:59:2d:33:41:"}
2025-10-06T21:53:01+00:00 METHOD=POST
2025-10-06T21:53:01+00:00 HEADERS={"User-Agent":"okhttp\/4.12.0","Accept-Encoding":"gzip","Content-Length":"179","Content-Type":"application\/json","X-Api-Key":"YOUR_SECURE_RANDOM_KEY","Host":"wjin.upv.edu.es"}
2025-10-06T21:53:01+00:00 RAW={"mac":"E6:14:89:83:B3:B9","major":2880,"minor":500,"nombre":"GTI-3A","rssi":-64,"timestamp":1759787581853,"txPower":203,"uuid":"45:50:53:47:2d:47:54:49:2d:50:52:4f:59:2d:33:41:"}
2025-10-06T21:53:01+00:00 METHOD=POST
2025-10-06T21:53:01+00:00 METHOD=POST
2025-10-06T21:53:01+00:00 METHOD=POST
2025-10-06T21:53:01+00:00 HEADERS={"User-Agent":"okhttp\/4.12.0","Accept-Encoding":"gzip","Content-Length":"179","Content-Type":"application\/json","X-Api-Key":"YOUR_SECURE_RANDOM_KEY","Host":"wjin.upv.edu.es"}
2025-10-06T21:53:01+00:00 HEADERS={"User-Agent":"okhttp\/4.12.0","Accept-Encoding":"gzip","Content-Length":"179","Content-Type":"application\/json","X-Api-Key":"YOUR_SECURE_RANDOM_KEY","Host":"wjin.upv.edu.es"}
2025-10-06T21:53:01+00:00 HEADERS={"User-Agent":"okhttp\/4.12.0","Accept-Encoding":"gzip","Content-Length":"179","Content-Type":"application\/json","X-Api-Key":"YOUR_SECURE_RANDOM_KEY","Host":"wjin.upv.edu.es"}
2025-10-06T21:53:01+00:00 RAW={"mac":"E6:14:89:83:B3:B9","major":2880,"minor":500,"nombre":"GTI-3A","rssi":-60,"timestamp":1759787581922,"txPower":203,"uuid":"45:50:53:47:2d:47:54:49:2d:50:52:4f:59:2d:33:41:"}
2025-10-06T21:53:01+00:00 RAW={"mac":"E6:14:89:83:B3:B9","major":2880,"minor":500,"nombre":"GTI-3A","rssi":-63,"timestamp":1759787582052,"txPower":203,"uuid":"45:50:53:47:2d:47:54:49:2d:50:52:4f:59:2d:33:41:"}
2025-10-06T21:53:01+00:00 RAW={"mac":"E6:14:89:83:B3:B9","major":2880,"minor":500,"nombre":"GTI-3A","rssi":-60,"timestamp":1759787581986,"txPower":203,"uuid":"45:50:53:47:2d:47:54:49:2d:50:52:4f:59:2d:33:41:"}
2025-10-06T21:53:07+00:00 METHOD=POST
2025-10-06T21:53:07+00:00 HEADERS={"User-Agent":"okhttp\/4.12.0","Accept-Encoding":"gzip","Content-Length":"179","Content-Type":"application\/json","X-Api-Key":"YOUR_SECURE_RANDOM_KEY","Host":"wjin.upv.edu.es"}
2025-10-06T21:53:07+00:00 RAW={"mac":"E6:14:89:83:B3:B9","major":2881,"minor":500,"nombre":"GTI-3A","rssi":-55,"timestamp":1759787587652,"txPower":203,"uuid":"45:50:53:47:2d:47:54:49:2d:50:52:4f:59:2d:33:41:"}
2025-10-06T21:53:07+00:00 METHOD=POST
2025-10-06T21:53:07+00:00 HEADERS={"User-Agent":"okhttp\/4.12.0","Accept-Encoding":"gzip","Content-Length":"179","Content-Type":"application\/json","X-Api-Key":"YOUR_SECURE_RANDOM_KEY","Host":"wjin.upv.edu.es"}
2025-10-06T21:53:07+00:00 RAW={"mac":"E6:14:89:83:B3:B9","major":2881,"minor":500,"nombre":"GTI-3A","rssi":-55,"timestamp":1759787587704,"txPower":203,"uuid":"45:50:53:47:2d:47:54:49:2d:50:52:4f:59:2d:33:41:"}
2025-10-06T21:53:07+00:00 METHOD=POST
2025-10-06T21:53:07+00:00 HEADERS={"User-Agent":"okhttp\/4.12.0","Accept-Encoding":"gzip","Content-Length":"179","Content-Type":"application\/json","X-Api-Key":"YOUR_SECURE_RANDOM_KEY","Host":"wjin.upv.edu.es"}
2025-10-06T21:53:07+00:00 RAW={"mac":"E6:14:89:83:B3:B9","major":2881,"minor":500,"nombre":"GTI-3A","rssi":-59,"timestamp":1759787587764,"txPower":203,"uuid":"45:50:53:47:2d:47:54:49:2d:50:52:4f:59:2d:33:41:"}
2025-10-06T21:53:07+00:00 METHOD=POST
2025-10-06T21:53:07+00:00 HEADERS={"User-Agent":"okhttp\/4.12.0","Accept-Encoding":"gzip","Content-Length":"179","Content-Type":"application\/json","X-Api-Key":"YOUR_SECURE_RANDOM_KEY","Host":"wjin.upv.edu.es"}
2025-10-06T21:53:07+00:00 RAW={"mac":"E6:14:89:83:B3:B9","major":2881,"minor":500,"nombre":"GTI-3A","rssi":-54,"timestamp":1759787587836,"txPower":203,"uuid":"45:50:53:47:2d:47:54:49:2d:50:52:4f:59:2d:33:41:"}
2025-10-06T21:53:07+00:00 METHOD=POST
2025-10-06T21:53:07+00:00 HEADERS={"User-Agent":"okhttp\/4.12.0","Accept-Encoding":"gzip","Content-Length":"179","Content-Type":"application\/json","X-Api-Key":"YOUR_SECURE_RANDOM_KEY","Host":"wjin.upv.edu.es"}
2025-10-06T21:53:07+00:00 RAW={"mac":"E6:14:89:83:B3:B9","major":2881,"minor":500,"nombre":"GTI-3A","rssi":-55,"timestamp":1759787587907,"txPower":203,"uuid":"45:50:53:47:2d:47:54:49:2d:50:52:4f:59:2d:33:41:"}
2025-10-06T21:53:07+00:00 METHOD=POST
2025-10-06T21:53:07+00:00 HEADERS={"User-Agent":"okhttp\/4.12.0","Accept-Encoding":"gzip","Content-Length":"179","Content-Type":"application\/json","X-Api-Key":"YOUR_SECURE_RANDOM_KEY","Host":"wjin.upv.edu.es"}
2025-10-06T21:53:07+00:00 RAW={"mac":"E6:14:89:83:B3:B9","major":2881,"minor":500,"nombre":"GTI-3A","rssi":-55,"timestamp":1759787587969,"txPower":203,"uuid":"45:50:53:47:2d:47:54:49:2d:50:52:4f:59:2d:33:41:"}
2025-10-06T21:53:07+00:00 METHOD=POST
2025-10-06T21:53:07+00:00 HEADERS={"User-Agent":"okhttp\/4.12.0","Accept-Encoding":"gzip","Content-Length":"179","Content-Type":"application\/json","X-Api-Key":"YOUR_SECURE_RANDOM_KEY","Host":"wjin.upv.edu.es"}
2025-10-06T21:53:07+00:00 RAW={"mac":"E6:14:89:83:B3:B9","major":2881,"minor":500,"nombre":"GTI-3A","rssi":-60,"timestamp":1759787588039,"txPower":203,"uuid":"45:50:53:47:2d:47:54:49:2d:50:52:4f:59:2d:33:41:"}
2025-10-06T21:53:07+00:00 METHOD=POST
2025-10-06T21:53:07+00:00 HEADERS={"User-Agent":"okhttp\/4.12.0","Accept-Encoding":"gzip","Content-Length":"179","Content-Type":"application\/json","X-Api-Key":"YOUR_SECURE_RANDOM_KEY","Host":"wjin.upv.edu.es"}
2025-10-06T21:53:07+00:00 RAW={"mac":"E6:14:89:83:B3:B9","major":2881,"minor":500,"nombre":"GTI-3A","rssi":-59,"timestamp":1759787588107,"txPower":203,"uuid":"45:50:53:47:2d:47:54:49:2d:50:52:4f:59:2d:33:41:"}
2025-10-06T21:53:07+00:00 METHOD=POST
2025-10-06T21:53:07+00:00 HEADERS={"User-Agent":"okhttp\/4.12.0","Accept-Encoding":"gzip","Content-Length":"179","Content-Type":"application\/json","X-Api-Key":"YOUR_SECURE_RANDOM_KEY","Host":"wjin.upv.edu.es"}
2025-10-06T21:53:07+00:00 RAW={"mac":"E6:14:89:83:B3:B9","major":2881,"minor":500,"nombre":"GTI-3A","rssi":-54,"timestamp":1759787588171,"txPower":203,"uuid":"45:50:53:47:2d:47:54:49:2d:50:52:4f:59:2d:33:41:"}
2025-10-06T21:53:07+00:00 METHOD=POST
2025-10-06T21:53:07+00:00 HEADERS={"User-Agent":"okhttp\/4.12.0","Accept-Encoding":"gzip","Content-Length":"179","Content-Type":"application\/json","X-Api-Key":"YOUR_SECURE_RANDOM_KEY","Host":"wjin.upv.edu.es"}
2025-10-06T21:53:07+00:00 RAW={"mac":"E6:14:89:83:B3:B9","major":2881,"minor":500,"nombre":"GTI-3A","rssi":-54,"timestamp":1759787588237,"txPower":203,"uuid":"45:50:53:47:2d:47:54:49:2d:50:52:4f:59:2d:33:41:"}
2025-10-06T21:53:07+00:00 METHOD=POST
2025-10-06T21:53:08+00:00 HEADERS={"User-Agent":"okhttp\/4.12.0","Accept-Encoding":"gzip","Content-Length":"179","Content-Type":"application\/json","X-Api-Key":"YOUR_SECURE_RANDOM_KEY","Host":"wjin.upv.edu.es"}
2025-10-06T21:53:08+00:00 RAW={"mac":"E6:14:89:83:B3:B9","major":2881,"minor":500,"nombre":"GTI-3A","rssi":-59,"timestamp":1759787588308,"txPower":203,"uuid":"45:50:53:47:2d:47:54:49:2d:50:52:4f:59:2d:33:41:"}
2025-10-06T21:53:08+00:00 METHOD=POST
2025-10-06T21:53:08+00:00 HEADERS={"User-Agent":"okhttp\/4.12.0","Accept-Encoding":"gzip","Content-Length":"179","Content-Type":"application\/json","X-Api-Key":"YOUR_SECURE_RANDOM_KEY","Host":"wjin.upv.edu.es"}
2025-10-06T21:53:08+00:00 RAW={"mac":"E6:14:89:83:B3:B9","major":2881,"minor":500,"nombre":"GTI-3A","rssi":-59,"timestamp":1759787588373,"txPower":203,"uuid":"45:50:53:47:2d:47:54:49:2d:50:52:4f:59:2d:33:41:"}
2025-10-06T21:53:08+00:00 METHOD=POST
2025-10-06T21:53:08+00:00 HEADERS={"User-Agent":"okhttp\/4.12.0","Accept-Encoding":"gzip","Content-Length":"179","Content-Type":"application\/json","X-Api-Key":"YOUR_SECURE_RANDOM_KEY","Host":"wjin.upv.edu.es"}
2025-10-06T21:53:08+00:00 RAW={"mac":"E6:14:89:83:B3:B9","major":2881,"minor":500,"nombre":"GTI-3A","rssi":-55,"timestamp":1759787588451,"txPower":203,"uuid":"45:50:53:47:2d:47:54:49:2d:50:52:4f:59:2d:33:41:"}
2025-10-06T21:53:08+00:00 METHOD=POST
2025-10-06T21:53:08+00:00 HEADERS={"User-Agent":"okhttp\/4.12.0","Accept-Encoding":"gzip","Content-Length":"179","Content-Type":"application\/json","X-Api-Key":"YOUR_SECURE_RANDOM_KEY","Host":"wjin.upv.edu.es"}
2025-10-06T21:53:08+00:00 RAW={"mac":"E6:14:89:83:B3:B9","major":2881,"minor":500,"nombre":"GTI-3A","rssi":-69,"timestamp":1759787588504,"txPower":203,"uuid":"45:50:53:47:2d:47:54:49:2d:50:52:4f:59:2d:33:41:"}
2025-10-06T21:53:08+00:00 METHOD=POST
2025-10-06T21:53:08+00:00 HEADERS={"User-Agent":"okhttp\/4.12.0","Accept-Encoding":"gzip","Content-Length":"179","Content-Type":"application\/json","X-Api-Key":"YOUR_SECURE_RANDOM_KEY","Host":"wjin.upv.edu.es"}
2025-10-06T21:53:08+00:00 RAW={"mac":"E6:14:89:83:B3:B9","major":2881,"minor":500,"nombre":"GTI-3A","rssi":-56,"timestamp":1759787588577,"txPower":203,"uuid":"45:50:53:47:2d:47:54:49:2d:50:52:4f:59:2d:33:41:"}
2025-10-06T21:53:13+00:00 METHOD=POST
2025-10-06T21:53:13+00:00 HEADERS={"User-Agent":"okhttp\/4.12.0","Accept-Encoding":"gzip","Content-Length":"179","Content-Type":"application\/json","X-Api-Key":"YOUR_SECURE_RANDOM_KEY","Host":"wjin.upv.edu.es"}
2025-10-06T21:53:13+00:00 RAW={"mac":"E6:14:89:83:B3:B9","major":2882,"minor":500,"nombre":"GTI-3A","rssi":-61,"timestamp":1759787594146,"txPower":203,"uuid":"45:50:53:47:2d:47:54:49:2d:50:52:4f:59:2d:33:41:"}
2025-10-06T21:53:13+00:00 METHOD=POST
2025-10-06T21:53:13+00:00 HEADERS={"User-Agent":"okhttp\/4.12.0","Accept-Encoding":"gzip","Content-Length":"179","Content-Type":"application\/json","X-Api-Key":"YOUR_SECURE_RANDOM_KEY","Host":"wjin.upv.edu.es"}
2025-10-06T21:53:13+00:00 RAW={"mac":"E6:14:89:83:B3:B9","major":2882,"minor":500,"nombre":"GTI-3A","rssi":-61,"timestamp":1759787594193,"txPower":203,"uuid":"45:50:53:47:2d:47:54:49:2d:50:52:4f:59:2d:33:41:"}
2025-10-06T21:53:13+00:00 METHOD=POST
2025-10-06T21:53:13+00:00 HEADERS={"User-Agent":"okhttp\/4.12.0","Accept-Encoding":"gzip","Content-Length":"179","Content-Type":"application\/json","X-Api-Key":"YOUR_SECURE_RANDOM_KEY","Host":"wjin.upv.edu.es"}
2025-10-06T21:53:13+00:00 RAW={"mac":"E6:14:89:83:B3:B9","major":2882,"minor":500,"nombre":"GTI-3A","rssi":-64,"timestamp":1759787594254,"txPower":203,"uuid":"45:50:53:47:2d:47:54:49:2d:50:52:4f:59:2d:33:41:"}
2025-10-06T21:53:14+00:00 METHOD=POST
2025-10-06T21:53:14+00:00 HEADERS={"User-Agent":"okhttp\/4.12.0","Accept-Encoding":"gzip","Content-Length":"179","Content-Type":"application\/json","X-Api-Key":"YOUR_SECURE_RANDOM_KEY","Host":"wjin.upv.edu.es"}
2025-10-06T21:53:14+00:00 RAW={"mac":"E6:14:89:83:B3:B9","major":2882,"minor":500,"nombre":"GTI-3A","rssi":-61,"timestamp":1759787594394,"txPower":203,"uuid":"45:50:53:47:2d:47:54:49:2d:50:52:4f:59:2d:33:41:"}
2025-10-06T21:53:14+00:00 METHOD=POST
2025-10-06T21:53:14+00:00 HEADERS={"User-Agent":"okhttp\/4.12.0","Accept-Encoding":"gzip","Content-Length":"179","Content-Type":"application\/json","X-Api-Key":"YOUR_SECURE_RANDOM_KEY","Host":"wjin.upv.edu.es"}
2025-10-06T21:53:14+00:00 RAW={"mac":"E6:14:89:83:B3:B9","major":2882,"minor":500,"nombre":"GTI-3A","rssi":-61,"timestamp":1759787594460,"txPower":203,"uuid":"45:50:53:47:2d:47:54:49:2d:50:52:4f:59:2d:33:41:"}
2025-10-06T21:53:14+00:00 METHOD=POST
2025-10-06T21:53:14+00:00 HEADERS={"User-Agent":"okhttp\/4.12.0","Accept-Encoding":"gzip","Content-Length":"179","Content-Type":"application\/json","X-Api-Key":"YOUR_SECURE_RANDOM_KEY","Host":"wjin.upv.edu.es"}
2025-10-06T21:53:14+00:00 RAW={"mac":"E6:14:89:83:B3:B9","major":2882,"minor":500,"nombre":"GTI-3A","rssi":-79,"timestamp":1759787594606,"txPower":203,"uuid":"45:50:53:47:2d:47:54:49:2d:50:52:4f:59:2d:33:41:"}
2025-10-06T21:53:14+00:00 METHOD=POST
2025-10-06T21:53:14+00:00 HEADERS={"User-Agent":"okhttp\/4.12.0","Accept-Encoding":"gzip","Content-Length":"179","Content-Type":"application\/json","X-Api-Key":"YOUR_SECURE_RANDOM_KEY","Host":"wjin.upv.edu.es"}
2025-10-06T21:53:14+00:00 RAW={"mac":"E6:14:89:83:B3:B9","major":2882,"minor":500,"nombre":"GTI-3A","rssi":-61,"timestamp":1759787594660,"txPower":203,"uuid":"45:50:53:47:2d:47:54:49:2d:50:52:4f:59:2d:33:41:"}
2025-10-06T21:53:14+00:00 METHOD=POST
2025-10-06T21:53:14+00:00 HEADERS={"User-Agent":"okhttp\/4.12.0","Accept-Encoding":"gzip","Content-Length":"179","Content-Type":"application\/json","X-Api-Key":"YOUR_SECURE_RANDOM_KEY","Host":"wjin.upv.edu.es"}
2025-10-06T21:53:14+00:00 RAW={"mac":"E6:14:89:83:B3:B9","major":2882,"minor":500,"nombre":"GTI-3A","rssi":-61,"timestamp":1759787594731,"txPower":203,"uuid":"45:50:53:47:2d:47:54:49:2d:50:52:4f:59:2d:33:41:"}
2025-10-06T21:53:14+00:00 METHOD=POST
2025-10-06T21:53:14+00:00 HEADERS={"User-Agent":"okhttp\/4.12.0","Accept-Encoding":"gzip","Content-Length":"179","Content-Type":"application\/json","X-Api-Key":"YOUR_SECURE_RANDOM_KEY","Host":"wjin.upv.edu.es"}
2025-10-06T21:53:14+00:00 RAW={"mac":"E6:14:89:83:B3:B9","major":2882,"minor":500,"nombre":"GTI-3A","rssi":-60,"timestamp":1759787594803,"txPower":203,"uuid":"45:50:53:47:2d:47:54:49:2d:50:52:4f:59:2d:33:41:"}
2025-10-06T21:53:14+00:00 METHOD=POST
2025-10-06T21:53:14+00:00 HEADERS={"User-Agent":"okhttp\/4.12.0","Accept-Encoding":"gzip","Content-Length":"179","Content-Type":"application\/json","X-Api-Key":"YOUR_SECURE_RANDOM_KEY","Host":"wjin.upv.edu.es"}
2025-10-06T21:53:14+00:00 RAW={"mac":"E6:14:89:83:B3:B9","major":2882,"minor":500,"nombre":"GTI-3A","rssi":-63,"timestamp":1759787594868,"txPower":203,"uuid":"45:50:53:47:2d:47:54:49:2d:50:52:4f:59:2d:33:41:"}
2025-10-06T21:53:14+00:00 METHOD=POST
2025-10-06T21:53:14+00:00 HEADERS={"User-Agent":"okhttp\/4.12.0","Accept-Encoding":"gzip","Content-Length":"179","Content-Type":"application\/json","X-Api-Key":"YOUR_SECURE_RANDOM_KEY","Host":"wjin.upv.edu.es"}
2025-10-06T21:53:14+00:00 RAW={"mac":"E6:14:89:83:B3:B9","major":2882,"minor":500,"nombre":"GTI-3A","rssi":-61,"timestamp":1759787594939,"txPower":203,"uuid":"45:50:53:47:2d:47:54:49:2d:50:52:4f:59:2d:33:41:"}
2025-10-06T21:53:14+00:00 METHOD=POST
2025-10-06T21:53:14+00:00 HEADERS={"User-Agent":"okhttp\/4.12.0","Accept-Encoding":"gzip","Content-Length":"179","Content-Type":"application\/json","X-Api-Key":"YOUR_SECURE_RANDOM_KEY","Host":"wjin.upv.edu.es"}
2025-10-06T21:53:14+00:00 RAW={"mac":"E6:14:89:83:B3:B9","major":2882,"minor":500,"nombre":"GTI-3A","rssi":-61,"timestamp":1759787595008,"txPower":203,"uuid":"45:50:53:47:2d:47:54:49:2d:50:52:4f:59:2d:33:41:"}
2025-10-06T21:53:14+00:00 METHOD=POST
2025-10-06T21:53:14+00:00 HEADERS={"User-Agent":"okhttp\/4.12.0","Accept-Encoding":"gzip","Content-Length":"179","Content-Type":"application\/json","X-Api-Key":"YOUR_SECURE_RANDOM_KEY","Host":"wjin.upv.edu.es"}
2025-10-06T21:53:14+00:00 RAW={"mac":"E6:14:89:83:B3:B9","major":2882,"minor":500,"nombre":"GTI-3A","rssi":-61,"timestamp":1759787595061,"txPower":203,"uuid":"45:50:53:47:2d:47:54:49:2d:50:52:4f:59:2d:33:41:"}
2025-10-06T21:53:20+00:00 METHOD=POST
2025-10-06T21:53:20+00:00 HEADERS={"User-Agent":"okhttp\/4.12.0","Accept-Encoding":"gzip","Content-Length":"179","Content-Type":"application\/json","X-Api-Key":"YOUR_SECURE_RANDOM_KEY","Host":"wjin.upv.edu.es"}
2025-10-06T21:53:20+00:00 RAW={"mac":"E6:14:89:83:B3:B9","major":2883,"minor":500,"nombre":"GTI-3A","rssi":-60,"timestamp":1759787600634,"txPower":203,"uuid":"45:50:53:47:2d:47:54:49:2d:50:52:4f:59:2d:33:41:"}
2025-10-06T21:53:20+00:00 METHOD=POST
2025-10-06T21:53:20+00:00 HEADERS={"User-Agent":"okhttp\/4.12.0","Accept-Encoding":"gzip","Content-Length":"179","Content-Type":"application\/json","X-Api-Key":"YOUR_SECURE_RANDOM_KEY","Host":"wjin.upv.edu.es"}
2025-10-06T21:53:20+00:00 RAW={"mac":"E6:14:89:83:B3:B9","major":2883,"minor":500,"nombre":"GTI-3A","rssi":-60,"timestamp":1759787600681,"txPower":203,"uuid":"45:50:53:47:2d:47:54:49:2d:50:52:4f:59:2d:33:41:"}
2025-10-06T21:53:20+00:00 METHOD=POST
2025-10-06T21:53:20+00:00 HEADERS={"User-Agent":"okhttp\/4.12.0","Accept-Encoding":"gzip","Content-Length":"179","Content-Type":"application\/json","X-Api-Key":"YOUR_SECURE_RANDOM_KEY","Host":"wjin.upv.edu.es"}
2025-10-06T21:53:20+00:00 RAW={"mac":"E6:14:89:83:B3:B9","major":2883,"minor":500,"nombre":"GTI-3A","rssi":-61,"timestamp":1759787600754,"txPower":203,"uuid":"45:50:53:47:2d:47:54:49:2d:50:52:4f:59:2d:33:41:"}
2025-10-06T21:53:20+00:00 METHOD=POST
2025-10-06T21:53:20+00:00 HEADERS={"User-Agent":"okhttp\/4.12.0","Accept-Encoding":"gzip","Content-Length":"179","Content-Type":"application\/json","X-Api-Key":"YOUR_SECURE_RANDOM_KEY","Host":"wjin.upv.edu.es"}
2025-10-06T21:53:20+00:00 RAW={"mac":"E6:14:89:83:B3:B9","major":2883,"minor":500,"nombre":"GTI-3A","rssi":-63,"timestamp":1759787600829,"txPower":203,"uuid":"45:50:53:47:2d:47:54:49:2d:50:52:4f:59:2d:33:41:"}
2025-10-06T21:53:20+00:00 METHOD=POST
2025-10-06T21:53:20+00:00 HEADERS={"User-Agent":"okhttp\/4.12.0","Accept-Encoding":"gzip","Content-Length":"179","Content-Type":"application\/json","X-Api-Key":"YOUR_SECURE_RANDOM_KEY","Host":"wjin.upv.edu.es"}
2025-10-06T21:53:20+00:00 RAW={"mac":"E6:14:89:83:B3:B9","major":2883,"minor":500,"nombre":"GTI-3A","rssi":-63,"timestamp":1759787600880,"txPower":203,"uuid":"45:50:53:47:2d:47:54:49:2d:50:52:4f:59:2d:33:41:"}
2025-10-06T21:53:20+00:00 METHOD=POST
2025-10-06T21:53:20+00:00 HEADERS={"User-Agent":"okhttp\/4.12.0","Accept-Encoding":"gzip","Content-Length":"179","Content-Type":"application\/json","X-Api-Key":"YOUR_SECURE_RANDOM_KEY","Host":"wjin.upv.edu.es"}
2025-10-06T21:53:20+00:00 RAW={"mac":"E6:14:89:83:B3:B9","major":2883,"minor":500,"nombre":"GTI-3A","rssi":-60,"timestamp":1759787600945,"txPower":203,"uuid":"45:50:53:47:2d:47:54:49:2d:50:52:4f:59:2d:33:41:"}
2025-10-06T21:53:20+00:00 METHOD=POST
2025-10-06T21:53:20+00:00 HEADERS={"User-Agent":"okhttp\/4.12.0","Accept-Encoding":"gzip","Content-Length":"179","Content-Type":"application\/json","X-Api-Key":"YOUR_SECURE_RANDOM_KEY","Host":"wjin.upv.edu.es"}
2025-10-06T21:53:20+00:00 RAW={"mac":"E6:14:89:83:B3:B9","major":2883,"minor":500,"nombre":"GTI-3A","rssi":-61,"timestamp":1759787601018,"txPower":203,"uuid":"45:50:53:47:2d:47:54:49:2d:50:52:4f:59:2d:33:41:"}
2025-10-06T21:53:20+00:00 METHOD=POST
2025-10-06T21:53:20+00:00 HEADERS={"User-Agent":"okhttp\/4.12.0","Accept-Encoding":"gzip","Content-Length":"179","Content-Type":"application\/json","X-Api-Key":"YOUR_SECURE_RANDOM_KEY","Host":"wjin.upv.edu.es"}
2025-10-06T21:53:20+00:00 RAW={"mac":"E6:14:89:83:B3:B9","major":2883,"minor":500,"nombre":"GTI-3A","rssi":-61,"timestamp":1759787601098,"txPower":203,"uuid":"45:50:53:47:2d:47:54:49:2d:50:52:4f:59:2d:33:41:"}
2025-10-06T21:53:20+00:00 METHOD=POST
2025-10-06T21:53:20+00:00 HEADERS={"User-Agent":"okhttp\/4.12.0","Accept-Encoding":"gzip","Content-Length":"179","Content-Type":"application\/json","X-Api-Key":"YOUR_SECURE_RANDOM_KEY","Host":"wjin.upv.edu.es"}
2025-10-06T21:53:20+00:00 RAW={"mac":"E6:14:89:83:B3:B9","major":2883,"minor":500,"nombre":"GTI-3A","rssi":-63,"timestamp":1759787601160,"txPower":203,"uuid":"45:50:53:47:2d:47:54:49:2d:50:52:4f:59:2d:33:41:"}
2025-10-06T21:53:20+00:00 METHOD=POST
2025-10-06T21:53:20+00:00 HEADERS={"User-Agent":"okhttp\/4.12.0","Accept-Encoding":"gzip","Content-Length":"179","Content-Type":"application\/json","X-Api-Key":"YOUR_SECURE_RANDOM_KEY","Host":"wjin.upv.edu.es"}
2025-10-06T21:53:20+00:00 RAW={"mac":"E6:14:89:83:B3:B9","major":2883,"minor":500,"nombre":"GTI-3A","rssi":-60,"timestamp":1759787601222,"txPower":203,"uuid":"45:50:53:47:2d:47:54:49:2d:50:52:4f:59:2d:33:41:"}
2025-10-06T21:53:20+00:00 METHOD=POST
2025-10-06T21:53:20+00:00 HEADERS={"User-Agent":"okhttp\/4.12.0","Accept-Encoding":"gzip","Content-Length":"179","Content-Type":"application\/json","X-Api-Key":"YOUR_SECURE_RANDOM_KEY","Host":"wjin.upv.edu.es"}
2025-10-06T21:53:20+00:00 RAW={"mac":"E6:14:89:83:B3:B9","major":2883,"minor":500,"nombre":"GTI-3A","rssi":-60,"timestamp":1759787601291,"txPower":203,"uuid":"45:50:53:47:2d:47:54:49:2d:50:52:4f:59:2d:33:41:"}
2025-10-06T21:53:21+00:00 METHOD=POST
2025-10-06T21:53:21+00:00 HEADERS={"User-Agent":"okhttp\/4.12.0","Accept-Encoding":"gzip","Content-Length":"179","Content-Type":"application\/json","X-Api-Key":"YOUR_SECURE_RANDOM_KEY","Host":"wjin.upv.edu.es"}
2025-10-06T21:53:21+00:00 RAW={"mac":"E6:14:89:83:B3:B9","major":2883,"minor":500,"nombre":"GTI-3A","rssi":-61,"timestamp":1759787601353,"txPower":203,"uuid":"45:50:53:47:2d:47:54:49:2d:50:52:4f:59:2d:33:41:"}
2025-10-06T21:53:21+00:00 METHOD=POST
2025-10-06T21:53:21+00:00 HEADERS={"User-Agent":"okhttp\/4.12.0","Accept-Encoding":"gzip","Content-Length":"179","Content-Type":"application\/json","X-Api-Key":"YOUR_SECURE_RANDOM_KEY","Host":"wjin.upv.edu.es"}
2025-10-06T21:53:21+00:00 RAW={"mac":"E6:14:89:83:B3:B9","major":2883,"minor":500,"nombre":"GTI-3A","rssi":-64,"timestamp":1759787601423,"txPower":203,"uuid":"45:50:53:47:2d:47:54:49:2d:50:52:4f:59:2d:33:41:"}
2025-10-06T21:53:21+00:00 METHOD=POST
2025-10-06T21:53:21+00:00 HEADERS={"User-Agent":"okhttp\/4.12.0","Accept-Encoding":"gzip","Content-Length":"179","Content-Type":"application\/json","X-Api-Key":"YOUR_SECURE_RANDOM_KEY","Host":"wjin.upv.edu.es"}
2025-10-06T21:53:21+00:00 RAW={"mac":"E6:14:89:83:B3:B9","major":2883,"minor":500,"nombre":"GTI-3A","rssi":-64,"timestamp":1759787601493,"txPower":203,"uuid":"45:50:53:47:2d:47:54:49:2d:50:52:4f:59:2d:33:41:"}
2025-10-06T21:53:26+00:00 METHOD=POST
2025-10-06T21:53:26+00:00 HEADERS={"User-Agent":"okhttp\/4.12.0","Accept-Encoding":"gzip","Content-Length":"179","Content-Type":"application\/json","X-Api-Key":"YOUR_SECURE_RANDOM_KEY","Host":"wjin.upv.edu.es"}
2025-10-06T21:53:26+00:00 RAW={"mac":"E6:14:89:83:B3:B9","major":2884,"minor":500,"nombre":"GTI-3A","rssi":-64,"timestamp":1759787607143,"txPower":203,"uuid":"45:50:53:47:2d:47:54:49:2d:50:52:4f:59:2d:33:41:"}
2025-10-06T21:53:26+00:00 METHOD=POST
2025-10-06T21:53:26+00:00 HEADERS={"User-Agent":"okhttp\/4.12.0","Accept-Encoding":"gzip","Content-Length":"179","Content-Type":"application\/json","X-Api-Key":"YOUR_SECURE_RANDOM_KEY","Host":"wjin.upv.edu.es"}
2025-10-06T21:53:26+00:00 RAW={"mac":"E6:14:89:83:B3:B9","major":2884,"minor":500,"nombre":"GTI-3A","rssi":-61,"timestamp":1759787607258,"txPower":203,"uuid":"45:50:53:47:2d:47:54:49:2d:50:52:4f:59:2d:33:41:"}
2025-10-06T21:53:27+00:00 METHOD=POST
2025-10-06T21:53:27+00:00 HEADERS={"User-Agent":"okhttp\/4.12.0","Accept-Encoding":"gzip","Content-Length":"179","Content-Type":"application\/json","X-Api-Key":"YOUR_SECURE_RANDOM_KEY","Host":"wjin.upv.edu.es"}
2025-10-06T21:53:27+00:00 RAW={"mac":"E6:14:89:83:B3:B9","major":2884,"minor":500,"nombre":"GTI-3A","rssi":-62,"timestamp":1759787607328,"txPower":203,"uuid":"45:50:53:47:2d:47:54:49:2d:50:52:4f:59:2d:33:41:"}
2025-10-06T21:53:27+00:00 METHOD=POST
2025-10-06T21:53:27+00:00 HEADERS={"User-Agent":"okhttp\/4.12.0","Accept-Encoding":"gzip","Content-Length":"179","Content-Type":"application\/json","X-Api-Key":"YOUR_SECURE_RANDOM_KEY","Host":"wjin.upv.edu.es"}
2025-10-06T21:53:27+00:00 RAW={"mac":"E6:14:89:83:B3:B9","major":2884,"minor":500,"nombre":"GTI-3A","rssi":-61,"timestamp":1759787607390,"txPower":203,"uuid":"45:50:53:47:2d:47:54:49:2d:50:52:4f:59:2d:33:41:"}
2025-10-06T21:53:27+00:00 METHOD=POST
2025-10-06T21:53:27+00:00 HEADERS={"User-Agent":"okhttp\/4.12.0","Accept-Encoding":"gzip","Content-Length":"179","Content-Type":"application\/json","X-Api-Key":"YOUR_SECURE_RANDOM_KEY","Host":"wjin.upv.edu.es"}
2025-10-06T21:53:27+00:00 RAW={"mac":"E6:14:89:83:B3:B9","major":2884,"minor":500,"nombre":"GTI-3A","rssi":-70,"timestamp":1759787607462,"txPower":203,"uuid":"45:50:53:47:2d:47:54:49:2d:50:52:4f:59:2d:33:41:"}
2025-10-06T21:53:27+00:00 METHOD=POST
2025-10-06T21:53:27+00:00 HEADERS={"User-Agent":"okhttp\/4.12.0","Accept-Encoding":"gzip","Content-Length":"179","Content-Type":"application\/json","X-Api-Key":"YOUR_SECURE_RANDOM_KEY","Host":"wjin.upv.edu.es"}
2025-10-06T21:53:27+00:00 RAW={"mac":"E6:14:89:83:B3:B9","major":2884,"minor":500,"nombre":"GTI-3A","rssi":-58,"timestamp":1759787607528,"txPower":203,"uuid":"45:50:53:47:2d:47:54:49:2d:50:52:4f:59:2d:33:41:"}
2025-10-06T21:53:27+00:00 METHOD=POST
2025-10-06T21:53:27+00:00 HEADERS={"User-Agent":"okhttp\/4.12.0","Accept-Encoding":"gzip","Content-Length":"179","Content-Type":"application\/json","X-Api-Key":"YOUR_SECURE_RANDOM_KEY","Host":"wjin.upv.edu.es"}
2025-10-06T21:53:27+00:00 RAW={"mac":"E6:14:89:83:B3:B9","major":2884,"minor":500,"nombre":"GTI-3A","rssi":-56,"timestamp":1759787607588,"txPower":203,"uuid":"45:50:53:47:2d:47:54:49:2d:50:52:4f:59:2d:33:41:"}
2025-10-06T21:53:27+00:00 METHOD=POST
2025-10-06T21:53:27+00:00 HEADERS={"User-Agent":"okhttp\/4.12.0","Accept-Encoding":"gzip","Content-Length":"179","Content-Type":"application\/json","X-Api-Key":"YOUR_SECURE_RANDOM_KEY","Host":"wjin.upv.edu.es"}
2025-10-06T21:53:27+00:00 RAW={"mac":"E6:14:89:83:B3:B9","major":2884,"minor":500,"nombre":"GTI-3A","rssi":-56,"timestamp":1759787607656,"txPower":203,"uuid":"45:50:53:47:2d:47:54:49:2d:50:52:4f:59:2d:33:41:"}
2025-10-06T21:53:27+00:00 METHOD=POST
2025-10-06T21:53:27+00:00 HEADERS={"User-Agent":"okhttp\/4.12.0","Accept-Encoding":"gzip","Content-Length":"179","Content-Type":"application\/json","X-Api-Key":"YOUR_SECURE_RANDOM_KEY","Host":"wjin.upv.edu.es"}
2025-10-06T21:53:27+00:00 RAW={"mac":"E6:14:89:83:B3:B9","major":2884,"minor":500,"nombre":"GTI-3A","rssi":-67,"timestamp":1759787607733,"txPower":203,"uuid":"45:50:53:47:2d:47:54:49:2d:50:52:4f:59:2d:33:41:"}
2025-10-06T21:53:27+00:00 METHOD=POST
2025-10-06T21:53:27+00:00 HEADERS={"User-Agent":"okhttp\/4.12.0","Accept-Encoding":"gzip","Content-Length":"179","Content-Type":"application\/json","X-Api-Key":"YOUR_SECURE_RANDOM_KEY","Host":"wjin.upv.edu.es"}
2025-10-06T21:53:27+00:00 RAW={"mac":"E6:14:89:83:B3:B9","major":2884,"minor":500,"nombre":"GTI-3A","rssi":-54,"timestamp":1759787607857,"txPower":203,"uuid":"45:50:53:47:2d:47:54:49:2d:50:52:4f:59:2d:33:41:"}
2025-10-06T21:53:27+00:00 METHOD=POST
2025-10-06T21:53:27+00:00 HEADERS={"User-Agent":"okhttp\/4.12.0","Accept-Encoding":"gzip","Content-Length":"179","Content-Type":"application\/json","X-Api-Key":"YOUR_SECURE_RANDOM_KEY","Host":"wjin.upv.edu.es"}
2025-10-06T21:53:27+00:00 RAW={"mac":"E6:14:89:83:B3:B9","major":2884,"minor":500,"nombre":"GTI-3A","rssi":-57,"timestamp":1759787607934,"txPower":203,"uuid":"45:50:53:47:2d:47:54:49:2d:50:52:4f:59:2d:33:41:"}
2025-10-06T21:53:33+00:00 METHOD=POST
2025-10-06T21:53:33+00:00 HEADERS={"User-Agent":"okhttp\/4.12.0","Accept-Encoding":"gzip","Content-Length":"179","Content-Type":"application\/json","X-Api-Key":"YOUR_SECURE_RANDOM_KEY","Host":"wjin.upv.edu.es"}
2025-10-06T21:53:33+00:00 RAW={"mac":"E6:14:89:83:B3:B9","major":2885,"minor":500,"nombre":"GTI-3A","rssi":-59,"timestamp":1759787613640,"txPower":203,"uuid":"45:50:53:47:2d:47:54:49:2d:50:52:4f:59:2d:33:41:"}
2025-10-06T21:53:33+00:00 METHOD=POST
2025-10-06T21:53:33+00:00 HEADERS={"User-Agent":"okhttp\/4.12.0","Accept-Encoding":"gzip","Content-Length":"179","Content-Type":"application\/json","X-Api-Key":"YOUR_SECURE_RANDOM_KEY","Host":"wjin.upv.edu.es"}
2025-10-06T21:53:33+00:00 RAW={"mac":"E6:14:89:83:B3:B9","major":2885,"minor":500,"nombre":"GTI-3A","rssi":-60,"timestamp":1759787613682,"txPower":203,"uuid":"45:50:53:47:2d:47:54:49:2d:50:52:4f:59:2d:33:41:"}
2025-10-06T21:53:33+00:00 METHOD=POST
2025-10-06T21:53:33+00:00 HEADERS={"User-Agent":"okhttp\/4.12.0","Accept-Encoding":"gzip","Content-Length":"179","Content-Type":"application\/json","X-Api-Key":"YOUR_SECURE_RANDOM_KEY","Host":"wjin.upv.edu.es"}
2025-10-06T21:53:33+00:00 RAW={"mac":"E6:14:89:83:B3:B9","major":2885,"minor":500,"nombre":"GTI-3A","rssi":-55,"timestamp":1759787613751,"txPower":203,"uuid":"45:50:53:47:2d:47:54:49:2d:50:52:4f:59:2d:33:41:"}
2025-10-06T21:53:33+00:00 METHOD=POST
2025-10-06T21:53:33+00:00 HEADERS={"User-Agent":"okhttp\/4.12.0","Accept-Encoding":"gzip","Content-Length":"179","Content-Type":"application\/json","X-Api-Key":"YOUR_SECURE_RANDOM_KEY","Host":"wjin.upv.edu.es"}
2025-10-06T21:53:33+00:00 RAW={"mac":"E6:14:89:83:B3:B9","major":2885,"minor":500,"nombre":"GTI-3A","rssi":-62,"timestamp":1759787613821,"txPower":203,"uuid":"45:50:53:47:2d:47:54:49:2d:50:52:4f:59:2d:33:41:"}
2025-10-06T21:53:33+00:00 METHOD=POST
2025-10-06T21:53:33+00:00 HEADERS={"User-Agent":"okhttp\/4.12.0","Accept-Encoding":"gzip","Content-Length":"179","Content-Type":"application\/json","X-Api-Key":"YOUR_SECURE_RANDOM_KEY","Host":"wjin.upv.edu.es"}
2025-10-06T21:53:33+00:00 RAW={"mac":"E6:14:89:83:B3:B9","major":2885,"minor":500,"nombre":"GTI-3A","rssi":-62,"timestamp":1759787613888,"txPower":203,"uuid":"45:50:53:47:2d:47:54:49:2d:50:52:4f:59:2d:33:41:"}
2025-10-06T21:53:33+00:00 METHOD=POST
2025-10-06T21:53:33+00:00 HEADERS={"User-Agent":"okhttp\/4.12.0","Accept-Encoding":"gzip","Content-Length":"179","Content-Type":"application\/json","X-Api-Key":"YOUR_SECURE_RANDOM_KEY","Host":"wjin.upv.edu.es"}
2025-10-06T21:53:33+00:00 RAW={"mac":"E6:14:89:83:B3:B9","major":2885,"minor":500,"nombre":"GTI-3A","rssi":-60,"timestamp":1759787613975,"txPower":203,"uuid":"45:50:53:47:2d:47:54:49:2d:50:52:4f:59:2d:33:41:"}
2025-10-06T21:53:33+00:00 METHOD=POST
2025-10-06T21:53:33+00:00 HEADERS={"User-Agent":"okhttp\/4.12.0","Accept-Encoding":"gzip","Content-Length":"179","Content-Type":"application\/json","X-Api-Key":"YOUR_SECURE_RANDOM_KEY","Host":"wjin.upv.edu.es"}
2025-10-06T21:53:33+00:00 RAW={"mac":"E6:14:89:83:B3:B9","major":2885,"minor":500,"nombre":"GTI-3A","rssi":-55,"timestamp":1759787614015,"txPower":203,"uuid":"45:50:53:47:2d:47:54:49:2d:50:52:4f:59:2d:33:41:"}
2025-10-06T21:53:33+00:00 METHOD=POST
2025-10-06T21:53:33+00:00 HEADERS={"User-Agent":"okhttp\/4.12.0","Accept-Encoding":"gzip","Content-Length":"179","Content-Type":"application\/json","X-Api-Key":"YOUR_SECURE_RANDOM_KEY","Host":"wjin.upv.edu.es"}
2025-10-06T21:53:33+00:00 RAW={"mac":"E6:14:89:83:B3:B9","major":2885,"minor":500,"nombre":"GTI-3A","rssi":-56,"timestamp":1759787614087,"txPower":203,"uuid":"45:50:53:47:2d:47:54:49:2d:50:52:4f:59:2d:33:41:"}
2025-10-06T21:53:33+00:00 METHOD=POST
2025-10-06T21:53:33+00:00 HEADERS={"User-Agent":"okhttp\/4.12.0","Accept-Encoding":"gzip","Content-Length":"179","Content-Type":"application\/json","X-Api-Key":"YOUR_SECURE_RANDOM_KEY","Host":"wjin.upv.edu.es"}
2025-10-06T21:53:33+00:00 RAW={"mac":"E6:14:89:83:B3:B9","major":2885,"minor":500,"nombre":"GTI-3A","rssi":-62,"timestamp":1759787614148,"txPower":203,"uuid":"45:50:53:47:2d:47:54:49:2d:50:52:4f:59:2d:33:41:"}
2025-10-06T21:53:33+00:00 METHOD=POST
2025-10-06T21:53:33+00:00 HEADERS={"User-Agent":"okhttp\/4.12.0","Accept-Encoding":"gzip","Content-Length":"179","Content-Type":"application\/json","X-Api-Key":"YOUR_SECURE_RANDOM_KEY","Host":"wjin.upv.edu.es"}
2025-10-06T21:53:33+00:00 RAW={"mac":"E6:14:89:83:B3:B9","major":2885,"minor":500,"nombre":"GTI-3A","rssi":-60,"timestamp":1759787614219,"txPower":203,"uuid":"45:50:53:47:2d:47:54:49:2d:50:52:4f:59:2d:33:41:"}
2025-10-06T21:53:33+00:00 METHOD=POST
2025-10-06T21:53:33+00:00 HEADERS={"User-Agent":"okhttp\/4.12.0","Accept-Encoding":"gzip","Content-Length":"179","Content-Type":"application\/json","X-Api-Key":"YOUR_SECURE_RANDOM_KEY","Host":"wjin.upv.edu.es"}
2025-10-06T21:53:33+00:00 RAW={"mac":"E6:14:89:83:B3:B9","major":2885,"minor":500,"nombre":"GTI-3A","rssi":-60,"timestamp":1759787614287,"txPower":203,"uuid":"45:50:53:47:2d:47:54:49:2d:50:52:4f:59:2d:33:41:"}
2025-10-06T21:53:34+00:00 METHOD=POST
2025-10-06T21:53:34+00:00 HEADERS={"User-Agent":"okhttp\/4.12.0","Accept-Encoding":"gzip","Content-Length":"179","Content-Type":"application\/json","X-Api-Key":"YOUR_SECURE_RANDOM_KEY","Host":"wjin.upv.edu.es"}
2025-10-06T21:53:34+00:00 RAW={"mac":"E6:14:89:83:B3:B9","major":2885,"minor":500,"nombre":"GTI-3A","rssi":-56,"timestamp":1759787614343,"txPower":203,"uuid":"45:50:53:47:2d:47:54:49:2d:50:52:4f:59:2d:33:41:"}
2025-10-06T21:53:34+00:00 METHOD=POST
2025-10-06T21:53:34+00:00 HEADERS={"User-Agent":"okhttp\/4.12.0","Accept-Encoding":"gzip","Content-Length":"179","Content-Type":"application\/json","X-Api-Key":"YOUR_SECURE_RANDOM_KEY","Host":"wjin.upv.edu.es"}
2025-10-06T21:53:34+00:00 RAW={"mac":"E6:14:89:83:B3:B9","major":2885,"minor":500,"nombre":"GTI-3A","rssi":-62,"timestamp":1759787614417,"txPower":203,"uuid":"45:50:53:47:2d:47:54:49:2d:50:52:4f:59:2d:33:41:"}
2025-10-06T21:53:34+00:00 METHOD=POST
2025-10-06T21:53:34+00:00 HEADERS={"User-Agent":"okhttp\/4.12.0","Accept-Encoding":"gzip","Content-Length":"179","Content-Type":"application\/json","X-Api-Key":"YOUR_SECURE_RANDOM_KEY","Host":"wjin.upv.edu.es"}
2025-10-06T21:53:34+00:00 RAW={"mac":"E6:14:89:83:B3:B9","major":2885,"minor":500,"nombre":"GTI-3A","rssi":-63,"timestamp":1759787614492,"txPower":203,"uuid":"45:50:53:47:2d:47:54:49:2d:50:52:4f:59:2d:33:41:"}
2025-10-06T21:53:34+00:00 METHOD=POST
2025-10-06T21:53:34+00:00 HEADERS={"User-Agent":"okhttp\/4.12.0","Accept-Encoding":"gzip","Content-Length":"179","Content-Type":"application\/json","X-Api-Key":"YOUR_SECURE_RANDOM_KEY","Host":"wjin.upv.edu.es"}
2025-10-06T21:53:34+00:00 RAW={"mac":"E6:14:89:83:B3:B9","major":2885,"minor":500,"nombre":"GTI-3A","rssi":-60,"timestamp":1759787614569,"txPower":203,"uuid":"45:50:53:47:2d:47:54:49:2d:50:52:4f:59:2d:33:41:"}
2025-10-06T21:53:39+00:00 METHOD=POST
2025-10-06T21:53:39+00:00 HEADERS={"User-Agent":"okhttp\/4.12.0","Accept-Encoding":"gzip","Content-Length":"179","Content-Type":"application\/json","X-Api-Key":"YOUR_SECURE_RANDOM_KEY","Host":"wjin.upv.edu.es"}
2025-10-06T21:53:39+00:00 RAW={"mac":"E6:14:89:83:B3:B9","major":2886,"minor":500,"nombre":"GTI-3A","rssi":-56,"timestamp":1759787620129,"txPower":203,"uuid":"45:50:53:47:2d:47:54:49:2d:50:52:4f:59:2d:33:41:"}
2025-10-06T21:53:39+00:00 METHOD=POST
2025-10-06T21:53:39+00:00 HEADERS={"User-Agent":"okhttp\/4.12.0","Accept-Encoding":"gzip","Content-Length":"179","Content-Type":"application\/json","X-Api-Key":"YOUR_SECURE_RANDOM_KEY","Host":"wjin.upv.edu.es"}
2025-10-06T21:53:39+00:00 RAW={"mac":"E6:14:89:83:B3:B9","major":2886,"minor":500,"nombre":"GTI-3A","rssi":-58,"timestamp":1759787620178,"txPower":203,"uuid":"45:50:53:47:2d:47:54:49:2d:50:52:4f:59:2d:33:41:"}
2025-10-06T21:53:39+00:00 METHOD=POST
2025-10-06T21:53:39+00:00 HEADERS={"User-Agent":"okhttp\/4.12.0","Accept-Encoding":"gzip","Content-Length":"179","Content-Type":"application\/json","X-Api-Key":"YOUR_SECURE_RANDOM_KEY","Host":"wjin.upv.edu.es"}
2025-10-06T21:53:39+00:00 RAW={"mac":"E6:14:89:83:B3:B9","major":2886,"minor":500,"nombre":"GTI-3A","rssi":-60,"timestamp":1759787620241,"txPower":203,"uuid":"45:50:53:47:2d:47:54:49:2d:50:52:4f:59:2d:33:41:"}
2025-10-06T21:53:39+00:00 METHOD=POST
2025-10-06T21:53:39+00:00 HEADERS={"User-Agent":"okhttp\/4.12.0","Accept-Encoding":"gzip","Content-Length":"179","Content-Type":"application\/json","X-Api-Key":"YOUR_SECURE_RANDOM_KEY","Host":"wjin.upv.edu.es"}
2025-10-06T21:53:39+00:00 RAW={"mac":"E6:14:89:83:B3:B9","major":2886,"minor":500,"nombre":"GTI-3A","rssi":-61,"timestamp":1759787620308,"txPower":203,"uuid":"45:50:53:47:2d:47:54:49:2d:50:52:4f:59:2d:33:41:"}
2025-10-06T21:53:40+00:00 METHOD=POST
2025-10-06T21:53:40+00:00 HEADERS={"User-Agent":"okhttp\/4.12.0","Accept-Encoding":"gzip","Content-Length":"179","Content-Type":"application\/json","X-Api-Key":"YOUR_SECURE_RANDOM_KEY","Host":"wjin.upv.edu.es"}
2025-10-06T21:53:40+00:00 RAW={"mac":"E6:14:89:83:B3:B9","major":2886,"minor":500,"nombre":"GTI-3A","rssi":-63,"timestamp":1759787620382,"txPower":203,"uuid":"45:50:53:47:2d:47:54:49:2d:50:52:4f:59:2d:33:41:"}
2025-10-06T21:53:40+00:00 METHOD=POST
2025-10-06T21:53:40+00:00 HEADERS={"User-Agent":"okhttp\/4.12.0","Accept-Encoding":"gzip","Content-Length":"179","Content-Type":"application\/json","X-Api-Key":"YOUR_SECURE_RANDOM_KEY","Host":"wjin.upv.edu.es"}
2025-10-06T21:53:40+00:00 RAW={"mac":"E6:14:89:83:B3:B9","major":2886,"minor":500,"nombre":"GTI-3A","rssi":-54,"timestamp":1759787620446,"txPower":203,"uuid":"45:50:53:47:2d:47:54:49:2d:50:52:4f:59:2d:33:41:"}
2025-10-06T21:53:40+00:00 METHOD=POST
2025-10-06T21:53:40+00:00 HEADERS={"User-Agent":"okhttp\/4.12.0","Accept-Encoding":"gzip","Content-Length":"179","Content-Type":"application\/json","X-Api-Key":"YOUR_SECURE_RANDOM_KEY","Host":"wjin.upv.edu.es"}
2025-10-06T21:53:40+00:00 RAW={"mac":"E6:14:89:83:B3:B9","major":2886,"minor":500,"nombre":"GTI-3A","rssi":-59,"timestamp":1759787620512,"txPower":203,"uuid":"45:50:53:47:2d:47:54:49:2d:50:52:4f:59:2d:33:41:"}
2025-10-06T21:53:40+00:00 METHOD=POST
2025-10-06T21:53:40+00:00 HEADERS={"User-Agent":"okhttp\/4.12.0","Accept-Encoding":"gzip","Content-Length":"179","Content-Type":"application\/json","X-Api-Key":"YOUR_SECURE_RANDOM_KEY","Host":"wjin.upv.edu.es"}
2025-10-06T21:53:40+00:00 RAW={"mac":"E6:14:89:83:B3:B9","major":2886,"minor":500,"nombre":"GTI-3A","rssi":-59,"timestamp":1759787620582,"txPower":203,"uuid":"45:50:53:47:2d:47:54:49:2d:50:52:4f:59:2d:33:41:"}
2025-10-06T21:53:40+00:00 METHOD=POST
2025-10-06T21:53:40+00:00 HEADERS={"User-Agent":"okhttp\/4.12.0","Accept-Encoding":"gzip","Content-Length":"179","Content-Type":"application\/json","X-Api-Key":"YOUR_SECURE_RANDOM_KEY","Host":"wjin.upv.edu.es"}
2025-10-06T21:53:40+00:00 RAW={"mac":"E6:14:89:83:B3:B9","major":2886,"minor":500,"nombre":"GTI-3A","rssi":-61,"timestamp":1759787620673,"txPower":203,"uuid":"45:50:53:47:2d:47:54:49:2d:50:52:4f:59:2d:33:41:"}
2025-10-06T21:53:40+00:00 METHOD=POST
2025-10-06T21:53:40+00:00 HEADERS={"User-Agent":"okhttp\/4.12.0","Accept-Encoding":"gzip","Content-Length":"179","Content-Type":"application\/json","X-Api-Key":"YOUR_SECURE_RANDOM_KEY","Host":"wjin.upv.edu.es"}
2025-10-06T21:53:40+00:00 RAW={"mac":"E6:14:89:83:B3:B9","major":2886,"minor":500,"nombre":"GTI-3A","rssi":-55,"timestamp":1759787620705,"txPower":203,"uuid":"45:50:53:47:2d:47:54:49:2d:50:52:4f:59:2d:33:41:"}
2025-10-06T21:53:40+00:00 METHOD=POST
2025-10-06T21:53:40+00:00 HEADERS={"User-Agent":"okhttp\/4.12.0","Accept-Encoding":"gzip","Content-Length":"179","Content-Type":"application\/json","X-Api-Key":"YOUR_SECURE_RANDOM_KEY","Host":"wjin.upv.edu.es"}
2025-10-06T21:53:40+00:00 RAW={"mac":"E6:14:89:83:B3:B9","major":2886,"minor":500,"nombre":"GTI-3A","rssi":-55,"timestamp":1759787620774,"txPower":203,"uuid":"45:50:53:47:2d:47:54:49:2d:50:52:4f:59:2d:33:41:"}
2025-10-06T21:53:40+00:00 METHOD=POST
2025-10-06T21:53:40+00:00 HEADERS={"User-Agent":"okhttp\/4.12.0","Accept-Encoding":"gzip","Content-Length":"179","Content-Type":"application\/json","X-Api-Key":"YOUR_SECURE_RANDOM_KEY","Host":"wjin.upv.edu.es"}
2025-10-06T21:53:40+00:00 RAW={"mac":"E6:14:89:83:B3:B9","major":2886,"minor":500,"nombre":"GTI-3A","rssi":-58,"timestamp":1759787620850,"txPower":203,"uuid":"45:50:53:47:2d:47:54:49:2d:50:52:4f:59:2d:33:41:"}
2025-10-06T21:53:40+00:00 METHOD=POST
2025-10-06T21:53:40+00:00 HEADERS={"User-Agent":"okhttp\/4.12.0","Accept-Encoding":"gzip","Content-Length":"179","Content-Type":"application\/json","X-Api-Key":"YOUR_SECURE_RANDOM_KEY","Host":"wjin.upv.edu.es"}
2025-10-06T21:53:40+00:00 RAW={"mac":"E6:14:89:83:B3:B9","major":2886,"minor":500,"nombre":"GTI-3A","rssi":-58,"timestamp":1759787620906,"txPower":203,"uuid":"45:50:53:47:2d:47:54:49:2d:50:52:4f:59:2d:33:41:"}
2025-10-06T21:53:40+00:00 METHOD=POST
2025-10-06T21:53:40+00:00 HEADERS={"User-Agent":"okhttp\/4.12.0","Accept-Encoding":"gzip","Content-Length":"179","Content-Type":"application\/json","X-Api-Key":"YOUR_SECURE_RANDOM_KEY","Host":"wjin.upv.edu.es"}
2025-10-06T21:53:40+00:00 RAW={"mac":"E6:14:89:83:B3:B9","major":2886,"minor":500,"nombre":"GTI-3A","rssi":-60,"timestamp":1759787620977,"txPower":203,"uuid":"45:50:53:47:2d:47:54:49:2d:50:52:4f:59:2d:33:41:"}
2025-10-06T21:53:40+00:00 METHOD=POST
2025-10-06T21:53:40+00:00 HEADERS={"User-Agent":"okhttp\/4.12.0","Accept-Encoding":"gzip","Content-Length":"179","Content-Type":"application\/json","X-Api-Key":"YOUR_SECURE_RANDOM_KEY","Host":"wjin.upv.edu.es"}
2025-10-06T21:53:40+00:00 RAW={"mac":"E6:14:89:83:B3:B9","major":2886,"minor":500,"nombre":"GTI-3A","rssi":-54,"timestamp":1759787621044,"txPower":203,"uuid":"45:50:53:47:2d:47:54:49:2d:50:52:4f:59:2d:33:41:"}
2025-10-06T21:53:46+00:00 METHOD=POST
2025-10-06T21:53:46+00:00 HEADERS={"User-Agent":"okhttp\/4.12.0","Accept-Encoding":"gzip","Content-Length":"179","Content-Type":"application\/json","X-Api-Key":"YOUR_SECURE_RANDOM_KEY","Host":"wjin.upv.edu.es"}
2025-10-06T21:53:46+00:00 RAW={"mac":"E6:14:89:83:B3:B9","major":2887,"minor":500,"nombre":"GTI-3A","rssi":-54,"timestamp":1759787626619,"txPower":203,"uuid":"45:50:53:47:2d:47:54:49:2d:50:52:4f:59:2d:33:41:"}
2025-10-06T21:53:46+00:00 METHOD=POST
2025-10-06T21:53:46+00:00 HEADERS={"User-Agent":"okhttp\/4.12.0","Accept-Encoding":"gzip","Content-Length":"179","Content-Type":"application\/json","X-Api-Key":"YOUR_SECURE_RANDOM_KEY","Host":"wjin.upv.edu.es"}
2025-10-06T21:53:46+00:00 RAW={"mac":"E6:14:89:83:B3:B9","major":2887,"minor":500,"nombre":"GTI-3A","rssi":-52,"timestamp":1759787626668,"txPower":203,"uuid":"45:50:53:47:2d:47:54:49:2d:50:52:4f:59:2d:33:41:"}
2025-10-06T21:53:46+00:00 METHOD=POST
2025-10-06T21:53:46+00:00 HEADERS={"User-Agent":"okhttp\/4.12.0","Accept-Encoding":"gzip","Content-Length":"179","Content-Type":"application\/json","X-Api-Key":"YOUR_SECURE_RANDOM_KEY","Host":"wjin.upv.edu.es"}
2025-10-06T21:53:46+00:00 RAW={"mac":"E6:14:89:83:B3:B9","major":2887,"minor":500,"nombre":"GTI-3A","rssi":-55,"timestamp":1759787626740,"txPower":203,"uuid":"45:50:53:47:2d:47:54:49:2d:50:52:4f:59:2d:33:41:"}
2025-10-06T21:53:46+00:00 METHOD=POST
2025-10-06T21:53:46+00:00 HEADERS={"User-Agent":"okhttp\/4.12.0","Accept-Encoding":"gzip","Content-Length":"179","Content-Type":"application\/json","X-Api-Key":"YOUR_SECURE_RANDOM_KEY","Host":"wjin.upv.edu.es"}
2025-10-06T21:53:46+00:00 RAW={"mac":"E6:14:89:83:B3:B9","major":2887,"minor":500,"nombre":"GTI-3A","rssi":-55,"timestamp":1759787626808,"txPower":203,"uuid":"45:50:53:47:2d:47:54:49:2d:50:52:4f:59:2d:33:41:"}
2025-10-06T21:53:46+00:00 METHOD=POST
2025-10-06T21:53:46+00:00 HEADERS={"User-Agent":"okhttp\/4.12.0","Accept-Encoding":"gzip","Content-Length":"179","Content-Type":"application\/json","X-Api-Key":"YOUR_SECURE_RANDOM_KEY","Host":"wjin.upv.edu.es"}
2025-10-06T21:53:46+00:00 RAW={"mac":"E6:14:89:83:B3:B9","major":2887,"minor":500,"nombre":"GTI-3A","rssi":-53,"timestamp":1759787626886,"txPower":203,"uuid":"45:50:53:47:2d:47:54:49:2d:50:52:4f:59:2d:33:41:"}
2025-10-06T21:53:46+00:00 METHOD=POST
2025-10-06T21:53:46+00:00 HEADERS={"User-Agent":"okhttp\/4.12.0","Accept-Encoding":"gzip","Content-Length":"179","Content-Type":"application\/json","X-Api-Key":"YOUR_SECURE_RANDOM_KEY","Host":"wjin.upv.edu.es"}
2025-10-06T21:53:46+00:00 RAW={"mac":"E6:14:89:83:B3:B9","major":2887,"minor":500,"nombre":"GTI-3A","rssi":-52,"timestamp":1759787626937,"txPower":203,"uuid":"45:50:53:47:2d:47:54:49:2d:50:52:4f:59:2d:33:41:"}
2025-10-06T21:53:46+00:00 METHOD=POST
2025-10-06T21:53:46+00:00 HEADERS={"User-Agent":"okhttp\/4.12.0","Accept-Encoding":"gzip","Content-Length":"179","Content-Type":"application\/json","X-Api-Key":"YOUR_SECURE_RANDOM_KEY","Host":"wjin.upv.edu.es"}
2025-10-06T21:53:46+00:00 RAW={"mac":"E6:14:89:83:B3:B9","major":2887,"minor":500,"nombre":"GTI-3A","rssi":-52,"timestamp":1759787627003,"txPower":203,"uuid":"45:50:53:47:2d:47:54:49:2d:50:52:4f:59:2d:33:41:"}
2025-10-06T21:53:46+00:00 METHOD=POST
2025-10-06T21:53:46+00:00 HEADERS={"User-Agent":"okhttp\/4.12.0","Accept-Encoding":"gzip","Content-Length":"179","Content-Type":"application\/json","X-Api-Key":"YOUR_SECURE_RANDOM_KEY","Host":"wjin.upv.edu.es"}
2025-10-06T21:53:46+00:00 RAW={"mac":"E6:14:89:83:B3:B9","major":2887,"minor":500,"nombre":"GTI-3A","rssi":-55,"timestamp":1759787627063,"txPower":203,"uuid":"45:50:53:47:2d:47:54:49:2d:50:52:4f:59:2d:33:41:"}
2025-10-06T21:53:46+00:00 METHOD=POST
2025-10-06T21:53:46+00:00 HEADERS={"User-Agent":"okhttp\/4.12.0","Accept-Encoding":"gzip","Content-Length":"179","Content-Type":"application\/json","X-Api-Key":"YOUR_SECURE_RANDOM_KEY","Host":"wjin.upv.edu.es"}
2025-10-06T21:53:46+00:00 RAW={"mac":"E6:14:89:83:B3:B9","major":2887,"minor":500,"nombre":"GTI-3A","rssi":-54,"timestamp":1759787627126,"txPower":203,"uuid":"45:50:53:47:2d:47:54:49:2d:50:52:4f:59:2d:33:41:"}
2025-10-06T21:53:47+00:00 METHOD=POST
2025-10-06T21:53:47+00:00 HEADERS={"User-Agent":"okhttp\/4.12.0","Accept-Encoding":"gzip","Content-Length":"179","Content-Type":"application\/json","X-Api-Key":"YOUR_SECURE_RANDOM_KEY","Host":"wjin.upv.edu.es"}
2025-10-06T21:53:47+00:00 RAW={"mac":"E6:14:89:83:B3:B9","major":2887,"minor":500,"nombre":"GTI-3A","rssi":-55,"timestamp":1759787627341,"txPower":203,"uuid":"45:50:53:47:2d:47:54:49:2d:50:52:4f:59:2d:33:41:"}
2025-10-06T21:53:47+00:00 METHOD=POST
2025-10-06T21:53:47+00:00 HEADERS={"User-Agent":"okhttp\/4.12.0","Accept-Encoding":"gzip","Content-Length":"179","Content-Type":"application\/json","X-Api-Key":"YOUR_SECURE_RANDOM_KEY","Host":"wjin.upv.edu.es"}
2025-10-06T21:53:47+00:00 RAW={"mac":"E6:14:89:83:B3:B9","major":2887,"minor":500,"nombre":"GTI-3A","rssi":-55,"timestamp":1759787627408,"txPower":203,"uuid":"45:50:53:47:2d:47:54:49:2d:50:52:4f:59:2d:33:41:"}
2025-10-06T21:53:47+00:00 METHOD=POST
2025-10-06T21:53:47+00:00 HEADERS={"User-Agent":"okhttp\/4.12.0","Accept-Encoding":"gzip","Content-Length":"179","Content-Type":"application\/json","X-Api-Key":"YOUR_SECURE_RANDOM_KEY","Host":"wjin.upv.edu.es"}
2025-10-06T21:53:47+00:00 RAW={"mac":"E6:14:89:83:B3:B9","major":2887,"minor":500,"nombre":"GTI-3A","rssi":-53,"timestamp":1759787627473,"txPower":203,"uuid":"45:50:53:47:2d:47:54:49:2d:50:52:4f:59:2d:33:41:"}
2025-10-06T21:53:47+00:00 METHOD=POST
2025-10-06T21:53:47+00:00 HEADERS={"User-Agent":"okhttp\/4.12.0","Accept-Encoding":"gzip","Content-Length":"179","Content-Type":"application\/json","X-Api-Key":"YOUR_SECURE_RANDOM_KEY","Host":"wjin.upv.edu.es"}
2025-10-06T21:53:47+00:00 RAW={"mac":"E6:14:89:83:B3:B9","major":2887,"minor":500,"nombre":"GTI-3A","rssi":-53,"timestamp":1759787627554,"txPower":203,"uuid":"45:50:53:47:2d:47:54:49:2d:50:52:4f:59:2d:33:41:"}
2025-10-06T21:53:52+00:00 METHOD=POST
2025-10-06T21:53:52+00:00 HEADERS={"User-Agent":"okhttp\/4.12.0","Accept-Encoding":"gzip","Content-Length":"179","Content-Type":"application\/json","X-Api-Key":"YOUR_SECURE_RANDOM_KEY","Host":"wjin.upv.edu.es"}
2025-10-06T21:53:52+00:00 RAW={"mac":"E6:14:89:83:B3:B9","major":2888,"minor":500,"nombre":"GTI-3A","rssi":-57,"timestamp":1759787633124,"txPower":203,"uuid":"45:50:53:47:2d:47:54:49:2d:50:52:4f:59:2d:33:41:"}
2025-10-06T21:53:52+00:00 METHOD=POST
2025-10-06T21:53:52+00:00 HEADERS={"User-Agent":"okhttp\/4.12.0","Accept-Encoding":"gzip","Content-Length":"179","Content-Type":"application\/json","X-Api-Key":"YOUR_SECURE_RANDOM_KEY","Host":"wjin.upv.edu.es"}
2025-10-06T21:53:52+00:00 RAW={"mac":"E6:14:89:83:B3:B9","major":2888,"minor":500,"nombre":"GTI-3A","rssi":-58,"timestamp":1759787633172,"txPower":203,"uuid":"45:50:53:47:2d:47:54:49:2d:50:52:4f:59:2d:33:41:"}
2025-10-06T21:53:52+00:00 METHOD=POST
2025-10-06T21:53:52+00:00 HEADERS={"User-Agent":"okhttp\/4.12.0","Accept-Encoding":"gzip","Content-Length":"179","Content-Type":"application\/json","X-Api-Key":"YOUR_SECURE_RANDOM_KEY","Host":"wjin.upv.edu.es"}
2025-10-06T21:53:52+00:00 RAW={"mac":"E6:14:89:83:B3:B9","major":2888,"minor":500,"nombre":"GTI-3A","rssi":-57,"timestamp":1759787633248,"txPower":203,"uuid":"45:50:53:47:2d:47:54:49:2d:50:52:4f:59:2d:33:41:"}
2025-10-06T21:53:53+00:00 METHOD=POST
2025-10-06T21:53:53+00:00 HEADERS={"User-Agent":"okhttp\/4.12.0","Accept-Encoding":"gzip","Content-Length":"179","Content-Type":"application\/json","X-Api-Key":"YOUR_SECURE_RANDOM_KEY","Host":"wjin.upv.edu.es"}
2025-10-06T21:53:53+00:00 RAW={"mac":"E6:14:89:83:B3:B9","major":2888,"minor":500,"nombre":"GTI-3A","rssi":-57,"timestamp":1759787633320,"txPower":203,"uuid":"45:50:53:47:2d:47:54:49:2d:50:52:4f:59:2d:33:41:"}
2025-10-06T21:53:53+00:00 METHOD=POST
2025-10-06T21:53:53+00:00 HEADERS={"User-Agent":"okhttp\/4.12.0","Accept-Encoding":"gzip","Content-Length":"179","Content-Type":"application\/json","X-Api-Key":"YOUR_SECURE_RANDOM_KEY","Host":"wjin.upv.edu.es"}
2025-10-06T21:53:53+00:00 RAW={"mac":"E6:14:89:83:B3:B9","major":2888,"minor":500,"nombre":"GTI-3A","rssi":-57,"timestamp":1759787633391,"txPower":203,"uuid":"45:50:53:47:2d:47:54:49:2d:50:52:4f:59:2d:33:41:"}
2025-10-06T21:53:53+00:00 METHOD=POST
2025-10-06T21:53:53+00:00 HEADERS={"User-Agent":"okhttp\/4.12.0","Accept-Encoding":"gzip","Content-Length":"179","Content-Type":"application\/json","X-Api-Key":"YOUR_SECURE_RANDOM_KEY","Host":"wjin.upv.edu.es"}
2025-10-06T21:53:53+00:00 RAW={"mac":"E6:14:89:83:B3:B9","major":2888,"minor":500,"nombre":"GTI-3A","rssi":-59,"timestamp":1759787633444,"txPower":203,"uuid":"45:50:53:47:2d:47:54:49:2d:50:52:4f:59:2d:33:41:"}
2025-10-06T21:53:53+00:00 METHOD=POST
2025-10-06T21:53:53+00:00 HEADERS={"User-Agent":"okhttp\/4.12.0","Accept-Encoding":"gzip","Content-Length":"179","Content-Type":"application\/json","X-Api-Key":"YOUR_SECURE_RANDOM_KEY","Host":"wjin.upv.edu.es"}
2025-10-06T21:53:53+00:00 RAW={"mac":"E6:14:89:83:B3:B9","major":2888,"minor":500,"nombre":"GTI-3A","rssi":-58,"timestamp":1759787633514,"txPower":203,"uuid":"45:50:53:47:2d:47:54:49:2d:50:52:4f:59:2d:33:41:"}
2025-10-06T21:53:53+00:00 METHOD=POST
2025-10-06T21:53:53+00:00 HEADERS={"User-Agent":"okhttp\/4.12.0","Accept-Encoding":"gzip","Content-Length":"179","Content-Type":"application\/json","X-Api-Key":"YOUR_SECURE_RANDOM_KEY","Host":"wjin.upv.edu.es"}
2025-10-06T21:53:53+00:00 RAW={"mac":"E6:14:89:83:B3:B9","major":2888,"minor":500,"nombre":"GTI-3A","rssi":-57,"timestamp":1759787633589,"txPower":203,"uuid":"45:50:53:47:2d:47:54:49:2d:50:52:4f:59:2d:33:41:"}
2025-10-06T21:53:53+00:00 METHOD=POST
2025-10-06T21:53:53+00:00 HEADERS={"User-Agent":"okhttp\/4.12.0","Accept-Encoding":"gzip","Content-Length":"179","Content-Type":"application\/json","X-Api-Key":"YOUR_SECURE_RANDOM_KEY","Host":"wjin.upv.edu.es"}
2025-10-06T21:53:53+00:00 RAW={"mac":"E6:14:89:83:B3:B9","major":2888,"minor":500,"nombre":"GTI-3A","rssi":-72,"timestamp":1759787633646,"txPower":203,"uuid":"45:50:53:47:2d:47:54:49:2d:50:52:4f:59:2d:33:41:"}
2025-10-06T21:53:53+00:00 METHOD=POST
2025-10-06T21:53:53+00:00 HEADERS={"User-Agent":"okhttp\/4.12.0","Accept-Encoding":"gzip","Content-Length":"179","Content-Type":"application\/json","X-Api-Key":"YOUR_SECURE_RANDOM_KEY","Host":"wjin.upv.edu.es"}
2025-10-06T21:53:53+00:00 RAW={"mac":"E6:14:89:83:B3:B9","major":2888,"minor":500,"nombre":"GTI-3A","rssi":-58,"timestamp":1759787633796,"txPower":203,"uuid":"45:50:53:47:2d:47:54:49:2d:50:52:4f:59:2d:33:41:"}
2025-10-06T21:53:53+00:00 METHOD=POST
2025-10-06T21:53:53+00:00 HEADERS={"User-Agent":"okhttp\/4.12.0","Accept-Encoding":"gzip","Content-Length":"179","Content-Type":"application\/json","X-Api-Key":"YOUR_SECURE_RANDOM_KEY","Host":"wjin.upv.edu.es"}
2025-10-06T21:53:53+00:00 RAW={"mac":"E6:14:89:83:B3:B9","major":2888,"minor":500,"nombre":"GTI-3A","rssi":-57,"timestamp":1759787633854,"txPower":203,"uuid":"45:50:53:47:2d:47:54:49:2d:50:52:4f:59:2d:33:41:"}
2025-10-06T21:53:53+00:00 METHOD=POST
2025-10-06T21:53:53+00:00 HEADERS={"User-Agent":"okhttp\/4.12.0","Accept-Encoding":"gzip","Content-Length":"179","Content-Type":"application\/json","X-Api-Key":"YOUR_SECURE_RANDOM_KEY","Host":"wjin.upv.edu.es"}
2025-10-06T21:53:53+00:00 RAW={"mac":"E6:14:89:83:B3:B9","major":2888,"minor":500,"nombre":"GTI-3A","rssi":-57,"timestamp":1759787633989,"txPower":203,"uuid":"45:50:53:47:2d:47:54:49:2d:50:52:4f:59:2d:33:41:"}
2025-10-06T21:53:53+00:00 METHOD=POST
2025-10-06T21:53:53+00:00 HEADERS={"User-Agent":"okhttp\/4.12.0","Accept-Encoding":"gzip","Content-Length":"179","Content-Type":"application\/json","X-Api-Key":"YOUR_SECURE_RANDOM_KEY","Host":"wjin.upv.edu.es"}
2025-10-06T21:53:53+00:00 RAW={"mac":"E6:14:89:83:B3:B9","major":2888,"minor":500,"nombre":"GTI-3A","rssi":-59,"timestamp":1759787634060,"txPower":203,"uuid":"45:50:53:47:2d:47:54:49:2d:50:52:4f:59:2d:33:41:"}
2025-10-06T21:53:59+00:00 METHOD=POST
2025-10-06T21:53:59+00:00 HEADERS={"User-Agent":"okhttp\/4.12.0","Accept-Encoding":"gzip","Content-Length":"179","Content-Type":"application\/json","X-Api-Key":"YOUR_SECURE_RANDOM_KEY","Host":"wjin.upv.edu.es"}
2025-10-06T21:53:59+00:00 RAW={"mac":"E6:14:89:83:B3:B9","major":2889,"minor":500,"nombre":"GTI-3A","rssi":-55,"timestamp":1759787639625,"txPower":203,"uuid":"45:50:53:47:2d:47:54:49:2d:50:52:4f:59:2d:33:41:"}
2025-10-06T21:53:59+00:00 METHOD=POST
2025-10-06T21:53:59+00:00 HEADERS={"User-Agent":"okhttp\/4.12.0","Accept-Encoding":"gzip","Content-Length":"179","Content-Type":"application\/json","X-Api-Key":"YOUR_SECURE_RANDOM_KEY","Host":"wjin.upv.edu.es"}
2025-10-06T21:53:59+00:00 RAW={"mac":"E6:14:89:83:B3:B9","major":2889,"minor":500,"nombre":"GTI-3A","rssi":-54,"timestamp":1759787639666,"txPower":203,"uuid":"45:50:53:47:2d:47:54:49:2d:50:52:4f:59:2d:33:41:"}
2025-10-06T21:53:59+00:00 METHOD=POST
2025-10-06T21:53:59+00:00 HEADERS={"User-Agent":"okhttp\/4.12.0","Accept-Encoding":"gzip","Content-Length":"179","Content-Type":"application\/json","X-Api-Key":"YOUR_SECURE_RANDOM_KEY","Host":"wjin.upv.edu.es"}
2025-10-06T21:53:59+00:00 RAW={"mac":"E6:14:89:83:B3:B9","major":2889,"minor":500,"nombre":"GTI-3A","rssi":-56,"timestamp":1759787639731,"txPower":203,"uuid":"45:50:53:47:2d:47:54:49:2d:50:52:4f:59:2d:33:41:"}
2025-10-06T21:53:59+00:00 METHOD=POST
2025-10-06T21:53:59+00:00 HEADERS={"User-Agent":"okhttp\/4.12.0","Accept-Encoding":"gzip","Content-Length":"179","Content-Type":"application\/json","X-Api-Key":"YOUR_SECURE_RANDOM_KEY","Host":"wjin.upv.edu.es"}
2025-10-06T21:53:59+00:00 RAW={"mac":"E6:14:89:83:B3:B9","major":2889,"minor":500,"nombre":"GTI-3A","rssi":-56,"timestamp":1759787639798,"txPower":203,"uuid":"45:50:53:47:2d:47:54:49:2d:50:52:4f:59:2d:33:41:"}
2025-10-06T21:53:59+00:00 METHOD=POST
2025-10-06T21:53:59+00:00 HEADERS={"User-Agent":"okhttp\/4.12.0","Accept-Encoding":"gzip","Content-Length":"179","Content-Type":"application\/json","X-Api-Key":"YOUR_SECURE_RANDOM_KEY","Host":"wjin.upv.edu.es"}
2025-10-06T21:53:59+00:00 RAW={"mac":"E6:14:89:83:B3:B9","major":2889,"minor":500,"nombre":"GTI-3A","rssi":-55,"timestamp":1759787639869,"txPower":203,"uuid":"45:50:53:47:2d:47:54:49:2d:50:52:4f:59:2d:33:41:"}
2025-10-06T21:53:59+00:00 METHOD=POST
2025-10-06T21:53:59+00:00 HEADERS={"User-Agent":"okhttp\/4.12.0","Accept-Encoding":"gzip","Content-Length":"179","Content-Type":"application\/json","X-Api-Key":"YOUR_SECURE_RANDOM_KEY","Host":"wjin.upv.edu.es"}
2025-10-06T21:53:59+00:00 RAW={"mac":"E6:14:89:83:B3:B9","major":2889,"minor":500,"nombre":"GTI-3A","rssi":-55,"timestamp":1759787639926,"txPower":203,"uuid":"45:50:53:47:2d:47:54:49:2d:50:52:4f:59:2d:33:41:"}
2025-10-06T21:53:59+00:00 METHOD=POST
2025-10-06T21:53:59+00:00 HEADERS={"User-Agent":"okhttp\/4.12.0","Accept-Encoding":"gzip","Content-Length":"179","Content-Type":"application\/json","X-Api-Key":"YOUR_SECURE_RANDOM_KEY","Host":"wjin.upv.edu.es"}
2025-10-06T21:53:59+00:00 RAW={"mac":"E6:14:89:83:B3:B9","major":2889,"minor":500,"nombre":"GTI-3A","rssi":-54,"timestamp":1759787640000,"txPower":203,"uuid":"45:50:53:47:2d:47:54:49:2d:50:52:4f:59:2d:33:41:"}
2025-10-06T21:53:59+00:00 METHOD=POST
2025-10-06T21:53:59+00:00 HEADERS={"User-Agent":"okhttp\/4.12.0","Accept-Encoding":"gzip","Content-Length":"179","Content-Type":"application\/json","X-Api-Key":"YOUR_SECURE_RANDOM_KEY","Host":"wjin.upv.edu.es"}
2025-10-06T21:53:59+00:00 RAW={"mac":"E6:14:89:83:B3:B9","major":2889,"minor":500,"nombre":"GTI-3A","rssi":-56,"timestamp":1759787640060,"txPower":203,"uuid":"45:50:53:47:2d:47:54:49:2d:50:52:4f:59:2d:33:41:"}
2025-10-06T21:53:59+00:00 METHOD=POST
2025-10-06T21:53:59+00:00 HEADERS={"User-Agent":"okhttp\/4.12.0","Accept-Encoding":"gzip","Content-Length":"179","Content-Type":"application\/json","X-Api-Key":"YOUR_SECURE_RANDOM_KEY","Host":"wjin.upv.edu.es"}
2025-10-06T21:53:59+00:00 RAW={"mac":"E6:14:89:83:B3:B9","major":2889,"minor":500,"nombre":"GTI-3A","rssi":-55,"timestamp":1759787640121,"txPower":203,"uuid":"45:50:53:47:2d:47:54:49:2d:50:52:4f:59:2d:33:41:"}
2025-10-06T21:53:59+00:00 METHOD=POST
2025-10-06T21:53:59+00:00 HEADERS={"User-Agent":"okhttp\/4.12.0","Accept-Encoding":"gzip","Content-Length":"179","Content-Type":"application\/json","X-Api-Key":"YOUR_SECURE_RANDOM_KEY","Host":"wjin.upv.edu.es"}
2025-10-06T21:53:59+00:00 RAW={"mac":"E6:14:89:83:B3:B9","major":2889,"minor":500,"nombre":"GTI-3A","rssi":-55,"timestamp":1759787640196,"txPower":203,"uuid":"45:50:53:47:2d:47:54:49:2d:50:52:4f:59:2d:33:41:"}
2025-10-06T21:53:59+00:00 METHOD=POST
2025-10-06T21:53:59+00:00 HEADERS={"User-Agent":"okhttp\/4.12.0","Accept-Encoding":"gzip","Content-Length":"179","Content-Type":"application\/json","X-Api-Key":"YOUR_SECURE_RANDOM_KEY","Host":"wjin.upv.edu.es"}
2025-10-06T21:53:59+00:00 RAW={"mac":"E6:14:89:83:B3:B9","major":2889,"minor":500,"nombre":"GTI-3A","rssi":-54,"timestamp":1759787640261,"txPower":203,"uuid":"45:50:53:47:2d:47:54:49:2d:50:52:4f:59:2d:33:41:"}
2025-10-06T21:54:00+00:00 METHOD=POST
2025-10-06T21:54:00+00:00 HEADERS={"User-Agent":"okhttp\/4.12.0","Accept-Encoding":"gzip","Content-Length":"179","Content-Type":"application\/json","X-Api-Key":"YOUR_SECURE_RANDOM_KEY","Host":"wjin.upv.edu.es"}
2025-10-06T21:54:00+00:00 RAW={"mac":"E6:14:89:83:B3:B9","major":2889,"minor":500,"nombre":"GTI-3A","rssi":-55,"timestamp":1759787640331,"txPower":203,"uuid":"45:50:53:47:2d:47:54:49:2d:50:52:4f:59:2d:33:41:"}
2025-10-06T21:54:00+00:00 METHOD=POST
2025-10-06T21:54:00+00:00 HEADERS={"User-Agent":"okhttp\/4.12.0","Accept-Encoding":"gzip","Content-Length":"179","Content-Type":"application\/json","X-Api-Key":"YOUR_SECURE_RANDOM_KEY","Host":"wjin.upv.edu.es"}
2025-10-06T21:54:00+00:00 RAW={"mac":"E6:14:89:83:B3:B9","major":2889,"minor":500,"nombre":"GTI-3A","rssi":-55,"timestamp":1759787640409,"txPower":203,"uuid":"45:50:53:47:2d:47:54:49:2d:50:52:4f:59:2d:33:41:"}
2025-10-06T21:54:00+00:00 METHOD=POST
2025-10-06T21:54:00+00:00 HEADERS={"User-Agent":"okhttp\/4.12.0","Accept-Encoding":"gzip","Content-Length":"179","Content-Type":"application\/json","X-Api-Key":"YOUR_SECURE_RANDOM_KEY","Host":"wjin.upv.edu.es"}
2025-10-06T21:54:00+00:00 RAW={"mac":"E6:14:89:83:B3:B9","major":2889,"minor":500,"nombre":"GTI-3A","rssi":-55,"timestamp":1759787640486,"txPower":203,"uuid":"45:50:53:47:2d:47:54:49:2d:50:52:4f:59:2d:33:41:"}
2025-10-06T21:54:00+00:00 METHOD=POST
2025-10-06T21:54:00+00:00 HEADERS={"User-Agent":"okhttp\/4.12.0","Accept-Encoding":"gzip","Content-Length":"179","Content-Type":"application\/json","X-Api-Key":"YOUR_SECURE_RANDOM_KEY","Host":"wjin.upv.edu.es"}
2025-10-06T21:54:00+00:00 RAW={"mac":"E6:14:89:83:B3:B9","major":2889,"minor":500,"nombre":"GTI-3A","rssi":-54,"timestamp":1759787640555,"txPower":203,"uuid":"45:50:53:47:2d:47:54:49:2d:50:52:4f:59:2d:33:41:"}
2025-10-06T21:54:05+00:00 METHOD=POST
2025-10-06T21:54:05+00:00 HEADERS={"User-Agent":"okhttp\/4.12.0","Accept-Encoding":"gzip","Content-Length":"179","Content-Type":"application\/json","X-Api-Key":"YOUR_SECURE_RANDOM_KEY","Host":"wjin.upv.edu.es"}
2025-10-06T21:54:05+00:00 RAW={"mac":"E6:14:89:83:B3:B9","major":2890,"minor":500,"nombre":"GTI-3A","rssi":-56,"timestamp":1759787646118,"txPower":203,"uuid":"45:50:53:47:2d:47:54:49:2d:50:52:4f:59:2d:33:41:"}
2025-10-06T21:54:05+00:00 METHOD=POST
2025-10-06T21:54:05+00:00 HEADERS={"User-Agent":"okhttp\/4.12.0","Accept-Encoding":"gzip","Content-Length":"179","Content-Type":"application\/json","X-Api-Key":"YOUR_SECURE_RANDOM_KEY","Host":"wjin.upv.edu.es"}
2025-10-06T21:54:05+00:00 RAW={"mac":"E6:14:89:83:B3:B9","major":2890,"minor":500,"nombre":"GTI-3A","rssi":-57,"timestamp":1759787646163,"txPower":203,"uuid":"45:50:53:47:2d:47:54:49:2d:50:52:4f:59:2d:33:41:"}
2025-10-06T21:54:05+00:00 METHOD=POST
2025-10-06T21:54:05+00:00 HEADERS={"User-Agent":"okhttp\/4.12.0","Accept-Encoding":"gzip","Content-Length":"179","Content-Type":"application\/json","X-Api-Key":"YOUR_SECURE_RANDOM_KEY","Host":"wjin.upv.edu.es"}
2025-10-06T21:54:05+00:00 RAW={"mac":"E6:14:89:83:B3:B9","major":2890,"minor":500,"nombre":"GTI-3A","rssi":-54,"timestamp":1759787646233,"txPower":203,"uuid":"45:50:53:47:2d:47:54:49:2d:50:52:4f:59:2d:33:41:"}
2025-10-06T21:54:05+00:00 METHOD=POST
2025-10-06T21:54:05+00:00 HEADERS={"User-Agent":"okhttp\/4.12.0","Accept-Encoding":"gzip","Content-Length":"179","Content-Type":"application\/json","X-Api-Key":"YOUR_SECURE_RANDOM_KEY","Host":"wjin.upv.edu.es"}
2025-10-06T21:54:05+00:00 RAW={"mac":"E6:14:89:83:B3:B9","major":2890,"minor":500,"nombre":"GTI-3A","rssi":-54,"timestamp":1759787646307,"txPower":203,"uuid":"45:50:53:47:2d:47:54:49:2d:50:52:4f:59:2d:33:41:"}
2025-10-06T21:54:06+00:00 METHOD=POST
2025-10-06T21:54:06+00:00 HEADERS={"User-Agent":"okhttp\/4.12.0","Accept-Encoding":"gzip","Content-Length":"179","Content-Type":"application\/json","X-Api-Key":"YOUR_SECURE_RANDOM_KEY","Host":"wjin.upv.edu.es"}
2025-10-06T21:54:06+00:00 RAW={"mac":"E6:14:89:83:B3:B9","major":2890,"minor":500,"nombre":"GTI-3A","rssi":-56,"timestamp":1759787646437,"txPower":203,"uuid":"45:50:53:47:2d:47:54:49:2d:50:52:4f:59:2d:33:41:"}
2025-10-06T21:54:06+00:00 METHOD=POST
2025-10-06T21:54:06+00:00 HEADERS={"User-Agent":"okhttp\/4.12.0","Accept-Encoding":"gzip","Content-Length":"179","Content-Type":"application\/json","X-Api-Key":"YOUR_SECURE_RANDOM_KEY","Host":"wjin.upv.edu.es"}
2025-10-06T21:54:06+00:00 RAW={"mac":"E6:14:89:83:B3:B9","major":2890,"minor":500,"nombre":"GTI-3A","rssi":-56,"timestamp":1759787646640,"txPower":203,"uuid":"45:50:53:47:2d:47:54:49:2d:50:52:4f:59:2d:33:41:"}
2025-10-06T21:54:06+00:00 METHOD=POST
2025-10-06T21:54:06+00:00 HEADERS={"User-Agent":"okhttp\/4.12.0","Accept-Encoding":"gzip","Content-Length":"179","Content-Type":"application\/json","X-Api-Key":"YOUR_SECURE_RANDOM_KEY","Host":"wjin.upv.edu.es"}
2025-10-06T21:54:06+00:00 RAW={"mac":"E6:14:89:83:B3:B9","major":2890,"minor":500,"nombre":"GTI-3A","rssi":-56,"timestamp":1759787646706,"txPower":203,"uuid":"45:50:53:47:2d:47:54:49:2d:50:52:4f:59:2d:33:41:"}
2025-10-06T21:54:06+00:00 METHOD=POST
2025-10-06T21:54:06+00:00 HEADERS={"User-Agent":"okhttp\/4.12.0","Accept-Encoding":"gzip","Content-Length":"179","Content-Type":"application\/json","X-Api-Key":"YOUR_SECURE_RANDOM_KEY","Host":"wjin.upv.edu.es"}
2025-10-06T21:54:06+00:00 RAW={"mac":"E6:14:89:83:B3:B9","major":2890,"minor":500,"nombre":"GTI-3A","rssi":-56,"timestamp":1759787646768,"txPower":203,"uuid":"45:50:53:47:2d:47:54:49:2d:50:52:4f:59:2d:33:41:"}
2025-10-06T21:54:06+00:00 METHOD=POST
2025-10-06T21:54:06+00:00 HEADERS={"User-Agent":"okhttp\/4.12.0","Accept-Encoding":"gzip","Content-Length":"179","Content-Type":"application\/json","X-Api-Key":"YOUR_SECURE_RANDOM_KEY","Host":"wjin.upv.edu.es"}
2025-10-06T21:54:06+00:00 RAW={"mac":"E6:14:89:83:B3:B9","major":2890,"minor":500,"nombre":"GTI-3A","rssi":-54,"timestamp":1759787646826,"txPower":203,"uuid":"45:50:53:47:2d:47:54:49:2d:50:52:4f:59:2d:33:41:"}
2025-10-06T21:54:06+00:00 METHOD=POST
2025-10-06T21:54:06+00:00 HEADERS={"User-Agent":"okhttp\/4.12.0","Accept-Encoding":"gzip","Content-Length":"179","Content-Type":"application\/json","X-Api-Key":"YOUR_SECURE_RANDOM_KEY","Host":"wjin.upv.edu.es"}
2025-10-06T21:54:06+00:00 RAW={"mac":"E6:14:89:83:B3:B9","major":2890,"minor":500,"nombre":"GTI-3A","rssi":-54,"timestamp":1759787646891,"txPower":203,"uuid":"45:50:53:47:2d:47:54:49:2d:50:52:4f:59:2d:33:41:"}
2025-10-06T21:54:06+00:00 METHOD=POST
2025-10-06T21:54:06+00:00 HEADERS={"User-Agent":"okhttp\/4.12.0","Accept-Encoding":"gzip","Content-Length":"179","Content-Type":"application\/json","X-Api-Key":"YOUR_SECURE_RANDOM_KEY","Host":"wjin.upv.edu.es"}
2025-10-06T21:54:06+00:00 RAW={"mac":"E6:14:89:83:B3:B9","major":2890,"minor":500,"nombre":"GTI-3A","rssi":-56,"timestamp":1759787646964,"txPower":203,"uuid":"45:50:53:47:2d:47:54:49:2d:50:52:4f:59:2d:33:41:"}
2025-10-06T21:54:06+00:00 METHOD=POST
2025-10-06T21:54:06+00:00 HEADERS={"User-Agent":"okhttp\/4.12.0","Accept-Encoding":"gzip","Content-Length":"179","Content-Type":"application\/json","X-Api-Key":"YOUR_SECURE_RANDOM_KEY","Host":"wjin.upv.edu.es"}
2025-10-06T21:54:06+00:00 RAW={"mac":"E6:14:89:83:B3:B9","major":2890,"minor":500,"nombre":"GTI-3A","rssi":-56,"timestamp":1759787647034,"txPower":203,"uuid":"45:50:53:47:2d:47:54:49:2d:50:52:4f:59:2d:33:41:"}
2025-10-06T21:54:12+00:00 METHOD=POST
2025-10-06T21:54:12+00:00 HEADERS={"User-Agent":"okhttp\/4.12.0","Accept-Encoding":"gzip","Content-Length":"179","Content-Type":"application\/json","X-Api-Key":"YOUR_SECURE_RANDOM_KEY","Host":"wjin.upv.edu.es"}
2025-10-06T21:54:12+00:00 RAW={"mac":"E6:14:89:83:B3:B9","major":2891,"minor":500,"nombre":"GTI-3A","rssi":-55,"timestamp":1759787652612,"txPower":203,"uuid":"45:50:53:47:2d:47:54:49:2d:50:52:4f:59:2d:33:41:"}
2025-10-06T21:54:12+00:00 METHOD=POST
2025-10-06T21:54:12+00:00 HEADERS={"User-Agent":"okhttp\/4.12.0","Accept-Encoding":"gzip","Content-Length":"179","Content-Type":"application\/json","X-Api-Key":"YOUR_SECURE_RANDOM_KEY","Host":"wjin.upv.edu.es"}
2025-10-06T21:54:12+00:00 RAW={"mac":"E6:14:89:83:B3:B9","major":2891,"minor":500,"nombre":"GTI-3A","rssi":-56,"timestamp":1759787652669,"txPower":203,"uuid":"45:50:53:47:2d:47:54:49:2d:50:52:4f:59:2d:33:41:"}
2025-10-06T21:54:12+00:00 METHOD=POST
2025-10-06T21:54:12+00:00 HEADERS={"User-Agent":"okhttp\/4.12.0","Accept-Encoding":"gzip","Content-Length":"179","Content-Type":"application\/json","X-Api-Key":"YOUR_SECURE_RANDOM_KEY","Host":"wjin.upv.edu.es"}
2025-10-06T21:54:12+00:00 RAW={"mac":"E6:14:89:83:B3:B9","major":2891,"minor":500,"nombre":"GTI-3A","rssi":-57,"timestamp":1759787652729,"txPower":203,"uuid":"45:50:53:47:2d:47:54:49:2d:50:52:4f:59:2d:33:41:"}
2025-10-06T21:54:12+00:00 METHOD=POST
2025-10-06T21:54:12+00:00 HEADERS={"User-Agent":"okhttp\/4.12.0","Accept-Encoding":"gzip","Content-Length":"179","Content-Type":"application\/json","X-Api-Key":"YOUR_SECURE_RANDOM_KEY","Host":"wjin.upv.edu.es"}
2025-10-06T21:54:12+00:00 RAW={"mac":"E6:14:89:83:B3:B9","major":2891,"minor":500,"nombre":"GTI-3A","rssi":-56,"timestamp":1759787652807,"txPower":203,"uuid":"45:50:53:47:2d:47:54:49:2d:50:52:4f:59:2d:33:41:"}
2025-10-06T21:54:12+00:00 METHOD=POST
2025-10-06T21:54:12+00:00 HEADERS={"User-Agent":"okhttp\/4.12.0","Accept-Encoding":"gzip","Content-Length":"179","Content-Type":"application\/json","X-Api-Key":"YOUR_SECURE_RANDOM_KEY","Host":"wjin.upv.edu.es"}
2025-10-06T21:54:12+00:00 RAW={"mac":"E6:14:89:83:B3:B9","major":2891,"minor":500,"nombre":"GTI-3A","rssi":-55,"timestamp":1759787652855,"txPower":203,"uuid":"45:50:53:47:2d:47:54:49:2d:50:52:4f:59:2d:33:41:"}
2025-10-06T21:54:12+00:00 METHOD=POST
2025-10-06T21:54:12+00:00 HEADERS={"User-Agent":"okhttp\/4.12.0","Accept-Encoding":"gzip","Content-Length":"179","Content-Type":"application\/json","X-Api-Key":"YOUR_SECURE_RANDOM_KEY","Host":"wjin.upv.edu.es"}
2025-10-06T21:54:12+00:00 RAW={"mac":"E6:14:89:83:B3:B9","major":2891,"minor":500,"nombre":"GTI-3A","rssi":-57,"timestamp":1759787652927,"txPower":203,"uuid":"45:50:53:47:2d:47:54:49:2d:50:52:4f:59:2d:33:41:"}
2025-10-06T21:54:12+00:00 METHOD=POST
2025-10-06T21:54:12+00:00 HEADERS={"User-Agent":"okhttp\/4.12.0","Accept-Encoding":"gzip","Content-Length":"179","Content-Type":"application\/json","X-Api-Key":"YOUR_SECURE_RANDOM_KEY","Host":"wjin.upv.edu.es"}
2025-10-06T21:54:12+00:00 RAW={"mac":"E6:14:89:83:B3:B9","major":2891,"minor":500,"nombre":"GTI-3A","rssi":-58,"timestamp":1759787653001,"txPower":203,"uuid":"45:50:53:47:2d:47:54:49:2d:50:52:4f:59:2d:33:41:"}
2025-10-06T21:54:12+00:00 METHOD=POST
2025-10-06T21:54:12+00:00 HEADERS={"User-Agent":"okhttp\/4.12.0","Accept-Encoding":"gzip","Content-Length":"179","Content-Type":"application\/json","X-Api-Key":"YOUR_SECURE_RANDOM_KEY","Host":"wjin.upv.edu.es"}
2025-10-06T21:54:12+00:00 RAW={"mac":"E6:14:89:83:B3:B9","major":2891,"minor":500,"nombre":"GTI-3A","rssi":-55,"timestamp":1759787653137,"txPower":203,"uuid":"45:50:53:47:2d:47:54:49:2d:50:52:4f:59:2d:33:41:"}
2025-10-06T21:54:12+00:00 METHOD=POST
2025-10-06T21:54:12+00:00 HEADERS={"User-Agent":"okhttp\/4.12.0","Accept-Encoding":"gzip","Content-Length":"179","Content-Type":"application\/json","X-Api-Key":"YOUR_SECURE_RANDOM_KEY","Host":"wjin.upv.edu.es"}
2025-10-06T21:54:12+00:00 RAW={"mac":"E6:14:89:83:B3:B9","major":2891,"minor":500,"nombre":"GTI-3A","rssi":-55,"timestamp":1759787653225,"txPower":203,"uuid":"45:50:53:47:2d:47:54:49:2d:50:52:4f:59:2d:33:41:"}
2025-10-06T21:54:12+00:00 METHOD=POST
2025-10-06T21:54:12+00:00 HEADERS={"User-Agent":"okhttp\/4.12.0","Accept-Encoding":"gzip","Content-Length":"179","Content-Type":"application\/json","X-Api-Key":"YOUR_SECURE_RANDOM_KEY","Host":"wjin.upv.edu.es"}
2025-10-06T21:54:12+00:00 RAW={"mac":"E6:14:89:83:B3:B9","major":2891,"minor":500,"nombre":"GTI-3A","rssi":-57,"timestamp":1759787653288,"txPower":203,"uuid":"45:50:53:47:2d:47:54:49:2d:50:52:4f:59:2d:33:41:"}
2025-10-06T21:54:13+00:00 METHOD=POST
2025-10-06T21:54:13+00:00 HEADERS={"User-Agent":"okhttp\/4.12.0","Accept-Encoding":"gzip","Content-Length":"179","Content-Type":"application\/json","X-Api-Key":"YOUR_SECURE_RANDOM_KEY","Host":"wjin.upv.edu.es"}
2025-10-06T21:54:13+00:00 RAW={"mac":"E6:14:89:83:B3:B9","major":2891,"minor":500,"nombre":"GTI-3A","rssi":-57,"timestamp":1759787653364,"txPower":203,"uuid":"45:50:53:47:2d:47:54:49:2d:50:52:4f:59:2d:33:41:"}
2025-10-06T21:54:13+00:00 METHOD=POST
2025-10-06T21:54:13+00:00 HEADERS={"User-Agent":"okhttp\/4.12.0","Accept-Encoding":"gzip","Content-Length":"179","Content-Type":"application\/json","X-Api-Key":"YOUR_SECURE_RANDOM_KEY","Host":"wjin.upv.edu.es"}
2025-10-06T21:54:13+00:00 RAW={"mac":"E6:14:89:83:B3:B9","major":2891,"minor":500,"nombre":"GTI-3A","rssi":-56,"timestamp":1759787653423,"txPower":203,"uuid":"45:50:53:47:2d:47:54:49:2d:50:52:4f:59:2d:33:41:"}
2025-10-06T21:54:13+00:00 METHOD=POST
2025-10-06T21:54:13+00:00 HEADERS={"User-Agent":"okhttp\/4.12.0","Accept-Encoding":"gzip","Content-Length":"179","Content-Type":"application\/json","X-Api-Key":"YOUR_SECURE_RANDOM_KEY","Host":"wjin.upv.edu.es"}
2025-10-06T21:54:13+00:00 RAW={"mac":"E6:14:89:83:B3:B9","major":2891,"minor":500,"nombre":"GTI-3A","rssi":-55,"timestamp":1759787653483,"txPower":203,"uuid":"45:50:53:47:2d:47:54:49:2d:50:52:4f:59:2d:33:41:"}
2025-10-06T21:54:13+00:00 METHOD=POST
2025-10-06T21:54:13+00:00 HEADERS={"User-Agent":"okhttp\/4.12.0","Accept-Encoding":"gzip","Content-Length":"179","Content-Type":"application\/json","X-Api-Key":"YOUR_SECURE_RANDOM_KEY","Host":"wjin.upv.edu.es"}
2025-10-06T21:54:13+00:00 RAW={"mac":"E6:14:89:83:B3:B9","major":2891,"minor":500,"nombre":"GTI-3A","rssi":-57,"timestamp":1759787653544,"txPower":203,"uuid":"45:50:53:47:2d:47:54:49:2d:50:52:4f:59:2d:33:41:"}
2025-10-06T21:54:18+00:00 METHOD=POST
2025-10-06T21:54:18+00:00 HEADERS={"User-Agent":"okhttp\/4.12.0","Accept-Encoding":"gzip","Content-Length":"179","Content-Type":"application\/json","X-Api-Key":"YOUR_SECURE_RANDOM_KEY","Host":"wjin.upv.edu.es"}
2025-10-06T21:54:18+00:00 RAW={"mac":"E6:14:89:83:B3:B9","major":2892,"minor":500,"nombre":"GTI-3A","rssi":-57,"timestamp":1759787659095,"txPower":203,"uuid":"45:50:53:47:2d:47:54:49:2d:50:52:4f:59:2d:33:41:"}
2025-10-06T21:54:18+00:00 METHOD=POST
2025-10-06T21:54:18+00:00 HEADERS={"User-Agent":"okhttp\/4.12.0","Accept-Encoding":"gzip","Content-Length":"179","Content-Type":"application\/json","X-Api-Key":"YOUR_SECURE_RANDOM_KEY","Host":"wjin.upv.edu.es"}
2025-10-06T21:54:18+00:00 RAW={"mac":"E6:14:89:83:B3:B9","major":2892,"minor":500,"nombre":"GTI-3A","rssi":-55,"timestamp":1759787659154,"txPower":203,"uuid":"45:50:53:47:2d:47:54:49:2d:50:52:4f:59:2d:33:41:"}
2025-10-06T21:54:18+00:00 METHOD=POST
2025-10-06T21:54:18+00:00 HEADERS={"User-Agent":"okhttp\/4.12.0","Accept-Encoding":"gzip","Content-Length":"179","Content-Type":"application\/json","X-Api-Key":"YOUR_SECURE_RANDOM_KEY","Host":"wjin.upv.edu.es"}
2025-10-06T21:54:18+00:00 RAW={"mac":"E6:14:89:83:B3:B9","major":2892,"minor":500,"nombre":"GTI-3A","rssi":-57,"timestamp":1759787659237,"txPower":203,"uuid":"45:50:53:47:2d:47:54:49:2d:50:52:4f:59:2d:33:41:"}
2025-10-06T21:54:19+00:00 METHOD=POST
2025-10-06T21:54:19+00:00 METHOD=POST
2025-10-06T21:54:19+00:00 METHOD=POST
2025-10-06T21:54:19+00:00 HEADERS={"User-Agent":"okhttp\/4.12.0","Accept-Encoding":"gzip","Content-Length":"179","Content-Type":"application\/json","X-Api-Key":"YOUR_SECURE_RANDOM_KEY","Host":"wjin.upv.edu.es"}
2025-10-06T21:54:19+00:00 HEADERS={"User-Agent":"okhttp\/4.12.0","Accept-Encoding":"gzip","Content-Length":"179","Content-Type":"application\/json","X-Api-Key":"YOUR_SECURE_RANDOM_KEY","Host":"wjin.upv.edu.es"}
2025-10-06T21:54:19+00:00 HEADERS={"User-Agent":"okhttp\/4.12.0","Accept-Encoding":"gzip","Content-Length":"179","Content-Type":"application\/json","X-Api-Key":"YOUR_SECURE_RANDOM_KEY","Host":"wjin.upv.edu.es"}
2025-10-06T21:54:19+00:00 RAW={"mac":"E6:14:89:83:B3:B9","major":2892,"minor":500,"nombre":"GTI-3A","rssi":-55,"timestamp":1759787659417,"txPower":203,"uuid":"45:50:53:47:2d:47:54:49:2d:50:52:4f:59:2d:33:41:"}
2025-10-06T21:54:19+00:00 RAW={"mac":"E6:14:89:83:B3:B9","major":2892,"minor":500,"nombre":"GTI-3A","rssi":-57,"timestamp":1759787659307,"txPower":203,"uuid":"45:50:53:47:2d:47:54:49:2d:50:52:4f:59:2d:33:41:"}
2025-10-06T21:54:19+00:00 RAW={"mac":"E6:14:89:83:B3:B9","major":2892,"minor":500,"nombre":"GTI-3A","rssi":-55,"timestamp":1759787659353,"txPower":203,"uuid":"45:50:53:47:2d:47:54:49:2d:50:52:4f:59:2d:33:41:"}
2025-10-06T21:54:19+00:00 METHOD=POST
2025-10-06T21:54:19+00:00 HEADERS={"User-Agent":"okhttp\/4.12.0","Accept-Encoding":"gzip","Content-Length":"179","Content-Type":"application\/json","X-Api-Key":"YOUR_SECURE_RANDOM_KEY","Host":"wjin.upv.edu.es"}
2025-10-06T21:54:19+00:00 RAW={"mac":"E6:14:89:83:B3:B9","major":2892,"minor":500,"nombre":"GTI-3A","rssi":-54,"timestamp":1759787659482,"txPower":203,"uuid":"45:50:53:47:2d:47:54:49:2d:50:52:4f:59:2d:33:41:"}
2025-10-06T21:54:19+00:00 METHOD=POST
2025-10-06T21:54:19+00:00 HEADERS={"User-Agent":"okhttp\/4.12.0","Accept-Encoding":"gzip","Content-Length":"179","Content-Type":"application\/json","X-Api-Key":"YOUR_SECURE_RANDOM_KEY","Host":"wjin.upv.edu.es"}
2025-10-06T21:54:19+00:00 RAW={"mac":"E6:14:89:83:B3:B9","major":2892,"minor":500,"nombre":"GTI-3A","rssi":-57,"timestamp":1759787659548,"txPower":203,"uuid":"45:50:53:47:2d:47:54:49:2d:50:52:4f:59:2d:33:41:"}
2025-10-06T21:54:19+00:00 METHOD=POST
2025-10-06T21:54:19+00:00 HEADERS={"User-Agent":"okhttp\/4.12.0","Accept-Encoding":"gzip","Content-Length":"179","Content-Type":"application\/json","X-Api-Key":"YOUR_SECURE_RANDOM_KEY","Host":"wjin.upv.edu.es"}
2025-10-06T21:54:19+00:00 RAW={"mac":"E6:14:89:83:B3:B9","major":2892,"minor":500,"nombre":"GTI-3A","rssi":-56,"timestamp":1759787659618,"txPower":203,"uuid":"45:50:53:47:2d:47:54:49:2d:50:52:4f:59:2d:33:41:"}
2025-10-06T21:54:19+00:00 METHOD=POST
2025-10-06T21:54:19+00:00 HEADERS={"User-Agent":"okhttp\/4.12.0","Accept-Encoding":"gzip","Content-Length":"179","Content-Type":"application\/json","X-Api-Key":"YOUR_SECURE_RANDOM_KEY","Host":"wjin.upv.edu.es"}
2025-10-06T21:54:19+00:00 RAW={"mac":"E6:14:89:83:B3:B9","major":2892,"minor":500,"nombre":"GTI-3A","rssi":-57,"timestamp":1759787659677,"txPower":203,"uuid":"45:50:53:47:2d:47:54:49:2d:50:52:4f:59:2d:33:41:"}
2025-10-06T21:54:19+00:00 METHOD=POST
2025-10-06T21:54:19+00:00 HEADERS={"User-Agent":"okhttp\/4.12.0","Accept-Encoding":"gzip","Content-Length":"179","Content-Type":"application\/json","X-Api-Key":"YOUR_SECURE_RANDOM_KEY","Host":"wjin.upv.edu.es"}
2025-10-06T21:54:19+00:00 RAW={"mac":"E6:14:89:83:B3:B9","major":2892,"minor":500,"nombre":"GTI-3A","rssi":-55,"timestamp":1759787659744,"txPower":203,"uuid":"45:50:53:47:2d:47:54:49:2d:50:52:4f:59:2d:33:41:"}
2025-10-06T21:54:19+00:00 METHOD=POST
2025-10-06T21:54:19+00:00 HEADERS={"User-Agent":"okhttp\/4.12.0","Accept-Encoding":"gzip","Content-Length":"179","Content-Type":"application\/json","X-Api-Key":"YOUR_SECURE_RANDOM_KEY","Host":"wjin.upv.edu.es"}
2025-10-06T21:54:19+00:00 RAW={"mac":"E6:14:89:83:B3:B9","major":2892,"minor":500,"nombre":"GTI-3A","rssi":-57,"timestamp":1759787659811,"txPower":203,"uuid":"45:50:53:47:2d:47:54:49:2d:50:52:4f:59:2d:33:41:"}
2025-10-06T21:54:19+00:00 METHOD=POST
2025-10-06T21:54:19+00:00 HEADERS={"User-Agent":"okhttp\/4.12.0","Accept-Encoding":"gzip","Content-Length":"179","Content-Type":"application\/json","X-Api-Key":"YOUR_SECURE_RANDOM_KEY","Host":"wjin.upv.edu.es"}
2025-10-06T21:54:19+00:00 RAW={"mac":"E6:14:89:83:B3:B9","major":2892,"minor":500,"nombre":"GTI-3A","rssi":-57,"timestamp":1759787659890,"txPower":203,"uuid":"45:50:53:47:2d:47:54:49:2d:50:52:4f:59:2d:33:41:"}
2025-10-06T21:54:19+00:00 METHOD=POST
2025-10-06T21:54:19+00:00 HEADERS={"User-Agent":"okhttp\/4.12.0","Accept-Encoding":"gzip","Content-Length":"179","Content-Type":"application\/json","X-Api-Key":"YOUR_SECURE_RANDOM_KEY","Host":"wjin.upv.edu.es"}
2025-10-06T21:54:19+00:00 RAW={"mac":"E6:14:89:83:B3:B9","major":2892,"minor":500,"nombre":"GTI-3A","rssi":-57,"timestamp":1759787659965,"txPower":203,"uuid":"45:50:53:47:2d:47:54:49:2d:50:52:4f:59:2d:33:41:"}
2025-10-06T21:54:19+00:00 METHOD=POST
2025-10-06T21:54:19+00:00 HEADERS={"User-Agent":"okhttp\/4.12.0","Accept-Encoding":"gzip","Content-Length":"179","Content-Type":"application\/json","X-Api-Key":"YOUR_SECURE_RANDOM_KEY","Host":"wjin.upv.edu.es"}
2025-10-06T21:54:19+00:00 RAW={"mac":"E6:14:89:83:B3:B9","major":2892,"minor":500,"nombre":"GTI-3A","rssi":-55,"timestamp":1759787660033,"txPower":203,"uuid":"45:50:53:47:2d:47:54:49:2d:50:52:4f:59:2d:33:41:"}
2025-10-06T21:54:25+00:00 METHOD=POST
2025-10-06T21:54:25+00:00 METHOD=POST
2025-10-06T21:54:25+00:00 METHOD=POST
2025-10-06T21:54:25+00:00 HEADERS={"User-Agent":"okhttp\/4.12.0","Accept-Encoding":"gzip","Content-Length":"179","Content-Type":"application\/json","X-Api-Key":"YOUR_SECURE_RANDOM_KEY","Host":"wjin.upv.edu.es"}
2025-10-06T21:54:25+00:00 HEADERS={"User-Agent":"okhttp\/4.12.0","Accept-Encoding":"gzip","Content-Length":"179","Content-Type":"application\/json","X-Api-Key":"YOUR_SECURE_RANDOM_KEY","Host":"wjin.upv.edu.es"}
2025-10-06T21:54:25+00:00 METHOD=POST
2025-10-06T21:54:25+00:00 RAW={"mac":"E6:14:89:83:B3:B9","major":2893,"minor":500,"nombre":"GTI-3A","rssi":-58,"timestamp":1759787665609,"txPower":203,"uuid":"45:50:53:47:2d:47:54:49:2d:50:52:4f:59:2d:33:41:"}
2025-10-06T21:54:25+00:00 RAW={"mac":"E6:14:89:83:B3:B9","major":2893,"minor":500,"nombre":"GTI-3A","rssi":-56,"timestamp":1759787665769,"txPower":203,"uuid":"45:50:53:47:2d:47:54:49:2d:50:52:4f:59:2d:33:41:"}
2025-10-06T21:54:25+00:00 HEADERS={"User-Agent":"okhttp\/4.12.0","Accept-Encoding":"gzip","Content-Length":"179","Content-Type":"application\/json","X-Api-Key":"YOUR_SECURE_RANDOM_KEY","Host":"wjin.upv.edu.es"}
2025-10-06T21:54:25+00:00 HEADERS={"User-Agent":"okhttp\/4.12.0","Accept-Encoding":"gzip","Content-Length":"179","Content-Type":"application\/json","X-Api-Key":"YOUR_SECURE_RANDOM_KEY","Host":"wjin.upv.edu.es"}
2025-10-06T21:54:25+00:00 RAW={"mac":"E6:14:89:83:B3:B9","major":2893,"minor":500,"nombre":"GTI-3A","rssi":-56,"timestamp":1759787665707,"txPower":203,"uuid":"45:50:53:47:2d:47:54:49:2d:50:52:4f:59:2d:33:41:"}
2025-10-06T21:54:25+00:00 RAW={"mac":"E6:14:89:83:B3:B9","major":2893,"minor":500,"nombre":"GTI-3A","rssi":-59,"timestamp":1759787665670,"txPower":203,"uuid":"45:50:53:47:2d:47:54:49:2d:50:52:4f:59:2d:33:41:"}
2025-10-06T21:54:25+00:00 METHOD=POST
2025-10-06T21:54:25+00:00 HEADERS={"User-Agent":"okhttp\/4.12.0","Accept-Encoding":"gzip","Content-Length":"179","Content-Type":"application\/json","X-Api-Key":"YOUR_SECURE_RANDOM_KEY","Host":"wjin.upv.edu.es"}
2025-10-06T21:54:25+00:00 RAW={"mac":"E6:14:89:83:B3:B9","major":2893,"minor":500,"nombre":"GTI-3A","rssi":-59,"timestamp":1759787665841,"txPower":203,"uuid":"45:50:53:47:2d:47:54:49:2d:50:52:4f:59:2d:33:41:"}
2025-10-06T21:54:25+00:00 METHOD=POST
2025-10-06T21:54:25+00:00 HEADERS={"User-Agent":"okhttp\/4.12.0","Accept-Encoding":"gzip","Content-Length":"179","Content-Type":"application\/json","X-Api-Key":"YOUR_SECURE_RANDOM_KEY","Host":"wjin.upv.edu.es"}
2025-10-06T21:54:25+00:00 RAW={"mac":"E6:14:89:83:B3:B9","major":2893,"minor":500,"nombre":"GTI-3A","rssi":-59,"timestamp":1759787665918,"txPower":203,"uuid":"45:50:53:47:2d:47:54:49:2d:50:52:4f:59:2d:33:41:"}
2025-10-06T21:54:25+00:00 METHOD=POST
2025-10-06T21:54:25+00:00 HEADERS={"User-Agent":"okhttp\/4.12.0","Accept-Encoding":"gzip","Content-Length":"179","Content-Type":"application\/json","X-Api-Key":"YOUR_SECURE_RANDOM_KEY","Host":"wjin.upv.edu.es"}
2025-10-06T21:54:25+00:00 RAW={"mac":"E6:14:89:83:B3:B9","major":2893,"minor":500,"nombre":"GTI-3A","rssi":-59,"timestamp":1759787665975,"txPower":203,"uuid":"45:50:53:47:2d:47:54:49:2d:50:52:4f:59:2d:33:41:"}
2025-10-06T21:54:25+00:00 METHOD=POST
2025-10-06T21:54:25+00:00 HEADERS={"User-Agent":"okhttp\/4.12.0","Accept-Encoding":"gzip","Content-Length":"179","Content-Type":"application\/json","X-Api-Key":"YOUR_SECURE_RANDOM_KEY","Host":"wjin.upv.edu.es"}
2025-10-06T21:54:25+00:00 RAW={"mac":"E6:14:89:83:B3:B9","major":2893,"minor":500,"nombre":"GTI-3A","rssi":-56,"timestamp":1759787666043,"txPower":203,"uuid":"45:50:53:47:2d:47:54:49:2d:50:52:4f:59:2d:33:41:"}
2025-10-06T21:54:25+00:00 METHOD=POST
2025-10-06T21:54:25+00:00 HEADERS={"User-Agent":"okhttp\/4.12.0","Accept-Encoding":"gzip","Content-Length":"179","Content-Type":"application\/json","X-Api-Key":"YOUR_SECURE_RANDOM_KEY","Host":"wjin.upv.edu.es"}
2025-10-06T21:54:25+00:00 RAW={"mac":"E6:14:89:83:B3:B9","major":2893,"minor":500,"nombre":"GTI-3A","rssi":-59,"timestamp":1759787666113,"txPower":203,"uuid":"45:50:53:47:2d:47:54:49:2d:50:52:4f:59:2d:33:41:"}
2025-10-06T21:54:25+00:00 METHOD=POST
2025-10-06T21:54:25+00:00 HEADERS={"User-Agent":"okhttp\/4.12.0","Accept-Encoding":"gzip","Content-Length":"179","Content-Type":"application\/json","X-Api-Key":"YOUR_SECURE_RANDOM_KEY","Host":"wjin.upv.edu.es"}
2025-10-06T21:54:25+00:00 RAW={"mac":"E6:14:89:83:B3:B9","major":2893,"minor":500,"nombre":"GTI-3A","rssi":-59,"timestamp":1759787666179,"txPower":203,"uuid":"45:50:53:47:2d:47:54:49:2d:50:52:4f:59:2d:33:41:"}
2025-10-06T21:54:25+00:00 METHOD=POST
2025-10-06T21:54:25+00:00 HEADERS={"User-Agent":"okhttp\/4.12.0","Accept-Encoding":"gzip","Content-Length":"179","Content-Type":"application\/json","X-Api-Key":"YOUR_SECURE_RANDOM_KEY","Host":"wjin.upv.edu.es"}
2025-10-06T21:54:25+00:00 RAW={"mac":"E6:14:89:83:B3:B9","major":2893,"minor":500,"nombre":"GTI-3A","rssi":-59,"timestamp":1759787666256,"txPower":203,"uuid":"45:50:53:47:2d:47:54:49:2d:50:52:4f:59:2d:33:41:"}
2025-10-06T21:54:26+00:00 METHOD=POST
2025-10-06T21:54:26+00:00 HEADERS={"User-Agent":"okhttp\/4.12.0","Accept-Encoding":"gzip","Content-Length":"179","Content-Type":"application\/json","X-Api-Key":"YOUR_SECURE_RANDOM_KEY","Host":"wjin.upv.edu.es"}
2025-10-06T21:54:26+00:00 RAW={"mac":"E6:14:89:83:B3:B9","major":2893,"minor":500,"nombre":"GTI-3A","rssi":-57,"timestamp":1759787666319,"txPower":203,"uuid":"45:50:53:47:2d:47:54:49:2d:50:52:4f:59:2d:33:41:"}
2025-10-06T21:54:26+00:00 METHOD=POST
2025-10-06T21:54:26+00:00 HEADERS={"User-Agent":"okhttp\/4.12.0","Accept-Encoding":"gzip","Content-Length":"179","Content-Type":"application\/json","X-Api-Key":"YOUR_SECURE_RANDOM_KEY","Host":"wjin.upv.edu.es"}
2025-10-06T21:54:26+00:00 RAW={"mac":"E6:14:89:83:B3:B9","major":2893,"minor":500,"nombre":"GTI-3A","rssi":-57,"timestamp":1759787666384,"txPower":203,"uuid":"45:50:53:47:2d:47:54:49:2d:50:52:4f:59:2d:33:41:"}
2025-10-06T21:54:26+00:00 METHOD=POST
2025-10-06T21:54:26+00:00 HEADERS={"User-Agent":"okhttp\/4.12.0","Accept-Encoding":"gzip","Content-Length":"179","Content-Type":"application\/json","X-Api-Key":"YOUR_SECURE_RANDOM_KEY","Host":"wjin.upv.edu.es"}
2025-10-06T21:54:26+00:00 RAW={"mac":"E6:14:89:83:B3:B9","major":2893,"minor":500,"nombre":"GTI-3A","rssi":-58,"timestamp":1759787666455,"txPower":203,"uuid":"45:50:53:47:2d:47:54:49:2d:50:52:4f:59:2d:33:41:"}
2025-10-06T21:54:26+00:00 METHOD=POST
2025-10-06T21:54:26+00:00 HEADERS={"User-Agent":"okhttp\/4.12.0","Accept-Encoding":"gzip","Content-Length":"179","Content-Type":"application\/json","X-Api-Key":"YOUR_SECURE_RANDOM_KEY","Host":"wjin.upv.edu.es"}
2025-10-06T21:54:26+00:00 RAW={"mac":"E6:14:89:83:B3:B9","major":2893,"minor":500,"nombre":"GTI-3A","rssi":-60,"timestamp":1759787666542,"txPower":203,"uuid":"45:50:53:47:2d:47:54:49:2d:50:52:4f:59:2d:33:41:"}
2025-10-06T21:54:31+00:00 METHOD=POST
2025-10-06T21:54:31+00:00 HEADERS={"User-Agent":"okhttp\/4.12.0","Accept-Encoding":"gzip","Content-Length":"179","Content-Type":"application\/json","X-Api-Key":"YOUR_SECURE_RANDOM_KEY","Host":"wjin.upv.edu.es"}
2025-10-06T21:54:31+00:00 RAW={"mac":"E6:14:89:83:B3:B9","major":2894,"minor":500,"nombre":"GTI-3A","rssi":-57,"timestamp":1759787672122,"txPower":203,"uuid":"45:50:53:47:2d:47:54:49:2d:50:52:4f:59:2d:33:41:"}
2025-10-06T21:54:31+00:00 METHOD=POST
2025-10-06T21:54:31+00:00 HEADERS={"User-Agent":"okhttp\/4.12.0","Accept-Encoding":"gzip","Content-Length":"179","Content-Type":"application\/json","X-Api-Key":"YOUR_SECURE_RANDOM_KEY","Host":"wjin.upv.edu.es"}
2025-10-06T21:54:31+00:00 RAW={"mac":"E6:14:89:83:B3:B9","major":2894,"minor":500,"nombre":"GTI-3A","rssi":-60,"timestamp":1759787672146,"txPower":203,"uuid":"45:50:53:47:2d:47:54:49:2d:50:52:4f:59:2d:33:41:"}
2025-10-06T21:54:31+00:00 METHOD=POST
2025-10-06T21:54:31+00:00 HEADERS={"User-Agent":"okhttp\/4.12.0","Accept-Encoding":"gzip","Content-Length":"179","Content-Type":"application\/json","X-Api-Key":"YOUR_SECURE_RANDOM_KEY","Host":"wjin.upv.edu.es"}
2025-10-06T21:54:31+00:00 RAW={"mac":"E6:14:89:83:B3:B9","major":2894,"minor":500,"nombre":"GTI-3A","rssi":-63,"timestamp":1759787672230,"txPower":203,"uuid":"45:50:53:47:2d:47:54:49:2d:50:52:4f:59:2d:33:41:"}
2025-10-06T21:54:31+00:00 METHOD=POST
2025-10-06T21:54:31+00:00 HEADERS={"User-Agent":"okhttp\/4.12.0","Accept-Encoding":"gzip","Content-Length":"179","Content-Type":"application\/json","X-Api-Key":"YOUR_SECURE_RANDOM_KEY","Host":"wjin.upv.edu.es"}
2025-10-06T21:54:31+00:00 RAW={"mac":"E6:14:89:83:B3:B9","major":2894,"minor":500,"nombre":"GTI-3A","rssi":-60,"timestamp":1759787672294,"txPower":203,"uuid":"45:50:53:47:2d:47:54:49:2d:50:52:4f:59:2d:33:41:"}
2025-10-06T21:54:32+00:00 METHOD=POST
2025-10-06T21:54:32+00:00 HEADERS={"User-Agent":"okhttp\/4.12.0","Accept-Encoding":"gzip","Content-Length":"179","Content-Type":"application\/json","X-Api-Key":"YOUR_SECURE_RANDOM_KEY","Host":"wjin.upv.edu.es"}
2025-10-06T21:54:32+00:00 RAW={"mac":"E6:14:89:83:B3:B9","major":2894,"minor":500,"nombre":"GTI-3A","rssi":-57,"timestamp":1759787672359,"txPower":203,"uuid":"45:50:53:47:2d:47:54:49:2d:50:52:4f:59:2d:33:41:"}
2025-10-06T21:54:32+00:00 METHOD=POST
2025-10-06T21:54:32+00:00 HEADERS={"User-Agent":"okhttp\/4.12.0","Accept-Encoding":"gzip","Content-Length":"179","Content-Type":"application\/json","X-Api-Key":"YOUR_SECURE_RANDOM_KEY","Host":"wjin.upv.edu.es"}
2025-10-06T21:54:32+00:00 RAW={"mac":"E6:14:89:83:B3:B9","major":2894,"minor":500,"nombre":"GTI-3A","rssi":-60,"timestamp":1759787672430,"txPower":203,"uuid":"45:50:53:47:2d:47:54:49:2d:50:52:4f:59:2d:33:41:"}
2025-10-06T21:54:32+00:00 METHOD=POST
2025-10-06T21:54:32+00:00 HEADERS={"User-Agent":"okhttp\/4.12.0","Accept-Encoding":"gzip","Content-Length":"179","Content-Type":"application\/json","X-Api-Key":"YOUR_SECURE_RANDOM_KEY","Host":"wjin.upv.edu.es"}
2025-10-06T21:54:32+00:00 RAW={"mac":"E6:14:89:83:B3:B9","major":2894,"minor":500,"nombre":"GTI-3A","rssi":-60,"timestamp":1759787672483,"txPower":203,"uuid":"45:50:53:47:2d:47:54:49:2d:50:52:4f:59:2d:33:41:"}
2025-10-06T21:54:32+00:00 METHOD=POST
2025-10-06T21:54:32+00:00 HEADERS={"User-Agent":"okhttp\/4.12.0","Accept-Encoding":"gzip","Content-Length":"179","Content-Type":"application\/json","X-Api-Key":"YOUR_SECURE_RANDOM_KEY","Host":"wjin.upv.edu.es"}
2025-10-06T21:54:32+00:00 RAW={"mac":"E6:14:89:83:B3:B9","major":2894,"minor":500,"nombre":"GTI-3A","rssi":-57,"timestamp":1759787672638,"txPower":203,"uuid":"45:50:53:47:2d:47:54:49:2d:50:52:4f:59:2d:33:41:"}
2025-10-06T21:54:32+00:00 METHOD=POST
2025-10-06T21:54:32+00:00 HEADERS={"User-Agent":"okhttp\/4.12.0","Accept-Encoding":"gzip","Content-Length":"179","Content-Type":"application\/json","X-Api-Key":"YOUR_SECURE_RANDOM_KEY","Host":"wjin.upv.edu.es"}
2025-10-06T21:54:32+00:00 RAW={"mac":"E6:14:89:83:B3:B9","major":2894,"minor":500,"nombre":"GTI-3A","rssi":-57,"timestamp":1759787672692,"txPower":203,"uuid":"45:50:53:47:2d:47:54:49:2d:50:52:4f:59:2d:33:41:"}
2025-10-06T21:54:32+00:00 METHOD=POST
2025-10-06T21:54:32+00:00 HEADERS={"User-Agent":"okhttp\/4.12.0","Accept-Encoding":"gzip","Content-Length":"179","Content-Type":"application\/json","X-Api-Key":"YOUR_SECURE_RANDOM_KEY","Host":"wjin.upv.edu.es"}
2025-10-06T21:54:32+00:00 RAW={"mac":"E6:14:89:83:B3:B9","major":2894,"minor":500,"nombre":"GTI-3A","rssi":-60,"timestamp":1759787672760,"txPower":203,"uuid":"45:50:53:47:2d:47:54:49:2d:50:52:4f:59:2d:33:41:"}
2025-10-06T21:54:32+00:00 METHOD=POST
2025-10-06T21:54:32+00:00 HEADERS={"User-Agent":"okhttp\/4.12.0","Accept-Encoding":"gzip","Content-Length":"179","Content-Type":"application\/json","X-Api-Key":"YOUR_SECURE_RANDOM_KEY","Host":"wjin.upv.edu.es"}
2025-10-06T21:54:32+00:00 RAW={"mac":"E6:14:89:83:B3:B9","major":2894,"minor":500,"nombre":"GTI-3A","rssi":-60,"timestamp":1759787672829,"txPower":203,"uuid":"45:50:53:47:2d:47:54:49:2d:50:52:4f:59:2d:33:41:"}
2025-10-06T21:54:32+00:00 METHOD=POST
2025-10-06T21:54:32+00:00 HEADERS={"User-Agent":"okhttp\/4.12.0","Accept-Encoding":"gzip","Content-Length":"179","Content-Type":"application\/json","X-Api-Key":"YOUR_SECURE_RANDOM_KEY","Host":"wjin.upv.edu.es"}
2025-10-06T21:54:32+00:00 RAW={"mac":"E6:14:89:83:B3:B9","major":2894,"minor":500,"nombre":"GTI-3A","rssi":-60,"timestamp":1759787672904,"txPower":203,"uuid":"45:50:53:47:2d:47:54:49:2d:50:52:4f:59:2d:33:41:"}
2025-10-06T21:54:32+00:00 METHOD=POST
2025-10-06T21:54:32+00:00 HEADERS={"User-Agent":"okhttp\/4.12.0","Accept-Encoding":"gzip","Content-Length":"179","Content-Type":"application\/json","X-Api-Key":"YOUR_SECURE_RANDOM_KEY","Host":"wjin.upv.edu.es"}
2025-10-06T21:54:32+00:00 RAW={"mac":"E6:14:89:83:B3:B9","major":2894,"minor":500,"nombre":"GTI-3A","rssi":-57,"timestamp":1759787672971,"txPower":203,"uuid":"45:50:53:47:2d:47:54:49:2d:50:52:4f:59:2d:33:41:"}
2025-10-06T21:54:38+00:00 METHOD=POST
2025-10-06T21:54:38+00:00 HEADERS={"User-Agent":"okhttp\/4.12.0","Accept-Encoding":"gzip","Content-Length":"179","Content-Type":"application\/json","X-Api-Key":"YOUR_SECURE_RANDOM_KEY","Host":"wjin.upv.edu.es"}
2025-10-06T21:54:38+00:00 RAW={"mac":"E6:14:89:83:B3:B9","major":2895,"minor":500,"nombre":"GTI-3A","rssi":-60,"timestamp":1759787678601,"txPower":203,"uuid":"45:50:53:47:2d:47:54:49:2d:50:52:4f:59:2d:33:41:"}
2025-10-06T21:54:38+00:00 METHOD=POST
2025-10-06T21:54:38+00:00 HEADERS={"User-Agent":"okhttp\/4.12.0","Accept-Encoding":"gzip","Content-Length":"179","Content-Type":"application\/json","X-Api-Key":"YOUR_SECURE_RANDOM_KEY","Host":"wjin.upv.edu.es"}
2025-10-06T21:54:38+00:00 RAW={"mac":"E6:14:89:83:B3:B9","major":2895,"minor":500,"nombre":"GTI-3A","rssi":-57,"timestamp":1759787678643,"txPower":203,"uuid":"45:50:53:47:2d:47:54:49:2d:50:52:4f:59:2d:33:41:"}
2025-10-06T21:54:38+00:00 METHOD=POST
2025-10-06T21:54:38+00:00 HEADERS={"User-Agent":"okhttp\/4.12.0","Accept-Encoding":"gzip","Content-Length":"179","Content-Type":"application\/json","X-Api-Key":"YOUR_SECURE_RANDOM_KEY","Host":"wjin.upv.edu.es"}
2025-10-06T21:54:38+00:00 RAW={"mac":"E6:14:89:83:B3:B9","major":2895,"minor":500,"nombre":"GTI-3A","rssi":-61,"timestamp":1759787678718,"txPower":203,"uuid":"45:50:53:47:2d:47:54:49:2d:50:52:4f:59:2d:33:41:"}
2025-10-06T21:54:38+00:00 METHOD=POST
2025-10-06T21:54:38+00:00 HEADERS={"User-Agent":"okhttp\/4.12.0","Accept-Encoding":"gzip","Content-Length":"179","Content-Type":"application\/json","X-Api-Key":"YOUR_SECURE_RANDOM_KEY","Host":"wjin.upv.edu.es"}
2025-10-06T21:54:38+00:00 RAW={"mac":"E6:14:89:83:B3:B9","major":2895,"minor":500,"nombre":"GTI-3A","rssi":-61,"timestamp":1759787678787,"txPower":203,"uuid":"45:50:53:47:2d:47:54:49:2d:50:52:4f:59:2d:33:41:"}
2025-10-06T21:54:38+00:00 METHOD=POST
2025-10-06T21:54:38+00:00 HEADERS={"User-Agent":"okhttp\/4.12.0","Accept-Encoding":"gzip","Content-Length":"179","Content-Type":"application\/json","X-Api-Key":"YOUR_SECURE_RANDOM_KEY","Host":"wjin.upv.edu.es"}
2025-10-06T21:54:38+00:00 RAW={"mac":"E6:14:89:83:B3:B9","major":2895,"minor":500,"nombre":"GTI-3A","rssi":-61,"timestamp":1759787678857,"txPower":203,"uuid":"45:50:53:47:2d:47:54:49:2d:50:52:4f:59:2d:33:41:"}
2025-10-06T21:54:38+00:00 METHOD=POST
2025-10-06T21:54:38+00:00 HEADERS={"User-Agent":"okhttp\/4.12.0","Accept-Encoding":"gzip","Content-Length":"179","Content-Type":"application\/json","X-Api-Key":"YOUR_SECURE_RANDOM_KEY","Host":"wjin.upv.edu.es"}
2025-10-06T21:54:38+00:00 RAW={"mac":"E6:14:89:83:B3:B9","major":2895,"minor":500,"nombre":"GTI-3A","rssi":-57,"timestamp":1759787678919,"txPower":203,"uuid":"45:50:53:47:2d:47:54:49:2d:50:52:4f:59:2d:33:41:"}
2025-10-06T21:54:38+00:00 METHOD=POST
2025-10-06T21:54:38+00:00 HEADERS={"User-Agent":"okhttp\/4.12.0","Accept-Encoding":"gzip","Content-Length":"179","Content-Type":"application\/json","X-Api-Key":"YOUR_SECURE_RANDOM_KEY","Host":"wjin.upv.edu.es"}
2025-10-06T21:54:38+00:00 RAW={"mac":"E6:14:89:83:B3:B9","major":2895,"minor":500,"nombre":"GTI-3A","rssi":-57,"timestamp":1759787678986,"txPower":203,"uuid":"45:50:53:47:2d:47:54:49:2d:50:52:4f:59:2d:33:41:"}
2025-10-06T21:54:38+00:00 METHOD=POST
2025-10-06T21:54:38+00:00 HEADERS={"User-Agent":"okhttp\/4.12.0","Accept-Encoding":"gzip","Content-Length":"179","Content-Type":"application\/json","X-Api-Key":"YOUR_SECURE_RANDOM_KEY","Host":"wjin.upv.edu.es"}
2025-10-06T21:54:38+00:00 RAW={"mac":"E6:14:89:83:B3:B9","major":2895,"minor":500,"nombre":"GTI-3A","rssi":-60,"timestamp":1759787679046,"txPower":203,"uuid":"45:50:53:47:2d:47:54:49:2d:50:52:4f:59:2d:33:41:"}
2025-10-06T21:54:38+00:00 METHOD=POST
2025-10-06T21:54:38+00:00 HEADERS={"User-Agent":"okhttp\/4.12.0","Accept-Encoding":"gzip","Content-Length":"179","Content-Type":"application\/json","X-Api-Key":"YOUR_SECURE_RANDOM_KEY","Host":"wjin.upv.edu.es"}
2025-10-06T21:54:38+00:00 RAW={"mac":"E6:14:89:83:B3:B9","major":2895,"minor":500,"nombre":"GTI-3A","rssi":-64,"timestamp":1759787679119,"txPower":203,"uuid":"45:50:53:47:2d:47:54:49:2d:50:52:4f:59:2d:33:41:"}
2025-10-06T21:54:38+00:00 METHOD=POST
2025-10-06T21:54:38+00:00 HEADERS={"User-Agent":"okhttp\/4.12.0","Accept-Encoding":"gzip","Content-Length":"179","Content-Type":"application\/json","X-Api-Key":"YOUR_SECURE_RANDOM_KEY","Host":"wjin.upv.edu.es"}
2025-10-06T21:54:38+00:00 RAW={"mac":"E6:14:89:83:B3:B9","major":2895,"minor":500,"nombre":"GTI-3A","rssi":-62,"timestamp":1759787679192,"txPower":203,"uuid":"45:50:53:47:2d:47:54:49:2d:50:52:4f:59:2d:33:41:"}
2025-10-06T21:54:38+00:00 METHOD=POST
2025-10-06T21:54:38+00:00 HEADERS={"User-Agent":"okhttp\/4.12.0","Accept-Encoding":"gzip","Content-Length":"179","Content-Type":"application\/json","X-Api-Key":"YOUR_SECURE_RANDOM_KEY","Host":"wjin.upv.edu.es"}
2025-10-06T21:54:38+00:00 RAW={"mac":"E6:14:89:83:B3:B9","major":2895,"minor":500,"nombre":"GTI-3A","rssi":-56,"timestamp":1759787679251,"txPower":203,"uuid":"45:50:53:47:2d:47:54:49:2d:50:52:4f:59:2d:33:41:"}
2025-10-06T21:54:39+00:00 METHOD=POST
2025-10-06T21:54:39+00:00 HEADERS={"User-Agent":"okhttp\/4.12.0","Accept-Encoding":"gzip","Content-Length":"179","Content-Type":"application\/json","X-Api-Key":"YOUR_SECURE_RANDOM_KEY","Host":"wjin.upv.edu.es"}
2025-10-06T21:54:39+00:00 RAW={"mac":"E6:14:89:83:B3:B9","major":2895,"minor":500,"nombre":"GTI-3A","rssi":-59,"timestamp":1759787679324,"txPower":203,"uuid":"45:50:53:47:2d:47:54:49:2d:50:52:4f:59:2d:33:41:"}
2025-10-06T21:54:39+00:00 METHOD=POST
2025-10-06T21:54:39+00:00 HEADERS={"User-Agent":"okhttp\/4.12.0","Accept-Encoding":"gzip","Content-Length":"179","Content-Type":"application\/json","X-Api-Key":"YOUR_SECURE_RANDOM_KEY","Host":"wjin.upv.edu.es"}
2025-10-06T21:54:39+00:00 RAW={"mac":"E6:14:89:83:B3:B9","major":2895,"minor":500,"nombre":"GTI-3A","rssi":-60,"timestamp":1759787679385,"txPower":203,"uuid":"45:50:53:47:2d:47:54:49:2d:50:52:4f:59:2d:33:41:"}
2025-10-06T21:54:39+00:00 METHOD=POST
2025-10-06T21:54:39+00:00 HEADERS={"User-Agent":"okhttp\/4.12.0","Accept-Encoding":"gzip","Content-Length":"179","Content-Type":"application\/json","X-Api-Key":"YOUR_SECURE_RANDOM_KEY","Host":"wjin.upv.edu.es"}
2025-10-06T21:54:39+00:00 RAW={"mac":"E6:14:89:83:B3:B9","major":2895,"minor":500,"nombre":"GTI-3A","rssi":-63,"timestamp":1759787679460,"txPower":203,"uuid":"45:50:53:47:2d:47:54:49:2d:50:52:4f:59:2d:33:41:"}
2025-10-06T21:54:39+00:00 METHOD=POST
2025-10-06T21:54:39+00:00 HEADERS={"User-Agent":"okhttp\/4.12.0","Accept-Encoding":"gzip","Content-Length":"179","Content-Type":"application\/json","X-Api-Key":"YOUR_SECURE_RANDOM_KEY","Host":"wjin.upv.edu.es"}
2025-10-06T21:54:39+00:00 RAW={"mac":"E6:14:89:83:B3:B9","major":2895,"minor":500,"nombre":"GTI-3A","rssi":-56,"timestamp":1759787679526,"txPower":203,"uuid":"45:50:53:47:2d:47:54:49:2d:50:52:4f:59:2d:33:41:"}
2025-10-06T21:54:44+00:00 METHOD=POST
2025-10-06T21:54:44+00:00 HEADERS={"User-Agent":"okhttp\/4.12.0","Accept-Encoding":"gzip","Content-Length":"179","Content-Type":"application\/json","X-Api-Key":"YOUR_SECURE_RANDOM_KEY","Host":"wjin.upv.edu.es"}
2025-10-06T21:54:44+00:00 RAW={"mac":"E6:14:89:83:B3:B9","major":2896,"minor":500,"nombre":"GTI-3A","rssi":-59,"timestamp":1759787685117,"txPower":203,"uuid":"45:50:53:47:2d:47:54:49:2d:50:52:4f:59:2d:33:41:"}
2025-10-06T21:54:44+00:00 METHOD=POST
2025-10-06T21:54:44+00:00 HEADERS={"User-Agent":"okhttp\/4.12.0","Accept-Encoding":"gzip","Content-Length":"179","Content-Type":"application\/json","X-Api-Key":"YOUR_SECURE_RANDOM_KEY","Host":"wjin.upv.edu.es"}
2025-10-06T21:54:44+00:00 RAW={"mac":"E6:14:89:83:B3:B9","major":2896,"minor":500,"nombre":"GTI-3A","rssi":-55,"timestamp":1759787685156,"txPower":203,"uuid":"45:50:53:47:2d:47:54:49:2d:50:52:4f:59:2d:33:41:"}
2025-10-06T21:54:44+00:00 METHOD=POST
2025-10-06T21:54:44+00:00 HEADERS={"User-Agent":"okhttp\/4.12.0","Accept-Encoding":"gzip","Content-Length":"179","Content-Type":"application\/json","X-Api-Key":"YOUR_SECURE_RANDOM_KEY","Host":"wjin.upv.edu.es"}
2025-10-06T21:54:44+00:00 RAW={"mac":"E6:14:89:83:B3:B9","major":2896,"minor":500,"nombre":"GTI-3A","rssi":-75,"timestamp":1759787685224,"txPower":203,"uuid":"45:50:53:47:2d:47:54:49:2d:50:52:4f:59:2d:33:41:"}
2025-10-06T21:54:44+00:00 METHOD=POST
2025-10-06T21:54:44+00:00 HEADERS={"User-Agent":"okhttp\/4.12.0","Accept-Encoding":"gzip","Content-Length":"179","Content-Type":"application\/json","X-Api-Key":"YOUR_SECURE_RANDOM_KEY","Host":"wjin.upv.edu.es"}
2025-10-06T21:54:44+00:00 RAW={"mac":"E6:14:89:83:B3:B9","major":2896,"minor":500,"nombre":"GTI-3A","rssi":-60,"timestamp":1759787685287,"txPower":203,"uuid":"45:50:53:47:2d:47:54:49:2d:50:52:4f:59:2d:33:41:"}
2025-10-06T21:54:45+00:00 METHOD=POST
2025-10-06T21:54:45+00:00 HEADERS={"User-Agent":"okhttp\/4.12.0","Accept-Encoding":"gzip","Content-Length":"179","Content-Type":"application\/json","X-Api-Key":"YOUR_SECURE_RANDOM_KEY","Host":"wjin.upv.edu.es"}
2025-10-06T21:54:45+00:00 RAW={"mac":"E6:14:89:83:B3:B9","major":2896,"minor":500,"nombre":"GTI-3A","rssi":-59,"timestamp":1759787685370,"txPower":203,"uuid":"45:50:53:47:2d:47:54:49:2d:50:52:4f:59:2d:33:41:"}
2025-10-06T21:54:45+00:00 METHOD=POST
2025-10-06T21:54:45+00:00 HEADERS={"User-Agent":"okhttp\/4.12.0","Accept-Encoding":"gzip","Content-Length":"179","Content-Type":"application\/json","X-Api-Key":"YOUR_SECURE_RANDOM_KEY","Host":"wjin.upv.edu.es"}
2025-10-06T21:54:45+00:00 RAW={"mac":"E6:14:89:83:B3:B9","major":2896,"minor":500,"nombre":"GTI-3A","rssi":-55,"timestamp":1759787685418,"txPower":203,"uuid":"45:50:53:47:2d:47:54:49:2d:50:52:4f:59:2d:33:41:"}
2025-10-06T21:54:45+00:00 METHOD=POST
2025-10-06T21:54:45+00:00 HEADERS={"User-Agent":"okhttp\/4.12.0","Accept-Encoding":"gzip","Content-Length":"179","Content-Type":"application\/json","X-Api-Key":"YOUR_SECURE_RANDOM_KEY","Host":"wjin.upv.edu.es"}
2025-10-06T21:54:45+00:00 RAW={"mac":"E6:14:89:83:B3:B9","major":2896,"minor":500,"nombre":"GTI-3A","rssi":-55,"timestamp":1759787685483,"txPower":203,"uuid":"45:50:53:47:2d:47:54:49:2d:50:52:4f:59:2d:33:41:"}
2025-10-06T21:54:45+00:00 METHOD=POST
2025-10-06T21:54:45+00:00 HEADERS={"User-Agent":"okhttp\/4.12.0","Accept-Encoding":"gzip","Content-Length":"179","Content-Type":"application\/json","X-Api-Key":"YOUR_SECURE_RANDOM_KEY","Host":"wjin.upv.edu.es"}
2025-10-06T21:54:45+00:00 RAW={"mac":"E6:14:89:83:B3:B9","major":2896,"minor":500,"nombre":"GTI-3A","rssi":-60,"timestamp":1759787685544,"txPower":203,"uuid":"45:50:53:47:2d:47:54:49:2d:50:52:4f:59:2d:33:41:"}
2025-10-06T21:54:45+00:00 METHOD=POST
2025-10-06T21:54:45+00:00 HEADERS={"User-Agent":"okhttp\/4.12.0","Accept-Encoding":"gzip","Content-Length":"179","Content-Type":"application\/json","X-Api-Key":"YOUR_SECURE_RANDOM_KEY","Host":"wjin.upv.edu.es"}
2025-10-06T21:54:45+00:00 RAW={"mac":"E6:14:89:83:B3:B9","major":2896,"minor":500,"nombre":"GTI-3A","rssi":-59,"timestamp":1759787685616,"txPower":203,"uuid":"45:50:53:47:2d:47:54:49:2d:50:52:4f:59:2d:33:41:"}
2025-10-06T21:54:45+00:00 METHOD=POST
2025-10-06T21:54:45+00:00 HEADERS={"User-Agent":"okhttp\/4.12.0","Accept-Encoding":"gzip","Content-Length":"179","Content-Type":"application\/json","X-Api-Key":"YOUR_SECURE_RANDOM_KEY","Host":"wjin.upv.edu.es"}
2025-10-06T21:54:45+00:00 RAW={"mac":"E6:14:89:83:B3:B9","major":2896,"minor":500,"nombre":"GTI-3A","rssi":-59,"timestamp":1759787685683,"txPower":203,"uuid":"45:50:53:47:2d:47:54:49:2d:50:52:4f:59:2d:33:41:"}
2025-10-06T21:54:45+00:00 METHOD=POST
2025-10-06T21:54:45+00:00 HEADERS={"User-Agent":"okhttp\/4.12.0","Accept-Encoding":"gzip","Content-Length":"179","Content-Type":"application\/json","X-Api-Key":"YOUR_SECURE_RANDOM_KEY","Host":"wjin.upv.edu.es"}
2025-10-06T21:54:45+00:00 RAW={"mac":"E6:14:89:83:B3:B9","major":2896,"minor":500,"nombre":"GTI-3A","rssi":-55,"timestamp":1759787685751,"txPower":203,"uuid":"45:50:53:47:2d:47:54:49:2d:50:52:4f:59:2d:33:41:"}
2025-10-06T21:54:45+00:00 METHOD=POST
2025-10-06T21:54:45+00:00 HEADERS={"User-Agent":"okhttp\/4.12.0","Accept-Encoding":"gzip","Content-Length":"179","Content-Type":"application\/json","X-Api-Key":"YOUR_SECURE_RANDOM_KEY","Host":"wjin.upv.edu.es"}
2025-10-06T21:54:45+00:00 RAW={"mac":"E6:14:89:83:B3:B9","major":2896,"minor":500,"nombre":"GTI-3A","rssi":-60,"timestamp":1759787685822,"txPower":203,"uuid":"45:50:53:47:2d:47:54:49:2d:50:52:4f:59:2d:33:41:"}
2025-10-06T21:54:45+00:00 METHOD=POST
2025-10-06T21:54:45+00:00 HEADERS={"User-Agent":"okhttp\/4.12.0","Accept-Encoding":"gzip","Content-Length":"179","Content-Type":"application\/json","X-Api-Key":"YOUR_SECURE_RANDOM_KEY","Host":"wjin.upv.edu.es"}
2025-10-06T21:54:45+00:00 RAW={"mac":"E6:14:89:83:B3:B9","major":2896,"minor":500,"nombre":"GTI-3A","rssi":-61,"timestamp":1759787685890,"txPower":203,"uuid":"45:50:53:47:2d:47:54:49:2d:50:52:4f:59:2d:33:41:"}
2025-10-06T21:54:45+00:00 METHOD=POST
2025-10-06T21:54:45+00:00 HEADERS={"User-Agent":"okhttp\/4.12.0","Accept-Encoding":"gzip","Content-Length":"179","Content-Type":"application\/json","X-Api-Key":"YOUR_SECURE_RANDOM_KEY","Host":"wjin.upv.edu.es"}
2025-10-06T21:54:45+00:00 RAW={"mac":"E6:14:89:83:B3:B9","major":2896,"minor":500,"nombre":"GTI-3A","rssi":-59,"timestamp":1759787685960,"txPower":203,"uuid":"45:50:53:47:2d:47:54:49:2d:50:52:4f:59:2d:33:41:"}
2025-10-06T21:54:51+00:00 METHOD=POST
2025-10-06T21:54:51+00:00 HEADERS={"User-Agent":"okhttp\/4.12.0","Accept-Encoding":"gzip","Content-Length":"179","Content-Type":"application\/json","X-Api-Key":"YOUR_SECURE_RANDOM_KEY","Host":"wjin.upv.edu.es"}
2025-10-06T21:54:51+00:00 RAW={"mac":"E6:14:89:83:B3:B9","major":2897,"minor":500,"nombre":"GTI-3A","rssi":-61,"timestamp":1759787691594,"txPower":203,"uuid":"45:50:53:47:2d:47:54:49:2d:50:52:4f:59:2d:33:41:"}
2025-10-06T21:54:51+00:00 METHOD=POST
2025-10-06T21:54:51+00:00 HEADERS={"User-Agent":"okhttp\/4.12.0","Accept-Encoding":"gzip","Content-Length":"179","Content-Type":"application\/json","X-Api-Key":"YOUR_SECURE_RANDOM_KEY","Host":"wjin.upv.edu.es"}
2025-10-06T21:54:51+00:00 RAW={"mac":"E6:14:89:83:B3:B9","major":2897,"minor":500,"nombre":"GTI-3A","rssi":-61,"timestamp":1759787691868,"txPower":203,"uuid":"45:50:53:47:2d:47:54:49:2d:50:52:4f:59:2d:33:41:"}
2025-10-06T21:54:51+00:00 METHOD=POST
2025-10-06T21:54:51+00:00 HEADERS={"User-Agent":"okhttp\/4.12.0","Accept-Encoding":"gzip","Content-Length":"179","Content-Type":"application\/json","X-Api-Key":"YOUR_SECURE_RANDOM_KEY","Host":"wjin.upv.edu.es"}
2025-10-06T21:54:51+00:00 RAW={"mac":"E6:14:89:83:B3:B9","major":2897,"minor":500,"nombre":"GTI-3A","rssi":-60,"timestamp":1759787691998,"txPower":203,"uuid":"45:50:53:47:2d:47:54:49:2d:50:52:4f:59:2d:33:41:"}
2025-10-06T21:54:51+00:00 METHOD=POST
2025-10-06T21:54:51+00:00 HEADERS={"User-Agent":"okhttp\/4.12.0","Accept-Encoding":"gzip","Content-Length":"179","Content-Type":"application\/json","X-Api-Key":"YOUR_SECURE_RANDOM_KEY","Host":"wjin.upv.edu.es"}
2025-10-06T21:54:51+00:00 RAW={"mac":"E6:14:89:83:B3:B9","major":2897,"minor":500,"nombre":"GTI-3A","rssi":-60,"timestamp":1759787692166,"txPower":203,"uuid":"45:50:53:47:2d:47:54:49:2d:50:52:4f:59:2d:33:41:"}
2025-10-06T21:54:51+00:00 METHOD=POST
2025-10-06T21:54:51+00:00 HEADERS={"User-Agent":"okhttp\/4.12.0","Accept-Encoding":"gzip","Content-Length":"179","Content-Type":"application\/json","X-Api-Key":"YOUR_SECURE_RANDOM_KEY","Host":"wjin.upv.edu.es"}
2025-10-06T21:54:51+00:00 RAW={"mac":"E6:14:89:83:B3:B9","major":2897,"minor":500,"nombre":"GTI-3A","rssi":-60,"timestamp":1759787692190,"txPower":203,"uuid":"45:50:53:47:2d:47:54:49:2d:50:52:4f:59:2d:33:41:"}
2025-10-06T21:54:51+00:00 METHOD=POST
2025-10-06T21:54:51+00:00 HEADERS={"User-Agent":"okhttp\/4.12.0","Accept-Encoding":"gzip","Content-Length":"179","Content-Type":"application\/json","X-Api-Key":"YOUR_SECURE_RANDOM_KEY","Host":"wjin.upv.edu.es"}
2025-10-06T21:54:51+00:00 RAW={"mac":"E6:14:89:83:B3:B9","major":2897,"minor":500,"nombre":"GTI-3A","rssi":-59,"timestamp":1759787692266,"txPower":203,"uuid":"45:50:53:47:2d:47:54:49:2d:50:52:4f:59:2d:33:41:"}
2025-10-06T21:54:52+00:00 METHOD=POST
2025-10-06T21:54:52+00:00 HEADERS={"User-Agent":"okhttp\/4.12.0","Accept-Encoding":"gzip","Content-Length":"179","Content-Type":"application\/json","X-Api-Key":"YOUR_SECURE_RANDOM_KEY","Host":"wjin.upv.edu.es"}
2025-10-06T21:54:52+00:00 RAW={"mac":"E6:14:89:83:B3:B9","major":2897,"minor":500,"nombre":"GTI-3A","rssi":-56,"timestamp":1759787692332,"txPower":203,"uuid":"45:50:53:47:2d:47:54:49:2d:50:52:4f:59:2d:33:41:"}
2025-10-06T21:54:52+00:00 METHOD=POST
2025-10-06T21:54:52+00:00 HEADERS={"User-Agent":"okhttp\/4.12.0","Accept-Encoding":"gzip","Content-Length":"179","Content-Type":"application\/json","X-Api-Key":"YOUR_SECURE_RANDOM_KEY","Host":"wjin.upv.edu.es"}
2025-10-06T21:54:52+00:00 RAW={"mac":"E6:14:89:83:B3:B9","major":2897,"minor":500,"nombre":"GTI-3A","rssi":-57,"timestamp":1759787692397,"txPower":203,"uuid":"45:50:53:47:2d:47:54:49:2d:50:52:4f:59:2d:33:41:"}
2025-10-06T21:54:52+00:00 METHOD=POST
2025-10-06T21:54:52+00:00 HEADERS={"User-Agent":"okhttp\/4.12.0","Accept-Encoding":"gzip","Content-Length":"179","Content-Type":"application\/json","X-Api-Key":"YOUR_SECURE_RANDOM_KEY","Host":"wjin.upv.edu.es"}
2025-10-06T21:54:52+00:00 RAW={"mac":"E6:14:89:83:B3:B9","major":2897,"minor":500,"nombre":"GTI-3A","rssi":-60,"timestamp":1759787692470,"txPower":203,"uuid":"45:50:53:47:2d:47:54:49:2d:50:52:4f:59:2d:33:41:"}
2025-10-06T21:54:52+00:00 METHOD=POST
2025-10-06T21:54:52+00:00 HEADERS={"User-Agent":"okhttp\/4.12.0","Accept-Encoding":"gzip","Content-Length":"179","Content-Type":"application\/json","X-Api-Key":"YOUR_SECURE_RANDOM_KEY","Host":"wjin.upv.edu.es"}
2025-10-06T21:54:52+00:00 RAW={"mac":"E6:14:89:83:B3:B9","major":2897,"minor":500,"nombre":"GTI-3A","rssi":-60,"timestamp":1759787692531,"txPower":203,"uuid":"45:50:53:47:2d:47:54:49:2d:50:52:4f:59:2d:33:41:"}
2025-10-06T21:54:57+00:00 METHOD=POST
2025-10-06T21:54:57+00:00 HEADERS={"User-Agent":"okhttp\/4.12.0","Accept-Encoding":"gzip","Content-Length":"179","Content-Type":"application\/json","X-Api-Key":"YOUR_SECURE_RANDOM_KEY","Host":"wjin.upv.edu.es"}
2025-10-06T21:54:57+00:00 RAW={"mac":"E6:14:89:83:B3:B9","major":2898,"minor":500,"nombre":"GTI-3A","rssi":-59,"timestamp":1759787698099,"txPower":203,"uuid":"45:50:53:47:2d:47:54:49:2d:50:52:4f:59:2d:33:41:"}
2025-10-06T21:54:57+00:00 METHOD=POST
2025-10-06T21:54:57+00:00 HEADERS={"User-Agent":"okhttp\/4.12.0","Accept-Encoding":"gzip","Content-Length":"179","Content-Type":"application\/json","X-Api-Key":"YOUR_SECURE_RANDOM_KEY","Host":"wjin.upv.edu.es"}
2025-10-06T21:54:57+00:00 RAW={"mac":"E6:14:89:83:B3:B9","major":2898,"minor":500,"nombre":"GTI-3A","rssi":-59,"timestamp":1759787698138,"txPower":203,"uuid":"45:50:53:47:2d:47:54:49:2d:50:52:4f:59:2d:33:41:"}
2025-10-06T21:54:57+00:00 METHOD=POST
2025-10-06T21:54:57+00:00 HEADERS={"User-Agent":"okhttp\/4.12.0","Accept-Encoding":"gzip","Content-Length":"179","Content-Type":"application\/json","X-Api-Key":"YOUR_SECURE_RANDOM_KEY","Host":"wjin.upv.edu.es"}
2025-10-06T21:54:57+00:00 RAW={"mac":"E6:14:89:83:B3:B9","major":2898,"minor":500,"nombre":"GTI-3A","rssi":-68,"timestamp":1759787698229,"txPower":203,"uuid":"45:50:53:47:2d:47:54:49:2d:50:52:4f:59:2d:33:41:"}
2025-10-06T21:54:57+00:00 METHOD=POST
2025-10-06T21:54:57+00:00 HEADERS={"User-Agent":"okhttp\/4.12.0","Accept-Encoding":"gzip","Content-Length":"179","Content-Type":"application\/json","X-Api-Key":"YOUR_SECURE_RANDOM_KEY","Host":"wjin.upv.edu.es"}
2025-10-06T21:54:57+00:00 RAW={"mac":"E6:14:89:83:B3:B9","major":2898,"minor":500,"nombre":"GTI-3A","rssi":-68,"timestamp":1759787698278,"txPower":203,"uuid":"45:50:53:47:2d:47:54:49:2d:50:52:4f:59:2d:33:41:"}
2025-10-06T21:54:58+00:00 METHOD=POST
2025-10-06T21:54:58+00:00 HEADERS={"User-Agent":"okhttp\/4.12.0","Accept-Encoding":"gzip","Content-Length":"179","Content-Type":"application\/json","X-Api-Key":"YOUR_SECURE_RANDOM_KEY","Host":"wjin.upv.edu.es"}
2025-10-06T21:54:58+00:00 RAW={"mac":"E6:14:89:83:B3:B9","major":2898,"minor":500,"nombre":"GTI-3A","rssi":-60,"timestamp":1759787698346,"txPower":203,"uuid":"45:50:53:47:2d:47:54:49:2d:50:52:4f:59:2d:33:41:"}
2025-10-06T21:54:58+00:00 METHOD=POST
2025-10-06T21:54:58+00:00 HEADERS={"User-Agent":"okhttp\/4.12.0","Accept-Encoding":"gzip","Content-Length":"179","Content-Type":"application\/json","X-Api-Key":"YOUR_SECURE_RANDOM_KEY","Host":"wjin.upv.edu.es"}
2025-10-06T21:54:58+00:00 RAW={"mac":"E6:14:89:83:B3:B9","major":2898,"minor":500,"nombre":"GTI-3A","rssi":-59,"timestamp":1759787698417,"txPower":203,"uuid":"45:50:53:47:2d:47:54:49:2d:50:52:4f:59:2d:33:41:"}
2025-10-06T21:54:58+00:00 METHOD=POST
2025-10-06T21:54:58+00:00 HEADERS={"User-Agent":"okhttp\/4.12.0","Accept-Encoding":"gzip","Content-Length":"179","Content-Type":"application\/json","X-Api-Key":"YOUR_SECURE_RANDOM_KEY","Host":"wjin.upv.edu.es"}
2025-10-06T21:54:58+00:00 RAW={"mac":"E6:14:89:83:B3:B9","major":2898,"minor":500,"nombre":"GTI-3A","rssi":-59,"timestamp":1759787698484,"txPower":203,"uuid":"45:50:53:47:2d:47:54:49:2d:50:52:4f:59:2d:33:41:"}
2025-10-06T21:54:58+00:00 METHOD=POST
2025-10-06T21:54:58+00:00 HEADERS={"User-Agent":"okhttp\/4.12.0","Accept-Encoding":"gzip","Content-Length":"179","Content-Type":"application\/json","X-Api-Key":"YOUR_SECURE_RANDOM_KEY","Host":"wjin.upv.edu.es"}
2025-10-06T21:54:58+00:00 RAW={"mac":"E6:14:89:83:B3:B9","major":2898,"minor":500,"nombre":"GTI-3A","rssi":-67,"timestamp":1759787698552,"txPower":203,"uuid":"45:50:53:47:2d:47:54:49:2d:50:52:4f:59:2d:33:41:"}
2025-10-06T21:54:58+00:00 METHOD=POST
2025-10-06T21:54:58+00:00 HEADERS={"User-Agent":"okhttp\/4.12.0","Accept-Encoding":"gzip","Content-Length":"179","Content-Type":"application\/json","X-Api-Key":"YOUR_SECURE_RANDOM_KEY","Host":"wjin.upv.edu.es"}
2025-10-06T21:54:58+00:00 RAW={"mac":"E6:14:89:83:B3:B9","major":2898,"minor":500,"nombre":"GTI-3A","rssi":-61,"timestamp":1759787698625,"txPower":203,"uuid":"45:50:53:47:2d:47:54:49:2d:50:52:4f:59:2d:33:41:"}
2025-10-06T21:54:58+00:00 METHOD=POST
2025-10-06T21:54:58+00:00 HEADERS={"User-Agent":"okhttp\/4.12.0","Accept-Encoding":"gzip","Content-Length":"179","Content-Type":"application\/json","X-Api-Key":"YOUR_SECURE_RANDOM_KEY","Host":"wjin.upv.edu.es"}
2025-10-06T21:54:58+00:00 RAW={"mac":"E6:14:89:83:B3:B9","major":2898,"minor":500,"nombre":"GTI-3A","rssi":-59,"timestamp":1759787698685,"txPower":203,"uuid":"45:50:53:47:2d:47:54:49:2d:50:52:4f:59:2d:33:41:"}
2025-10-06T21:54:58+00:00 METHOD=POST
2025-10-06T21:54:58+00:00 HEADERS={"User-Agent":"okhttp\/4.12.0","Accept-Encoding":"gzip","Content-Length":"179","Content-Type":"application\/json","X-Api-Key":"YOUR_SECURE_RANDOM_KEY","Host":"wjin.upv.edu.es"}
2025-10-06T21:54:58+00:00 RAW={"mac":"E6:14:89:83:B3:B9","major":2898,"minor":500,"nombre":"GTI-3A","rssi":-59,"timestamp":1759787698752,"txPower":203,"uuid":"45:50:53:47:2d:47:54:49:2d:50:52:4f:59:2d:33:41:"}
2025-10-06T21:54:58+00:00 METHOD=POST
2025-10-06T21:54:58+00:00 HEADERS={"User-Agent":"okhttp\/4.12.0","Accept-Encoding":"gzip","Content-Length":"179","Content-Type":"application\/json","X-Api-Key":"YOUR_SECURE_RANDOM_KEY","Host":"wjin.upv.edu.es"}
2025-10-06T21:54:58+00:00 RAW={"mac":"E6:14:89:83:B3:B9","major":2898,"minor":500,"nombre":"GTI-3A","rssi":-67,"timestamp":1759787698821,"txPower":203,"uuid":"45:50:53:47:2d:47:54:49:2d:50:52:4f:59:2d:33:41:"}
2025-10-06T21:54:58+00:00 METHOD=POST
2025-10-06T21:54:58+00:00 HEADERS={"User-Agent":"okhttp\/4.12.0","Accept-Encoding":"gzip","Content-Length":"179","Content-Type":"application\/json","X-Api-Key":"YOUR_SECURE_RANDOM_KEY","Host":"wjin.upv.edu.es"}
2025-10-06T21:54:58+00:00 RAW={"mac":"E6:14:89:83:B3:B9","major":2898,"minor":500,"nombre":"GTI-3A","rssi":-59,"timestamp":1759787698966,"txPower":203,"uuid":"45:50:53:47:2d:47:54:49:2d:50:52:4f:59:2d:33:41:"}
2025-10-06T21:54:58+00:00 METHOD=POST
2025-10-06T21:54:58+00:00 HEADERS={"User-Agent":"okhttp\/4.12.0","Accept-Encoding":"gzip","Content-Length":"179","Content-Type":"application\/json","X-Api-Key":"YOUR_SECURE_RANDOM_KEY","Host":"wjin.upv.edu.es"}
2025-10-06T21:54:58+00:00 RAW={"mac":"E6:14:89:83:B3:B9","major":2898,"minor":500,"nombre":"GTI-3A","rssi":-59,"timestamp":1759787699026,"txPower":203,"uuid":"45:50:53:47:2d:47:54:49:2d:50:52:4f:59:2d:33:41:"}
2025-10-06T21:55:04+00:00 METHOD=POST
2025-10-06T21:55:04+00:00 HEADERS={"User-Agent":"okhttp\/4.12.0","Accept-Encoding":"gzip","Content-Length":"179","Content-Type":"application\/json","X-Api-Key":"YOUR_SECURE_RANDOM_KEY","Host":"wjin.upv.edu.es"}
2025-10-06T21:55:04+00:00 RAW={"mac":"E6:14:89:83:B3:B9","major":2899,"minor":500,"nombre":"GTI-3A","rssi":-56,"timestamp":1759787704618,"txPower":203,"uuid":"45:50:53:47:2d:47:54:49:2d:50:52:4f:59:2d:33:41:"}
2025-10-06T21:55:04+00:00 METHOD=POST
2025-10-06T21:55:04+00:00 HEADERS={"User-Agent":"okhttp\/4.12.0","Accept-Encoding":"gzip","Content-Length":"179","Content-Type":"application\/json","X-Api-Key":"YOUR_SECURE_RANDOM_KEY","Host":"wjin.upv.edu.es"}
2025-10-06T21:55:04+00:00 RAW={"mac":"E6:14:89:83:B3:B9","major":2899,"minor":500,"nombre":"GTI-3A","rssi":-54,"timestamp":1759787704631,"txPower":203,"uuid":"45:50:53:47:2d:47:54:49:2d:50:52:4f:59:2d:33:41:"}
2025-10-06T21:55:04+00:00 METHOD=POST
2025-10-06T21:55:04+00:00 HEADERS={"User-Agent":"okhttp\/4.12.0","Accept-Encoding":"gzip","Content-Length":"179","Content-Type":"application\/json","X-Api-Key":"YOUR_SECURE_RANDOM_KEY","Host":"wjin.upv.edu.es"}
2025-10-06T21:55:04+00:00 RAW={"mac":"E6:14:89:83:B3:B9","major":2899,"minor":500,"nombre":"GTI-3A","rssi":-56,"timestamp":1759787704771,"txPower":203,"uuid":"45:50:53:47:2d:47:54:49:2d:50:52:4f:59:2d:33:41:"}
2025-10-06T21:55:04+00:00 METHOD=POST
2025-10-06T21:55:04+00:00 HEADERS={"User-Agent":"okhttp\/4.12.0","Accept-Encoding":"gzip","Content-Length":"179","Content-Type":"application\/json","X-Api-Key":"YOUR_SECURE_RANDOM_KEY","Host":"wjin.upv.edu.es"}
2025-10-06T21:55:04+00:00 RAW={"mac":"E6:14:89:83:B3:B9","major":2899,"minor":500,"nombre":"GTI-3A","rssi":-56,"timestamp":1759787704840,"txPower":203,"uuid":"45:50:53:47:2d:47:54:49:2d:50:52:4f:59:2d:33:41:"}
2025-10-06T21:55:04+00:00 METHOD=POST
2025-10-06T21:55:04+00:00 HEADERS={"User-Agent":"okhttp\/4.12.0","Accept-Encoding":"gzip","Content-Length":"179","Content-Type":"application\/json","X-Api-Key":"YOUR_SECURE_RANDOM_KEY","Host":"wjin.upv.edu.es"}
2025-10-06T21:55:04+00:00 RAW={"mac":"E6:14:89:83:B3:B9","major":2899,"minor":500,"nombre":"GTI-3A","rssi":-54,"timestamp":1759787704919,"txPower":203,"uuid":"45:50:53:47:2d:47:54:49:2d:50:52:4f:59:2d:33:41:"}
2025-10-06T21:55:04+00:00 METHOD=POST
2025-10-06T21:55:04+00:00 HEADERS={"User-Agent":"okhttp\/4.12.0","Accept-Encoding":"gzip","Content-Length":"179","Content-Type":"application\/json","X-Api-Key":"YOUR_SECURE_RANDOM_KEY","Host":"wjin.upv.edu.es"}
2025-10-06T21:55:04+00:00 RAW={"mac":"E6:14:89:83:B3:B9","major":2899,"minor":500,"nombre":"GTI-3A","rssi":-54,"timestamp":1759787704979,"txPower":203,"uuid":"45:50:53:47:2d:47:54:49:2d:50:52:4f:59:2d:33:41:"}
2025-10-06T21:55:04+00:00 METHOD=POST
2025-10-06T21:55:04+00:00 HEADERS={"User-Agent":"okhttp\/4.12.0","Accept-Encoding":"gzip","Content-Length":"179","Content-Type":"application\/json","X-Api-Key":"YOUR_SECURE_RANDOM_KEY","Host":"wjin.upv.edu.es"}
2025-10-06T21:55:04+00:00 RAW={"mac":"E6:14:89:83:B3:B9","major":2899,"minor":500,"nombre":"GTI-3A","rssi":-56,"timestamp":1759787705043,"txPower":203,"uuid":"45:50:53:47:2d:47:54:49:2d:50:52:4f:59:2d:33:41:"}
2025-10-06T21:55:04+00:00 METHOD=POST
2025-10-06T21:55:04+00:00 HEADERS={"User-Agent":"okhttp\/4.12.0","Accept-Encoding":"gzip","Content-Length":"179","Content-Type":"application\/json","X-Api-Key":"YOUR_SECURE_RANDOM_KEY","Host":"wjin.upv.edu.es"}
2025-10-06T21:55:04+00:00 RAW={"mac":"E6:14:89:83:B3:B9","major":2899,"minor":500,"nombre":"GTI-3A","rssi":-56,"timestamp":1759787705099,"txPower":203,"uuid":"45:50:53:47:2d:47:54:49:2d:50:52:4f:59:2d:33:41:"}
2025-10-06T21:55:04+00:00 METHOD=POST
2025-10-06T21:55:04+00:00 HEADERS={"User-Agent":"okhttp\/4.12.0","Accept-Encoding":"gzip","Content-Length":"179","Content-Type":"application\/json","X-Api-Key":"YOUR_SECURE_RANDOM_KEY","Host":"wjin.upv.edu.es"}
2025-10-06T21:55:04+00:00 RAW={"mac":"E6:14:89:83:B3:B9","major":2899,"minor":500,"nombre":"GTI-3A","rssi":-56,"timestamp":1759787705172,"txPower":203,"uuid":"45:50:53:47:2d:47:54:49:2d:50:52:4f:59:2d:33:41:"}
2025-10-06T21:55:05+00:00 METHOD=POST
2025-10-06T21:55:05+00:00 HEADERS={"User-Agent":"okhttp\/4.12.0","Accept-Encoding":"gzip","Content-Length":"179","Content-Type":"application\/json","X-Api-Key":"YOUR_SECURE_RANDOM_KEY","Host":"wjin.upv.edu.es"}
2025-10-06T21:55:05+00:00 RAW={"mac":"E6:14:89:83:B3:B9","major":2899,"minor":500,"nombre":"GTI-3A","rssi":-55,"timestamp":1759787705323,"txPower":203,"uuid":"45:50:53:47:2d:47:54:49:2d:50:52:4f:59:2d:33:41:"}
2025-10-06T21:55:05+00:00 METHOD=POST
2025-10-06T21:55:05+00:00 HEADERS={"User-Agent":"okhttp\/4.12.0","Accept-Encoding":"gzip","Content-Length":"179","Content-Type":"application\/json","X-Api-Key":"YOUR_SECURE_RANDOM_KEY","Host":"wjin.upv.edu.es"}
2025-10-06T21:55:05+00:00 RAW={"mac":"E6:14:89:83:B3:B9","major":2899,"minor":500,"nombre":"GTI-3A","rssi":-57,"timestamp":1759787705364,"txPower":203,"uuid":"45:50:53:47:2d:47:54:49:2d:50:52:4f:59:2d:33:41:"}
2025-10-06T21:55:05+00:00 METHOD=POST
2025-10-06T21:55:05+00:00 HEADERS={"User-Agent":"okhttp\/4.12.0","Accept-Encoding":"gzip","Content-Length":"179","Content-Type":"application\/json","X-Api-Key":"YOUR_SECURE_RANDOM_KEY","Host":"wjin.upv.edu.es"}
2025-10-06T21:55:05+00:00 RAW={"mac":"E6:14:89:83:B3:B9","major":2899,"minor":500,"nombre":"GTI-3A","rssi":-58,"timestamp":1759787705443,"txPower":203,"uuid":"45:50:53:47:2d:47:54:49:2d:50:52:4f:59:2d:33:41:"}
2025-10-06T21:55:05+00:00 METHOD=POST
2025-10-06T21:55:05+00:00 HEADERS={"User-Agent":"okhttp\/4.12.0","Accept-Encoding":"gzip","Content-Length":"179","Content-Type":"application\/json","X-Api-Key":"YOUR_SECURE_RANDOM_KEY","Host":"wjin.upv.edu.es"}
2025-10-06T21:55:05+00:00 RAW={"mac":"E6:14:89:83:B3:B9","major":2899,"minor":500,"nombre":"GTI-3A","rssi":-55,"timestamp":1759787705527,"txPower":203,"uuid":"45:50:53:47:2d:47:54:49:2d:50:52:4f:59:2d:33:41:"}
2025-10-06T21:55:10+00:00 METHOD=POST
2025-10-06T21:55:10+00:00 HEADERS={"User-Agent":"okhttp\/4.12.0","Accept-Encoding":"gzip","Content-Length":"179","Content-Type":"application\/json","X-Api-Key":"YOUR_SECURE_RANDOM_KEY","Host":"wjin.upv.edu.es"}
2025-10-06T21:55:10+00:00 RAW={"mac":"E6:14:89:83:B3:B9","major":2900,"minor":500,"nombre":"GTI-3A","rssi":-58,"timestamp":1759787711090,"txPower":203,"uuid":"45:50:53:47:2d:47:54:49:2d:50:52:4f:59:2d:33:41:"}
2025-10-06T21:55:11+00:00 METHOD=POST
2025-10-06T21:55:11+00:00 METHOD=POST
2025-10-06T21:55:11+00:00 METHOD=POST
2025-10-06T21:55:11+00:00 METHOD=POST
2025-10-06T21:55:11+00:00 HEADERS={"User-Agent":"okhttp\/4.12.0","Accept-Encoding":"gzip","Content-Length":"179","Content-Type":"application\/json","X-Api-Key":"YOUR_SECURE_RANDOM_KEY","Host":"wjin.upv.edu.es"}
2025-10-06T21:55:11+00:00 HEADERS={"User-Agent":"okhttp\/4.12.0","Accept-Encoding":"gzip","Content-Length":"179","Content-Type":"application\/json","X-Api-Key":"YOUR_SECURE_RANDOM_KEY","Host":"wjin.upv.edu.es"}
2025-10-06T21:55:11+00:00 HEADERS={"User-Agent":"okhttp\/4.12.0","Accept-Encoding":"gzip","Content-Length":"179","Content-Type":"application\/json","X-Api-Key":"YOUR_SECURE_RANDOM_KEY","Host":"wjin.upv.edu.es"}
2025-10-06T21:55:11+00:00 HEADERS={"User-Agent":"okhttp\/4.12.0","Accept-Encoding":"gzip","Content-Length":"179","Content-Type":"application\/json","X-Api-Key":"YOUR_SECURE_RANDOM_KEY","Host":"wjin.upv.edu.es"}
2025-10-06T21:55:11+00:00 RAW={"mac":"E6:14:89:83:B3:B9","major":2900,"minor":500,"nombre":"GTI-3A","rssi":-55,"timestamp":1759787711287,"txPower":203,"uuid":"45:50:53:47:2d:47:54:49:2d:50:52:4f:59:2d:33:41:"}
2025-10-06T21:55:11+00:00 RAW={"mac":"E6:14:89:83:B3:B9","major":2900,"minor":500,"nombre":"GTI-3A","rssi":-58,"timestamp":1759787711353,"txPower":203,"uuid":"45:50:53:47:2d:47:54:49:2d:50:52:4f:59:2d:33:41:"}
2025-10-06T21:55:11+00:00 RAW={"mac":"E6:14:89:83:B3:B9","major":2900,"minor":500,"nombre":"GTI-3A","rssi":-58,"timestamp":1759787711136,"txPower":203,"uuid":"45:50:53:47:2d:47:54:49:2d:50:52:4f:59:2d:33:41:"}
2025-10-06T21:55:11+00:00 RAW={"mac":"E6:14:89:83:B3:B9","major":2900,"minor":500,"nombre":"GTI-3A","rssi":-55,"timestamp":1759787711214,"txPower":203,"uuid":"45:50:53:47:2d:47:54:49:2d:50:52:4f:59:2d:33:41:"}
2025-10-06T21:55:11+00:00 METHOD=POST
2025-10-06T21:55:11+00:00 HEADERS={"User-Agent":"okhttp\/4.12.0","Accept-Encoding":"gzip","Content-Length":"179","Content-Type":"application\/json","X-Api-Key":"YOUR_SECURE_RANDOM_KEY","Host":"wjin.upv.edu.es"}
2025-10-06T21:55:11+00:00 RAW={"mac":"E6:14:89:83:B3:B9","major":2900,"minor":500,"nombre":"GTI-3A","rssi":-58,"timestamp":1759787711412,"txPower":203,"uuid":"45:50:53:47:2d:47:54:49:2d:50:52:4f:59:2d:33:41:"}
2025-10-06T21:55:11+00:00 METHOD=POST
2025-10-06T21:55:11+00:00 HEADERS={"User-Agent":"okhttp\/4.12.0","Accept-Encoding":"gzip","Content-Length":"179","Content-Type":"application\/json","X-Api-Key":"YOUR_SECURE_RANDOM_KEY","Host":"wjin.upv.edu.es"}
2025-10-06T21:55:11+00:00 RAW={"mac":"E6:14:89:83:B3:B9","major":2900,"minor":500,"nombre":"GTI-3A","rssi":-58,"timestamp":1759787711484,"txPower":203,"uuid":"45:50:53:47:2d:47:54:49:2d:50:52:4f:59:2d:33:41:"}
2025-10-06T21:55:11+00:00 METHOD=POST
2025-10-06T21:55:11+00:00 HEADERS={"User-Agent":"okhttp\/4.12.0","Accept-Encoding":"gzip","Content-Length":"179","Content-Type":"application\/json","X-Api-Key":"YOUR_SECURE_RANDOM_KEY","Host":"wjin.upv.edu.es"}
2025-10-06T21:55:11+00:00 RAW={"mac":"E6:14:89:83:B3:B9","major":2900,"minor":500,"nombre":"GTI-3A","rssi":-55,"timestamp":1759787711547,"txPower":203,"uuid":"45:50:53:47:2d:47:54:49:2d:50:52:4f:59:2d:33:41:"}
2025-10-06T21:55:11+00:00 METHOD=POST
2025-10-06T21:55:11+00:00 HEADERS={"User-Agent":"okhttp\/4.12.0","Accept-Encoding":"gzip","Content-Length":"179","Content-Type":"application\/json","X-Api-Key":"YOUR_SECURE_RANDOM_KEY","Host":"wjin.upv.edu.es"}
2025-10-06T21:55:11+00:00 RAW={"mac":"E6:14:89:83:B3:B9","major":2900,"minor":500,"nombre":"GTI-3A","rssi":-58,"timestamp":1759787711610,"txPower":203,"uuid":"45:50:53:47:2d:47:54:49:2d:50:52:4f:59:2d:33:41:"}
2025-10-06T21:55:11+00:00 METHOD=POST
2025-10-06T21:55:11+00:00 HEADERS={"User-Agent":"okhttp\/4.12.0","Accept-Encoding":"gzip","Content-Length":"179","Content-Type":"application\/json","X-Api-Key":"YOUR_SECURE_RANDOM_KEY","Host":"wjin.upv.edu.es"}
2025-10-06T21:55:11+00:00 RAW={"mac":"E6:14:89:83:B3:B9","major":2900,"minor":500,"nombre":"GTI-3A","rssi":-58,"timestamp":1759787711678,"txPower":203,"uuid":"45:50:53:47:2d:47:54:49:2d:50:52:4f:59:2d:33:41:"}
2025-10-06T21:55:11+00:00 METHOD=POST
2025-10-06T21:55:11+00:00 HEADERS={"User-Agent":"okhttp\/4.12.0","Accept-Encoding":"gzip","Content-Length":"179","Content-Type":"application\/json","X-Api-Key":"YOUR_SECURE_RANDOM_KEY","Host":"wjin.upv.edu.es"}
2025-10-06T21:55:11+00:00 RAW={"mac":"E6:14:89:83:B3:B9","major":2900,"minor":500,"nombre":"GTI-3A","rssi":-61,"timestamp":1759787711752,"txPower":203,"uuid":"45:50:53:47:2d:47:54:49:2d:50:52:4f:59:2d:33:41:"}
2025-10-06T21:55:11+00:00 METHOD=POST
2025-10-06T21:55:11+00:00 HEADERS={"User-Agent":"okhttp\/4.12.0","Accept-Encoding":"gzip","Content-Length":"179","Content-Type":"application\/json","X-Api-Key":"YOUR_SECURE_RANDOM_KEY","Host":"wjin.upv.edu.es"}
2025-10-06T21:55:11+00:00 RAW={"mac":"E6:14:89:83:B3:B9","major":2900,"minor":500,"nombre":"GTI-3A","rssi":-55,"timestamp":1759787711835,"txPower":203,"uuid":"45:50:53:47:2d:47:54:49:2d:50:52:4f:59:2d:33:41:"}
2025-10-06T21:55:11+00:00 METHOD=POST
2025-10-06T21:55:11+00:00 HEADERS={"User-Agent":"okhttp\/4.12.0","Accept-Encoding":"gzip","Content-Length":"179","Content-Type":"application\/json","X-Api-Key":"YOUR_SECURE_RANDOM_KEY","Host":"wjin.upv.edu.es"}
2025-10-06T21:55:11+00:00 RAW={"mac":"E6:14:89:83:B3:B9","major":2900,"minor":500,"nombre":"GTI-3A","rssi":-55,"timestamp":1759787711898,"txPower":203,"uuid":"45:50:53:47:2d:47:54:49:2d:50:52:4f:59:2d:33:41:"}
2025-10-06T21:55:11+00:00 METHOD=POST
2025-10-06T21:55:11+00:00 HEADERS={"User-Agent":"okhttp\/4.12.0","Accept-Encoding":"gzip","Content-Length":"179","Content-Type":"application\/json","X-Api-Key":"YOUR_SECURE_RANDOM_KEY","Host":"wjin.upv.edu.es"}
2025-10-06T21:55:11+00:00 RAW={"mac":"E6:14:89:83:B3:B9","major":2900,"minor":500,"nombre":"GTI-3A","rssi":-57,"timestamp":1759787711963,"txPower":203,"uuid":"45:50:53:47:2d:47:54:49:2d:50:52:4f:59:2d:33:41:"}
2025-10-06T21:55:11+00:00 METHOD=POST
2025-10-06T21:55:11+00:00 HEADERS={"User-Agent":"okhttp\/4.12.0","Accept-Encoding":"gzip","Content-Length":"179","Content-Type":"application\/json","X-Api-Key":"YOUR_SECURE_RANDOM_KEY","Host":"wjin.upv.edu.es"}
2025-10-06T21:55:11+00:00 RAW={"mac":"E6:14:89:83:B3:B9","major":2900,"minor":500,"nombre":"GTI-3A","rssi":-57,"timestamp":1759787712034,"txPower":203,"uuid":"45:50:53:47:2d:47:54:49:2d:50:52:4f:59:2d:33:41:"}
2025-10-06T21:55:17+00:00 METHOD=POST
2025-10-06T21:55:17+00:00 HEADERS={"User-Agent":"okhttp\/4.12.0","Accept-Encoding":"gzip","Content-Length":"179","Content-Type":"application\/json","X-Api-Key":"YOUR_SECURE_RANDOM_KEY","Host":"wjin.upv.edu.es"}
2025-10-06T21:55:17+00:00 RAW={"mac":"E6:14:89:83:B3:B9","major":2901,"minor":500,"nombre":"GTI-3A","rssi":-56,"timestamp":1759787717587,"txPower":203,"uuid":"45:50:53:47:2d:47:54:49:2d:50:52:4f:59:2d:33:41:"}
2025-10-06T21:55:17+00:00 METHOD=POST
2025-10-06T21:55:17+00:00 HEADERS={"User-Agent":"okhttp\/4.12.0","Accept-Encoding":"gzip","Content-Length":"179","Content-Type":"application\/json","X-Api-Key":"YOUR_SECURE_RANDOM_KEY","Host":"wjin.upv.edu.es"}
2025-10-06T21:55:17+00:00 RAW={"mac":"E6:14:89:83:B3:B9","major":2901,"minor":500,"nombre":"GTI-3A","rssi":-58,"timestamp":1759787717635,"txPower":203,"uuid":"45:50:53:47:2d:47:54:49:2d:50:52:4f:59:2d:33:41:"}
2025-10-06T21:55:17+00:00 METHOD=POST
2025-10-06T21:55:17+00:00 HEADERS={"User-Agent":"okhttp\/4.12.0","Accept-Encoding":"gzip","Content-Length":"179","Content-Type":"application\/json","X-Api-Key":"YOUR_SECURE_RANDOM_KEY","Host":"wjin.upv.edu.es"}
2025-10-06T21:55:17+00:00 RAW={"mac":"E6:14:89:83:B3:B9","major":2901,"minor":500,"nombre":"GTI-3A","rssi":-57,"timestamp":1759787717691,"txPower":203,"uuid":"45:50:53:47:2d:47:54:49:2d:50:52:4f:59:2d:33:41:"}
2025-10-06T21:55:17+00:00 METHOD=POST
2025-10-06T21:55:17+00:00 HEADERS={"User-Agent":"okhttp\/4.12.0","Accept-Encoding":"gzip","Content-Length":"179","Content-Type":"application\/json","X-Api-Key":"YOUR_SECURE_RANDOM_KEY","Host":"wjin.upv.edu.es"}
2025-10-06T21:55:17+00:00 RAW={"mac":"E6:14:89:83:B3:B9","major":2901,"minor":500,"nombre":"GTI-3A","rssi":-57,"timestamp":1759787717759,"txPower":203,"uuid":"45:50:53:47:2d:47:54:49:2d:50:52:4f:59:2d:33:41:"}
2025-10-06T21:55:17+00:00 METHOD=POST
2025-10-06T21:55:17+00:00 HEADERS={"User-Agent":"okhttp\/4.12.0","Accept-Encoding":"gzip","Content-Length":"179","Content-Type":"application\/json","X-Api-Key":"YOUR_SECURE_RANDOM_KEY","Host":"wjin.upv.edu.es"}
2025-10-06T21:55:17+00:00 RAW={"mac":"E6:14:89:83:B3:B9","major":2901,"minor":500,"nombre":"GTI-3A","rssi":-55,"timestamp":1759787717839,"txPower":203,"uuid":"45:50:53:47:2d:47:54:49:2d:50:52:4f:59:2d:33:41:"}
2025-10-06T21:55:17+00:00 METHOD=POST
2025-10-06T21:55:17+00:00 HEADERS={"User-Agent":"okhttp\/4.12.0","Accept-Encoding":"gzip","Content-Length":"179","Content-Type":"application\/json","X-Api-Key":"YOUR_SECURE_RANDOM_KEY","Host":"wjin.upv.edu.es"}
2025-10-06T21:55:17+00:00 RAW={"mac":"E6:14:89:83:B3:B9","major":2901,"minor":500,"nombre":"GTI-3A","rssi":-57,"timestamp":1759787718033,"txPower":203,"uuid":"45:50:53:47:2d:47:54:49:2d:50:52:4f:59:2d:33:41:"}
2025-10-06T21:55:17+00:00 METHOD=POST
2025-10-06T21:55:17+00:00 HEADERS={"User-Agent":"okhttp\/4.12.0","Accept-Encoding":"gzip","Content-Length":"179","Content-Type":"application\/json","X-Api-Key":"YOUR_SECURE_RANDOM_KEY","Host":"wjin.upv.edu.es"}
2025-10-06T21:55:17+00:00 RAW={"mac":"E6:14:89:83:B3:B9","major":2901,"minor":500,"nombre":"GTI-3A","rssi":-57,"timestamp":1759787718098,"txPower":203,"uuid":"45:50:53:47:2d:47:54:49:2d:50:52:4f:59:2d:33:41:"}
2025-10-06T21:55:17+00:00 METHOD=POST
2025-10-06T21:55:17+00:00 HEADERS={"User-Agent":"okhttp\/4.12.0","Accept-Encoding":"gzip","Content-Length":"179","Content-Type":"application\/json","X-Api-Key":"YOUR_SECURE_RANDOM_KEY","Host":"wjin.upv.edu.es"}
2025-10-06T21:55:17+00:00 RAW={"mac":"E6:14:89:83:B3:B9","major":2901,"minor":500,"nombre":"GTI-3A","rssi":-54,"timestamp":1759787718182,"txPower":203,"uuid":"45:50:53:47:2d:47:54:49:2d:50:52:4f:59:2d:33:41:"}
2025-10-06T21:55:17+00:00 METHOD=POST
2025-10-06T21:55:17+00:00 HEADERS={"User-Agent":"okhttp\/4.12.0","Accept-Encoding":"gzip","Content-Length":"179","Content-Type":"application\/json","X-Api-Key":"YOUR_SECURE_RANDOM_KEY","Host":"wjin.upv.edu.es"}
2025-10-06T21:55:17+00:00 RAW={"mac":"E6:14:89:83:B3:B9","major":2901,"minor":500,"nombre":"GTI-3A","rssi":-57,"timestamp":1759787718231,"txPower":203,"uuid":"45:50:53:47:2d:47:54:49:2d:50:52:4f:59:2d:33:41:"}
2025-10-06T21:55:18+00:00 METHOD=POST
2025-10-06T21:55:18+00:00 HEADERS={"User-Agent":"okhttp\/4.12.0","Accept-Encoding":"gzip","Content-Length":"179","Content-Type":"application\/json","X-Api-Key":"YOUR_SECURE_RANDOM_KEY","Host":"wjin.upv.edu.es"}
2025-10-06T21:55:18+00:00 RAW={"mac":"E6:14:89:83:B3:B9","major":2901,"minor":500,"nombre":"GTI-3A","rssi":-55,"timestamp":1759787718304,"txPower":203,"uuid":"45:50:53:47:2d:47:54:49:2d:50:52:4f:59:2d:33:41:"}
2025-10-06T21:55:18+00:00 METHOD=POST
2025-10-06T21:55:18+00:00 HEADERS={"User-Agent":"okhttp\/4.12.0","Accept-Encoding":"gzip","Content-Length":"179","Content-Type":"application\/json","X-Api-Key":"YOUR_SECURE_RANDOM_KEY","Host":"wjin.upv.edu.es"}
2025-10-06T21:55:18+00:00 RAW={"mac":"E6:14:89:83:B3:B9","major":2901,"minor":500,"nombre":"GTI-3A","rssi":-56,"timestamp":1759787718386,"txPower":203,"uuid":"45:50:53:47:2d:47:54:49:2d:50:52:4f:59:2d:33:41:"}
2025-10-06T21:55:18+00:00 METHOD=POST
2025-10-06T21:55:18+00:00 HEADERS={"User-Agent":"okhttp\/4.12.0","Accept-Encoding":"gzip","Content-Length":"179","Content-Type":"application\/json","X-Api-Key":"YOUR_SECURE_RANDOM_KEY","Host":"wjin.upv.edu.es"}
2025-10-06T21:55:18+00:00 RAW={"mac":"E6:14:89:83:B3:B9","major":2901,"minor":500,"nombre":"GTI-3A","rssi":-54,"timestamp":1759787718452,"txPower":203,"uuid":"45:50:53:47:2d:47:54:49:2d:50:52:4f:59:2d:33:41:"}
2025-10-06T21:55:18+00:00 METHOD=POST
2025-10-06T21:55:18+00:00 HEADERS={"User-Agent":"okhttp\/4.12.0","Accept-Encoding":"gzip","Content-Length":"179","Content-Type":"application\/json","X-Api-Key":"YOUR_SECURE_RANDOM_KEY","Host":"wjin.upv.edu.es"}
2025-10-06T21:55:18+00:00 RAW={"mac":"E6:14:89:83:B3:B9","major":2901,"minor":500,"nombre":"GTI-3A","rssi":-57,"timestamp":1759787718517,"txPower":203,"uuid":"45:50:53:47:2d:47:54:49:2d:50:52:4f:59:2d:33:41:"}
2025-10-06T21:55:23+00:00 METHOD=POST
2025-10-06T21:55:23+00:00 HEADERS={"User-Agent":"okhttp\/4.12.0","Accept-Encoding":"gzip","Content-Length":"179","Content-Type":"application\/json","X-Api-Key":"YOUR_SECURE_RANDOM_KEY","Host":"wjin.upv.edu.es"}
2025-10-06T21:55:23+00:00 RAW={"mac":"E6:14:89:83:B3:B9","major":2902,"minor":500,"nombre":"GTI-3A","rssi":-58,"timestamp":1759787724072,"txPower":203,"uuid":"45:50:53:47:2d:47:54:49:2d:50:52:4f:59:2d:33:41:"}
2025-10-06T21:55:23+00:00 METHOD=POST
2025-10-06T21:55:23+00:00 HEADERS={"User-Agent":"okhttp\/4.12.0","Accept-Encoding":"gzip","Content-Length":"179","Content-Type":"application\/json","X-Api-Key":"YOUR_SECURE_RANDOM_KEY","Host":"wjin.upv.edu.es"}
2025-10-06T21:55:23+00:00 RAW={"mac":"E6:14:89:83:B3:B9","major":2902,"minor":500,"nombre":"GTI-3A","rssi":-55,"timestamp":1759787724133,"txPower":203,"uuid":"45:50:53:47:2d:47:54:49:2d:50:52:4f:59:2d:33:41:"}
2025-10-06T21:55:23+00:00 METHOD=POST
2025-10-06T21:55:23+00:00 HEADERS={"User-Agent":"okhttp\/4.12.0","Accept-Encoding":"gzip","Content-Length":"179","Content-Type":"application\/json","X-Api-Key":"YOUR_SECURE_RANDOM_KEY","Host":"wjin.upv.edu.es"}
2025-10-06T21:55:23+00:00 RAW={"mac":"E6:14:89:83:B3:B9","major":2902,"minor":500,"nombre":"GTI-3A","rssi":-55,"timestamp":1759787724210,"txPower":203,"uuid":"45:50:53:47:2d:47:54:49:2d:50:52:4f:59:2d:33:41:"}
2025-10-06T21:55:24+00:00 METHOD=POST
2025-10-06T21:55:24+00:00 HEADERS={"User-Agent":"okhttp\/4.12.0","Accept-Encoding":"gzip","Content-Length":"179","Content-Type":"application\/json","X-Api-Key":"YOUR_SECURE_RANDOM_KEY","Host":"wjin.upv.edu.es"}
2025-10-06T21:55:24+00:00 RAW={"mac":"E6:14:89:83:B3:B9","major":2902,"minor":500,"nombre":"GTI-3A","rssi":-58,"timestamp":1759787724341,"txPower":203,"uuid":"45:50:53:47:2d:47:54:49:2d:50:52:4f:59:2d:33:41:"}
2025-10-06T21:55:24+00:00 METHOD=POST
2025-10-06T21:55:24+00:00 HEADERS={"User-Agent":"okhttp\/4.12.0","Accept-Encoding":"gzip","Content-Length":"179","Content-Type":"application\/json","X-Api-Key":"YOUR_SECURE_RANDOM_KEY","Host":"wjin.upv.edu.es"}
2025-10-06T21:55:24+00:00 RAW={"mac":"E6:14:89:83:B3:B9","major":2902,"minor":500,"nombre":"GTI-3A","rssi":-55,"timestamp":1759787724422,"txPower":203,"uuid":"45:50:53:47:2d:47:54:49:2d:50:52:4f:59:2d:33:41:"}
2025-10-06T21:55:24+00:00 METHOD=POST
2025-10-06T21:55:24+00:00 HEADERS={"User-Agent":"okhttp\/4.12.0","Accept-Encoding":"gzip","Content-Length":"179","Content-Type":"application\/json","X-Api-Key":"YOUR_SECURE_RANDOM_KEY","Host":"wjin.upv.edu.es"}
2025-10-06T21:55:24+00:00 RAW={"mac":"E6:14:89:83:B3:B9","major":2902,"minor":500,"nombre":"GTI-3A","rssi":-55,"timestamp":1759787724468,"txPower":203,"uuid":"45:50:53:47:2d:47:54:49:2d:50:52:4f:59:2d:33:41:"}
2025-10-06T21:55:24+00:00 METHOD=POST
2025-10-06T21:55:24+00:00 HEADERS={"User-Agent":"okhttp\/4.12.0","Accept-Encoding":"gzip","Content-Length":"179","Content-Type":"application\/json","X-Api-Key":"YOUR_SECURE_RANDOM_KEY","Host":"wjin.upv.edu.es"}
2025-10-06T21:55:24+00:00 RAW={"mac":"E6:14:89:83:B3:B9","major":2902,"minor":500,"nombre":"GTI-3A","rssi":-58,"timestamp":1759787724541,"txPower":203,"uuid":"45:50:53:47:2d:47:54:49:2d:50:52:4f:59:2d:33:41:"}
2025-10-06T21:55:24+00:00 METHOD=POST
2025-10-06T21:55:24+00:00 HEADERS={"User-Agent":"okhttp\/4.12.0","Accept-Encoding":"gzip","Content-Length":"179","Content-Type":"application\/json","X-Api-Key":"YOUR_SECURE_RANDOM_KEY","Host":"wjin.upv.edu.es"}
2025-10-06T21:55:24+00:00 RAW={"mac":"E6:14:89:83:B3:B9","major":2902,"minor":500,"nombre":"GTI-3A","rssi":-58,"timestamp":1759787724594,"txPower":203,"uuid":"45:50:53:47:2d:47:54:49:2d:50:52:4f:59:2d:33:41:"}
2025-10-06T21:55:24+00:00 METHOD=POST
2025-10-06T21:55:24+00:00 HEADERS={"User-Agent":"okhttp\/4.12.0","Accept-Encoding":"gzip","Content-Length":"179","Content-Type":"application\/json","X-Api-Key":"YOUR_SECURE_RANDOM_KEY","Host":"wjin.upv.edu.es"}
2025-10-06T21:55:24+00:00 RAW={"mac":"E6:14:89:83:B3:B9","major":2902,"minor":500,"nombre":"GTI-3A","rssi":-58,"timestamp":1759787724670,"txPower":203,"uuid":"45:50:53:47:2d:47:54:49:2d:50:52:4f:59:2d:33:41:"}
2025-10-06T21:55:24+00:00 METHOD=POST
2025-10-06T21:55:24+00:00 HEADERS={"User-Agent":"okhttp\/4.12.0","Accept-Encoding":"gzip","Content-Length":"179","Content-Type":"application\/json","X-Api-Key":"YOUR_SECURE_RANDOM_KEY","Host":"wjin.upv.edu.es"}
2025-10-06T21:55:24+00:00 RAW={"mac":"E6:14:89:83:B3:B9","major":2902,"minor":500,"nombre":"GTI-3A","rssi":-55,"timestamp":1759787724743,"txPower":203,"uuid":"45:50:53:47:2d:47:54:49:2d:50:52:4f:59:2d:33:41:"}
2025-10-06T21:55:24+00:00 METHOD=POST
2025-10-06T21:55:24+00:00 HEADERS={"User-Agent":"okhttp\/4.12.0","Accept-Encoding":"gzip","Content-Length":"179","Content-Type":"application\/json","X-Api-Key":"YOUR_SECURE_RANDOM_KEY","Host":"wjin.upv.edu.es"}
2025-10-06T21:55:24+00:00 RAW={"mac":"E6:14:89:83:B3:B9","major":2902,"minor":500,"nombre":"GTI-3A","rssi":-58,"timestamp":1759787724813,"txPower":203,"uuid":"45:50:53:47:2d:47:54:49:2d:50:52:4f:59:2d:33:41:"}
2025-10-06T21:55:24+00:00 METHOD=POST
2025-10-06T21:55:24+00:00 HEADERS={"User-Agent":"okhttp\/4.12.0","Accept-Encoding":"gzip","Content-Length":"179","Content-Type":"application\/json","X-Api-Key":"YOUR_SECURE_RANDOM_KEY","Host":"wjin.upv.edu.es"}
2025-10-06T21:55:24+00:00 RAW={"mac":"E6:14:89:83:B3:B9","major":2902,"minor":500,"nombre":"GTI-3A","rssi":-58,"timestamp":1759787724884,"txPower":203,"uuid":"45:50:53:47:2d:47:54:49:2d:50:52:4f:59:2d:33:41:"}
2025-10-06T21:55:24+00:00 METHOD=POST
2025-10-06T21:55:24+00:00 HEADERS={"User-Agent":"okhttp\/4.12.0","Accept-Encoding":"gzip","Content-Length":"179","Content-Type":"application\/json","X-Api-Key":"YOUR_SECURE_RANDOM_KEY","Host":"wjin.upv.edu.es"}
2025-10-06T21:55:24+00:00 RAW={"mac":"E6:14:89:83:B3:B9","major":2902,"minor":500,"nombre":"GTI-3A","rssi":-58,"timestamp":1759787724948,"txPower":203,"uuid":"45:50:53:47:2d:47:54:49:2d:50:52:4f:59:2d:33:41:"}
2025-10-06T21:55:24+00:00 METHOD=POST
2025-10-06T21:55:24+00:00 HEADERS={"User-Agent":"okhttp\/4.12.0","Accept-Encoding":"gzip","Content-Length":"179","Content-Type":"application\/json","X-Api-Key":"YOUR_SECURE_RANDOM_KEY","Host":"wjin.upv.edu.es"}
2025-10-06T21:55:24+00:00 RAW={"mac":"E6:14:89:83:B3:B9","major":2902,"minor":500,"nombre":"GTI-3A","rssi":-56,"timestamp":1759787725011,"txPower":203,"uuid":"45:50:53:47:2d:47:54:49:2d:50:52:4f:59:2d:33:41:"}
2025-10-06T21:55:30+00:00 METHOD=POST
2025-10-06T21:55:30+00:00 HEADERS={"User-Agent":"okhttp\/4.12.0","Accept-Encoding":"gzip","Content-Length":"179","Content-Type":"application\/json","X-Api-Key":"YOUR_SECURE_RANDOM_KEY","Host":"wjin.upv.edu.es"}
2025-10-06T21:55:30+00:00 RAW={"mac":"E6:14:89:83:B3:B9","major":2903,"minor":500,"nombre":"GTI-3A","rssi":-60,"timestamp":1759787730984,"txPower":203,"uuid":"45:50:53:47:2d:47:54:49:2d:50:52:4f:59:2d:33:41:"}
2025-10-06T21:55:37+00:00 METHOD=POST
2025-10-06T21:55:37+00:00 HEADERS={"User-Agent":"okhttp\/4.12.0","Accept-Encoding":"gzip","Content-Length":"179","Content-Type":"application\/json","X-Api-Key":"YOUR_SECURE_RANDOM_KEY","Host":"wjin.upv.edu.es"}
2025-10-06T21:55:37+00:00 RAW={"mac":"E6:14:89:83:B3:B9","major":2904,"minor":500,"nombre":"GTI-3A","rssi":-62,"timestamp":1759787737612,"txPower":203,"uuid":"45:50:53:47:2d:47:54:49:2d:50:52:4f:59:2d:33:41:"}
2025-10-06T21:55:49+00:00 METHOD=POST
2025-10-06T21:55:49+00:00 HEADERS={"User-Agent":"okhttp\/4.12.0","Accept-Encoding":"gzip","Content-Length":"179","Content-Type":"application\/json","X-Api-Key":"YOUR_SECURE_RANDOM_KEY","Host":"wjin.upv.edu.es"}
2025-10-06T21:55:49+00:00 RAW={"mac":"E6:14:89:83:B3:B9","major":2906,"minor":500,"nombre":"GTI-3A","rssi":-60,"timestamp":1759787750135,"txPower":203,"uuid":"45:50:53:47:2d:47:54:49:2d:50:52:4f:59:2d:33:41:"}
2025-10-06T21:55:50+00:00 METHOD=POST
2025-10-06T21:55:50+00:00 HEADERS={"User-Agent":"okhttp\/4.12.0","Accept-Encoding":"gzip","Content-Length":"179","Content-Type":"application\/json","X-Api-Key":"YOUR_SECURE_RANDOM_KEY","Host":"wjin.upv.edu.es"}
2025-10-06T21:55:50+00:00 RAW={"mac":"E6:14:89:83:B3:B9","major":2906,"minor":500,"nombre":"GTI-3A","rssi":-59,"timestamp":1759787750870,"txPower":203,"uuid":"45:50:53:47:2d:47:54:49:2d:50:52:4f:59:2d:33:41:"}
2025-10-06T21:55:56+00:00 METHOD=POST
2025-10-06T21:55:56+00:00 HEADERS={"User-Agent":"okhttp\/4.12.0","Accept-Encoding":"gzip","Content-Length":"179","Content-Type":"application\/json","X-Api-Key":"YOUR_SECURE_RANDOM_KEY","Host":"wjin.upv.edu.es"}
2025-10-06T21:55:56+00:00 RAW={"mac":"E6:14:89:83:B3:B9","major":2907,"minor":500,"nombre":"GTI-3A","rssi":-61,"timestamp":1759787756880,"txPower":203,"uuid":"45:50:53:47:2d:47:54:49:2d:50:52:4f:59:2d:33:41:"}
2025-10-06T21:56:03+00:00 METHOD=POST
2025-10-06T21:56:03+00:00 HEADERS={"User-Agent":"okhttp\/4.12.0","Accept-Encoding":"gzip","Content-Length":"179","Content-Type":"application\/json","X-Api-Key":"YOUR_SECURE_RANDOM_KEY","Host":"wjin.upv.edu.es"}
2025-10-06T21:56:03+00:00 RAW={"mac":"E6:14:89:83:B3:B9","major":2908,"minor":500,"nombre":"GTI-3A","rssi":-58,"timestamp":1759787763439,"txPower":203,"uuid":"45:50:53:47:2d:47:54:49:2d:50:52:4f:59:2d:33:41:"}
2025-10-06T21:56:03+00:00 METHOD=POST
2025-10-06T21:56:03+00:00 HEADERS={"User-Agent":"okhttp\/4.12.0","Accept-Encoding":"gzip","Content-Length":"179","Content-Type":"application\/json","X-Api-Key":"YOUR_SECURE_RANDOM_KEY","Host":"wjin.upv.edu.es"}
2025-10-06T21:56:03+00:00 RAW={"mac":"E6:14:89:83:B3:B9","major":2908,"minor":500,"nombre":"GTI-3A","rssi":-57,"timestamp":1759787764004,"txPower":203,"uuid":"45:50:53:47:2d:47:54:49:2d:50:52:4f:59:2d:33:41:"}
2025-10-06T21:56:09+00:00 METHOD=POST
2025-10-06T21:56:09+00:00 HEADERS={"User-Agent":"okhttp\/4.12.0","Accept-Encoding":"gzip","Content-Length":"179","Content-Type":"application\/json","X-Api-Key":"YOUR_SECURE_RANDOM_KEY","Host":"wjin.upv.edu.es"}
2025-10-06T21:56:09+00:00 RAW={"mac":"E6:14:89:83:B3:B9","major":2909,"minor":500,"nombre":"GTI-3A","rssi":-58,"timestamp":1759787769974,"txPower":203,"uuid":"45:50:53:47:2d:47:54:49:2d:50:52:4f:59:2d:33:41:"}
2025-10-06T21:56:16+00:00 METHOD=POST
2025-10-06T21:56:16+00:00 HEADERS={"User-Agent":"okhttp\/4.12.0","Accept-Encoding":"gzip","Content-Length":"179","Content-Type":"application\/json","X-Api-Key":"YOUR_SECURE_RANDOM_KEY","Host":"wjin.upv.edu.es"}
2025-10-06T21:56:16+00:00 RAW={"mac":"E6:14:89:83:B3:B9","major":2910,"minor":500,"nombre":"GTI-3A","rssi":-59,"timestamp":1759787776534,"txPower":203,"uuid":"45:50:53:47:2d:47:54:49:2d:50:52:4f:59:2d:33:41:"}
2025-10-06T21:56:22+00:00 METHOD=POST
2025-10-06T21:56:22+00:00 HEADERS={"User-Agent":"okhttp\/4.12.0","Accept-Encoding":"gzip","Content-Length":"179","Content-Type":"application\/json","X-Api-Key":"YOUR_SECURE_RANDOM_KEY","Host":"wjin.upv.edu.es"}
2025-10-06T21:56:22+00:00 RAW={"mac":"E6:14:89:83:B3:B9","major":2911,"minor":500,"nombre":"GTI-3A","rssi":-59,"timestamp":1759787782547,"txPower":203,"uuid":"45:50:53:47:2d:47:54:49:2d:50:52:4f:59:2d:33:41:"}
2025-10-06T21:56:22+00:00 METHOD=POST
2025-10-06T21:56:22+00:00 HEADERS={"User-Agent":"okhttp\/4.12.0","Accept-Encoding":"gzip","Content-Length":"179","Content-Type":"application\/json","X-Api-Key":"YOUR_SECURE_RANDOM_KEY","Host":"wjin.upv.edu.es"}
2025-10-06T21:56:22+00:00 RAW={"mac":"E6:14:89:83:B3:B9","major":2911,"minor":500,"nombre":"GTI-3A","rssi":-57,"timestamp":1759787783168,"txPower":203,"uuid":"45:50:53:47:2d:47:54:49:2d:50:52:4f:59:2d:33:41:"}
2025-10-06T21:56:29+00:00 METHOD=POST
2025-10-06T21:56:29+00:00 HEADERS={"User-Agent":"okhttp\/4.12.0","Accept-Encoding":"gzip","Content-Length":"179","Content-Type":"application\/json","X-Api-Key":"YOUR_SECURE_RANDOM_KEY","Host":"wjin.upv.edu.es"}
2025-10-06T21:56:29+00:00 RAW={"mac":"E6:14:89:83:B3:B9","major":2912,"minor":500,"nombre":"GTI-3A","rssi":-63,"timestamp":1759787789725,"txPower":203,"uuid":"45:50:53:47:2d:47:54:49:2d:50:52:4f:59:2d:33:41:"}
2025-10-06T21:56:35+00:00 METHOD=POST
2025-10-06T21:56:35+00:00 HEADERS={"User-Agent":"okhttp\/4.12.0","Accept-Encoding":"gzip","Content-Length":"179","Content-Type":"application\/json","X-Api-Key":"YOUR_SECURE_RANDOM_KEY","Host":"wjin.upv.edu.es"}
2025-10-06T21:56:35+00:00 RAW={"mac":"E6:14:89:83:B3:B9","major":2913,"minor":500,"nombre":"GTI-3A","rssi":-57,"timestamp":1759787795684,"txPower":203,"uuid":"45:50:53:47:2d:47:54:49:2d:50:52:4f:59:2d:33:41:"}
2025-10-06T21:56:36+00:00 METHOD=POST
2025-10-06T21:56:36+00:00 HEADERS={"User-Agent":"okhttp\/4.12.0","Accept-Encoding":"gzip","Content-Length":"179","Content-Type":"application\/json","X-Api-Key":"YOUR_SECURE_RANDOM_KEY","Host":"wjin.upv.edu.es"}
2025-10-06T21:56:36+00:00 RAW={"mac":"E6:14:89:83:B3:B9","major":2913,"minor":500,"nombre":"GTI-3A","rssi":-59,"timestamp":1759787796382,"txPower":203,"uuid":"45:50:53:47:2d:47:54:49:2d:50:52:4f:59:2d:33:41:"}
2025-10-06T21:56:42+00:00 METHOD=POST
2025-10-06T21:56:42+00:00 HEADERS={"User-Agent":"okhttp\/4.12.0","Accept-Encoding":"gzip","Content-Length":"179","Content-Type":"application\/json","X-Api-Key":"YOUR_SECURE_RANDOM_KEY","Host":"wjin.upv.edu.es"}
2025-10-06T21:56:42+00:00 RAW={"mac":"E6:14:89:83:B3:B9","major":2914,"minor":500,"nombre":"GTI-3A","rssi":-59,"timestamp":1759787802307,"txPower":203,"uuid":"45:50:53:47:2d:47:54:49:2d:50:52:4f:59:2d:33:41:"}
2025-10-06T21:56:42+00:00 METHOD=POST
2025-10-06T21:56:42+00:00 HEADERS={"User-Agent":"okhttp\/4.12.0","Accept-Encoding":"gzip","Content-Length":"179","Content-Type":"application\/json","X-Api-Key":"YOUR_SECURE_RANDOM_KEY","Host":"wjin.upv.edu.es"}
2025-10-06T21:56:42+00:00 RAW={"mac":"E6:14:89:83:B3:B9","major":2914,"minor":500,"nombre":"GTI-3A","rssi":-58,"timestamp":1759787802978,"txPower":203,"uuid":"45:50:53:47:2d:47:54:49:2d:50:52:4f:59:2d:33:41:"}
2025-10-06T21:56:48+00:00 METHOD=POST
2025-10-06T21:56:48+00:00 HEADERS={"User-Agent":"okhttp\/4.12.0","Accept-Encoding":"gzip","Content-Length":"179","Content-Type":"application\/json","X-Api-Key":"YOUR_SECURE_RANDOM_KEY","Host":"wjin.upv.edu.es"}
2025-10-06T21:56:48+00:00 RAW={"mac":"E6:14:89:83:B3:B9","major":2915,"minor":500,"nombre":"GTI-3A","rssi":-59,"timestamp":1759787808900,"txPower":203,"uuid":"45:50:53:47:2d:47:54:49:2d:50:52:4f:59:2d:33:41:"}
2025-10-06T21:56:55+00:00 METHOD=POST
2025-10-06T21:56:55+00:00 HEADERS={"User-Agent":"okhttp\/4.12.0","Accept-Encoding":"gzip","Content-Length":"179","Content-Type":"application\/json","X-Api-Key":"YOUR_SECURE_RANDOM_KEY","Host":"wjin.upv.edu.es"}
2025-10-06T21:56:55+00:00 RAW={"mac":"E6:14:89:83:B3:B9","major":2916,"minor":500,"nombre":"GTI-3A","rssi":-58,"timestamp":1759787815516,"txPower":203,"uuid":"45:50:53:47:2d:47:54:49:2d:50:52:4f:59:2d:33:41:"}
2025-10-06T21:57:01+00:00 METHOD=POST
2025-10-06T21:57:01+00:00 HEADERS={"User-Agent":"okhttp\/4.12.0","Accept-Encoding":"gzip","Content-Length":"179","Content-Type":"application\/json","X-Api-Key":"YOUR_SECURE_RANDOM_KEY","Host":"wjin.upv.edu.es"}
2025-10-06T21:57:01+00:00 RAW={"mac":"E6:14:89:83:B3:B9","major":2917,"minor":500,"nombre":"GTI-3A","rssi":-57,"timestamp":1759787822143,"txPower":203,"uuid":"45:50:53:47:2d:47:54:49:2d:50:52:4f:59:2d:33:41:"}
2025-10-06T21:57:07+00:00 METHOD=POST
2025-10-06T21:57:07+00:00 HEADERS={"User-Agent":"okhttp\/4.12.0","Accept-Encoding":"gzip","Content-Length":"179","Content-Type":"application\/json","X-Api-Key":"YOUR_SECURE_RANDOM_KEY","Host":"wjin.upv.edu.es"}
2025-10-06T21:57:07+00:00 RAW={"mac":"E6:14:89:83:B3:B9","major":2918,"minor":500,"nombre":"GTI-3A","rssi":-57,"timestamp":1759787828032,"txPower":203,"uuid":"45:50:53:47:2d:47:54:49:2d:50:52:4f:59:2d:33:41:"}
2025-10-06T21:57:08+00:00 METHOD=POST
2025-10-06T21:57:08+00:00 HEADERS={"User-Agent":"okhttp\/4.12.0","Accept-Encoding":"gzip","Content-Length":"179","Content-Type":"application\/json","X-Api-Key":"YOUR_SECURE_RANDOM_KEY","Host":"wjin.upv.edu.es"}
2025-10-06T21:57:08+00:00 RAW={"mac":"E6:14:89:83:B3:B9","major":2918,"minor":500,"nombre":"GTI-3A","rssi":-61,"timestamp":1759787828774,"txPower":203,"uuid":"45:50:53:47:2d:47:54:49:2d:50:52:4f:59:2d:33:41:"}
2025-10-06T22:01:09+00:00 METHOD=POST
2025-10-06T22:01:09+00:00 HEADERS={"User-Agent":"okhttp\/4.12.0","Accept-Encoding":"gzip","Content-Length":"179","Content-Type":"application\/json","X-Api-Key":"YOUR_SECURE_RANDOM_KEY","Host":"wjin.upv.edu.es"}
2025-10-06T22:01:09+00:00 RAW={"mac":"E6:14:89:83:B3:B9","major":2955,"minor":500,"nombre":"GTI-3A","rssi":-56,"timestamp":1759788068538,"txPower":203,"uuid":"45:50:53:47:2d:47:54:49:2d:50:52:4f:59:2d:33:41:"}
2025-10-06T22:01:09+00:00 METHOD=POST
2025-10-06T22:01:09+00:00 HEADERS={"User-Agent":"okhttp\/4.12.0","Accept-Encoding":"gzip","Content-Length":"179","Content-Type":"application\/json","X-Api-Key":"YOUR_SECURE_RANDOM_KEY","Host":"wjin.upv.edu.es"}
2025-10-06T22:01:09+00:00 RAW={"mac":"E6:14:89:83:B3:B9","major":2955,"minor":500,"nombre":"GTI-3A","rssi":-56,"timestamp":1759788068557,"txPower":203,"uuid":"45:50:53:47:2d:47:54:49:2d:50:52:4f:59:2d:33:41:"}
2025-10-06T22:01:09+00:00 METHOD=POST
2025-10-06T22:01:09+00:00 HEADERS={"User-Agent":"okhttp\/4.12.0","Accept-Encoding":"gzip","Content-Length":"179","Content-Type":"application\/json","X-Api-Key":"YOUR_SECURE_RANDOM_KEY","Host":"wjin.upv.edu.es"}
2025-10-06T22:01:09+00:00 RAW={"mac":"E6:14:89:83:B3:B9","major":2955,"minor":500,"nombre":"GTI-3A","rssi":-54,"timestamp":1759788068599,"txPower":203,"uuid":"45:50:53:47:2d:47:54:49:2d:50:52:4f:59:2d:33:41:"}
2025-10-06T22:01:09+00:00 METHOD=POST
2025-10-06T22:01:09+00:00 HEADERS={"User-Agent":"okhttp\/4.12.0","Accept-Encoding":"gzip","Content-Length":"179","Content-Type":"application\/json","X-Api-Key":"YOUR_SECURE_RANDOM_KEY","Host":"wjin.upv.edu.es"}
2025-10-06T22:01:09+00:00 RAW={"mac":"E6:14:89:83:B3:B9","major":2955,"minor":500,"nombre":"GTI-3A","rssi":-54,"timestamp":1759788068612,"txPower":203,"uuid":"45:50:53:47:2d:47:54:49:2d:50:52:4f:59:2d:33:41:"}
2025-10-06T22:01:09+00:00 METHOD=POST
2025-10-06T22:01:09+00:00 HEADERS={"User-Agent":"okhttp\/4.12.0","Accept-Encoding":"gzip","Content-Length":"179","Content-Type":"application\/json","X-Api-Key":"YOUR_SECURE_RANDOM_KEY","Host":"wjin.upv.edu.es"}
2025-10-06T22:01:09+00:00 RAW={"mac":"E6:14:89:83:B3:B9","major":2955,"minor":500,"nombre":"GTI-3A","rssi":-57,"timestamp":1759788068676,"txPower":203,"uuid":"45:50:53:47:2d:47:54:49:2d:50:52:4f:59:2d:33:41:"}
2025-10-06T22:01:09+00:00 METHOD=POST
2025-10-06T22:01:09+00:00 HEADERS={"User-Agent":"okhttp\/4.12.0","Accept-Encoding":"gzip","Content-Length":"179","Content-Type":"application\/json","X-Api-Key":"YOUR_SECURE_RANDOM_KEY","Host":"wjin.upv.edu.es"}
2025-10-06T22:01:09+00:00 RAW={"mac":"E6:14:89:83:B3:B9","major":2955,"minor":500,"nombre":"GTI-3A","rssi":-57,"timestamp":1759788068691,"txPower":203,"uuid":"45:50:53:47:2d:47:54:49:2d:50:52:4f:59:2d:33:41:"}
2025-10-06T22:01:09+00:00 METHOD=POST
2025-10-06T22:01:09+00:00 HEADERS={"User-Agent":"okhttp\/4.12.0","Accept-Encoding":"gzip","Content-Length":"179","Content-Type":"application\/json","X-Api-Key":"YOUR_SECURE_RANDOM_KEY","Host":"wjin.upv.edu.es"}
2025-10-06T22:01:09+00:00 RAW={"mac":"E6:14:89:83:B3:B9","major":2955,"minor":500,"nombre":"GTI-3A","rssi":-57,"timestamp":1759788068737,"txPower":203,"uuid":"45:50:53:47:2d:47:54:49:2d:50:52:4f:59:2d:33:41:"}
2025-10-06T22:01:09+00:00 METHOD=POST
2025-10-06T22:01:09+00:00 HEADERS={"User-Agent":"okhttp\/4.12.0","Accept-Encoding":"gzip","Content-Length":"179","Content-Type":"application\/json","X-Api-Key":"YOUR_SECURE_RANDOM_KEY","Host":"wjin.upv.edu.es"}
2025-10-06T22:01:09+00:00 RAW={"mac":"E6:14:89:83:B3:B9","major":2955,"minor":500,"nombre":"GTI-3A","rssi":-57,"timestamp":1759788068752,"txPower":203,"uuid":"45:50:53:47:2d:47:54:49:2d:50:52:4f:59:2d:33:41:"}
2025-10-06T22:01:09+00:00 METHOD=POST
2025-10-06T22:01:09+00:00 HEADERS={"User-Agent":"okhttp\/4.12.0","Accept-Encoding":"gzip","Content-Length":"179","Content-Type":"application\/json","X-Api-Key":"YOUR_SECURE_RANDOM_KEY","Host":"wjin.upv.edu.es"}
2025-10-06T22:01:09+00:00 RAW={"mac":"E6:14:89:83:B3:B9","major":2955,"minor":500,"nombre":"GTI-3A","rssi":-56,"timestamp":1759788068796,"txPower":203,"uuid":"45:50:53:47:2d:47:54:49:2d:50:52:4f:59:2d:33:41:"}
2025-10-06T22:01:09+00:00 METHOD=POST
2025-10-06T22:01:09+00:00 HEADERS={"User-Agent":"okhttp\/4.12.0","Accept-Encoding":"gzip","Content-Length":"179","Content-Type":"application\/json","X-Api-Key":"YOUR_SECURE_RANDOM_KEY","Host":"wjin.upv.edu.es"}
2025-10-06T22:01:09+00:00 RAW={"mac":"E6:14:89:83:B3:B9","major":2955,"minor":500,"nombre":"GTI-3A","rssi":-56,"timestamp":1759788068809,"txPower":203,"uuid":"45:50:53:47:2d:47:54:49:2d:50:52:4f:59:2d:33:41:"}
2025-10-06T22:01:09+00:00 METHOD=POST
2025-10-06T22:01:09+00:00 HEADERS={"User-Agent":"okhttp\/4.12.0","Accept-Encoding":"gzip","Content-Length":"179","Content-Type":"application\/json","X-Api-Key":"YOUR_SECURE_RANDOM_KEY","Host":"wjin.upv.edu.es"}
2025-10-06T22:01:09+00:00 RAW={"mac":"E6:14:89:83:B3:B9","major":2955,"minor":500,"nombre":"GTI-3A","rssi":-54,"timestamp":1759788068870,"txPower":203,"uuid":"45:50:53:47:2d:47:54:49:2d:50:52:4f:59:2d:33:41:"}
2025-10-06T22:01:09+00:00 METHOD=POST
2025-10-06T22:01:09+00:00 HEADERS={"User-Agent":"okhttp\/4.12.0","Accept-Encoding":"gzip","Content-Length":"179","Content-Type":"application\/json","X-Api-Key":"YOUR_SECURE_RANDOM_KEY","Host":"wjin.upv.edu.es"}
2025-10-06T22:01:09+00:00 RAW={"mac":"E6:14:89:83:B3:B9","major":2955,"minor":500,"nombre":"GTI-3A","rssi":-54,"timestamp":1759788068882,"txPower":203,"uuid":"45:50:53:47:2d:47:54:49:2d:50:52:4f:59:2d:33:41:"}
2025-10-06T22:01:09+00:00 METHOD=POST
2025-10-06T22:01:09+00:00 HEADERS={"User-Agent":"okhttp\/4.12.0","Accept-Encoding":"gzip","Content-Length":"179","Content-Type":"application\/json","X-Api-Key":"YOUR_SECURE_RANDOM_KEY","Host":"wjin.upv.edu.es"}
2025-10-06T22:01:09+00:00 RAW={"mac":"E6:14:89:83:B3:B9","major":2955,"minor":500,"nombre":"GTI-3A","rssi":-54,"timestamp":1759788068929,"txPower":203,"uuid":"45:50:53:47:2d:47:54:49:2d:50:52:4f:59:2d:33:41:"}
2025-10-06T22:01:09+00:00 METHOD=POST
2025-10-06T22:01:09+00:00 HEADERS={"User-Agent":"okhttp\/4.12.0","Accept-Encoding":"gzip","Content-Length":"179","Content-Type":"application\/json","X-Api-Key":"YOUR_SECURE_RANDOM_KEY","Host":"wjin.upv.edu.es"}
2025-10-06T22:01:09+00:00 RAW={"mac":"E6:14:89:83:B3:B9","major":2955,"minor":500,"nombre":"GTI-3A","rssi":-54,"timestamp":1759788068943,"txPower":203,"uuid":"45:50:53:47:2d:47:54:49:2d:50:52:4f:59:2d:33:41:"}
2025-10-06T22:01:09+00:00 METHOD=POST
2025-10-06T22:01:09+00:00 HEADERS={"User-Agent":"okhttp\/4.12.0","Accept-Encoding":"gzip","Content-Length":"179","Content-Type":"application\/json","X-Api-Key":"YOUR_SECURE_RANDOM_KEY","Host":"wjin.upv.edu.es"}
2025-10-06T22:01:09+00:00 RAW={"mac":"E6:14:89:83:B3:B9","major":2955,"minor":500,"nombre":"GTI-3A","rssi":-57,"timestamp":1759788068993,"txPower":203,"uuid":"45:50:53:47:2d:47:54:49:2d:50:52:4f:59:2d:33:41:"}
2025-10-06T22:01:09+00:00 METHOD=POST
2025-10-06T22:01:09+00:00 HEADERS={"User-Agent":"okhttp\/4.12.0","Accept-Encoding":"gzip","Content-Length":"179","Content-Type":"application\/json","X-Api-Key":"YOUR_SECURE_RANDOM_KEY","Host":"wjin.upv.edu.es"}
2025-10-06T22:01:09+00:00 RAW={"mac":"E6:14:89:83:B3:B9","major":2955,"minor":500,"nombre":"GTI-3A","rssi":-57,"timestamp":1759788069006,"txPower":203,"uuid":"45:50:53:47:2d:47:54:49:2d:50:52:4f:59:2d:33:41:"}
2025-10-06T22:01:10+00:00 METHOD=POST
2025-10-06T22:01:10+00:00 HEADERS={"User-Agent":"okhttp\/4.12.0","Accept-Encoding":"gzip","Content-Length":"179","Content-Type":"application\/json","X-Api-Key":"YOUR_SECURE_RANDOM_KEY","Host":"wjin.upv.edu.es"}
2025-10-06T22:01:10+00:00 RAW={"mac":"E6:14:89:83:B3:B9","major":2955,"minor":500,"nombre":"GTI-3A","rssi":-56,"timestamp":1759788069073,"txPower":203,"uuid":"45:50:53:47:2d:47:54:49:2d:50:52:4f:59:2d:33:41:"}
2025-10-06T22:01:10+00:00 METHOD=POST
2025-10-06T22:01:10+00:00 HEADERS={"User-Agent":"okhttp\/4.12.0","Accept-Encoding":"gzip","Content-Length":"179","Content-Type":"application\/json","X-Api-Key":"YOUR_SECURE_RANDOM_KEY","Host":"wjin.upv.edu.es"}
2025-10-06T22:01:10+00:00 RAW={"mac":"E6:14:89:83:B3:B9","major":2955,"minor":500,"nombre":"GTI-3A","rssi":-56,"timestamp":1759788069087,"txPower":203,"uuid":"45:50:53:47:2d:47:54:49:2d:50:52:4f:59:2d:33:41:"}
2025-10-06T22:01:10+00:00 METHOD=POST
2025-10-06T22:01:10+00:00 HEADERS={"User-Agent":"okhttp\/4.12.0","Accept-Encoding":"gzip","Content-Length":"179","Content-Type":"application\/json","X-Api-Key":"YOUR_SECURE_RANDOM_KEY","Host":"wjin.upv.edu.es"}
2025-10-06T22:01:10+00:00 RAW={"mac":"E6:14:89:83:B3:B9","major":2955,"minor":500,"nombre":"GTI-3A","rssi":-56,"timestamp":1759788069138,"txPower":203,"uuid":"45:50:53:47:2d:47:54:49:2d:50:52:4f:59:2d:33:41:"}
2025-10-06T22:01:10+00:00 METHOD=POST
2025-10-06T22:01:10+00:00 HEADERS={"User-Agent":"okhttp\/4.12.0","Accept-Encoding":"gzip","Content-Length":"179","Content-Type":"application\/json","X-Api-Key":"YOUR_SECURE_RANDOM_KEY","Host":"wjin.upv.edu.es"}
2025-10-06T22:01:10+00:00 RAW={"mac":"E6:14:89:83:B3:B9","major":2955,"minor":500,"nombre":"GTI-3A","rssi":-56,"timestamp":1759788069152,"txPower":203,"uuid":"45:50:53:47:2d:47:54:49:2d:50:52:4f:59:2d:33:41:"}
2025-10-06T22:01:10+00:00 METHOD=POST
2025-10-06T22:01:10+00:00 HEADERS={"User-Agent":"okhttp\/4.12.0","Accept-Encoding":"gzip","Content-Length":"179","Content-Type":"application\/json","X-Api-Key":"YOUR_SECURE_RANDOM_KEY","Host":"wjin.upv.edu.es"}
2025-10-06T22:01:10+00:00 RAW={"mac":"E6:14:89:83:B3:B9","major":2955,"minor":500,"nombre":"GTI-3A","rssi":-57,"timestamp":1759788069284,"txPower":203,"uuid":"45:50:53:47:2d:47:54:49:2d:50:52:4f:59:2d:33:41:"}
2025-10-06T22:01:10+00:00 METHOD=POST
2025-10-06T22:01:10+00:00 HEADERS={"User-Agent":"okhttp\/4.12.0","Accept-Encoding":"gzip","Content-Length":"179","Content-Type":"application\/json","X-Api-Key":"YOUR_SECURE_RANDOM_KEY","Host":"wjin.upv.edu.es"}
2025-10-06T22:01:10+00:00 RAW={"mac":"E6:14:89:83:B3:B9","major":2955,"minor":500,"nombre":"GTI-3A","rssi":-57,"timestamp":1759788069300,"txPower":203,"uuid":"45:50:53:47:2d:47:54:49:2d:50:52:4f:59:2d:33:41:"}
2025-10-06T22:01:10+00:00 METHOD=POST
2025-10-06T22:01:10+00:00 HEADERS={"User-Agent":"okhttp\/4.12.0","Accept-Encoding":"gzip","Content-Length":"179","Content-Type":"application\/json","X-Api-Key":"YOUR_SECURE_RANDOM_KEY","Host":"wjin.upv.edu.es"}
2025-10-06T22:01:10+00:00 RAW={"mac":"E6:14:89:83:B3:B9","major":2955,"minor":500,"nombre":"GTI-3A","rssi":-56,"timestamp":1759788068483,"txPower":203,"uuid":"45:50:53:47:2d:47:54:49:2d:50:52:4f:59:2d:33:41:"}
2025-10-06T22:01:10+00:00 METHOD=POST
2025-10-06T22:01:10+00:00 HEADERS={"User-Agent":"okhttp\/4.12.0","Accept-Encoding":"gzip","Content-Length":"179","Content-Type":"application\/json","X-Api-Key":"YOUR_SECURE_RANDOM_KEY","Host":"wjin.upv.edu.es"}
2025-10-06T22:01:10+00:00 RAW={"mac":"E6:14:89:83:B3:B9","major":2955,"minor":500,"nombre":"GTI-3A","rssi":-56,"timestamp":1759788068465,"txPower":203,"uuid":"45:50:53:47:2d:47:54:49:2d:50:52:4f:59:2d:33:41:"}
2025-10-06T22:01:10+00:00 METHOD=POST
2025-10-06T22:01:10+00:00 HEADERS={"User-Agent":"okhttp\/4.12.0","Accept-Encoding":"gzip","Content-Length":"179","Content-Type":"application\/json","X-Api-Key":"YOUR_SECURE_RANDOM_KEY","Host":"wjin.upv.edu.es"}
2025-10-06T22:01:10+00:00 RAW={"mac":"E6:14:89:83:B3:B9","major":2955,"minor":500,"nombre":"GTI-3A","rssi":-56,"timestamp":1759788068445,"txPower":203,"uuid":"45:50:53:47:2d:47:54:49:2d:50:52:4f:59:2d:33:41:"}
2025-10-06T22:01:10+00:00 METHOD=POST
2025-10-06T22:01:10+00:00 HEADERS={"User-Agent":"okhttp\/4.12.0","Accept-Encoding":"gzip","Content-Length":"179","Content-Type":"application\/json","X-Api-Key":"YOUR_SECURE_RANDOM_KEY","Host":"wjin.upv.edu.es"}
2025-10-06T22:01:10+00:00 RAW={"mac":"E6:14:89:83:B3:B9","major":2955,"minor":500,"nombre":"GTI-3A","rssi":-56,"timestamp":1759788068409,"txPower":203,"uuid":"45:50:53:47:2d:47:54:49:2d:50:52:4f:59:2d:33:41:"}
2025-10-06T22:01:14+00:00 METHOD=POST
2025-10-06T22:01:14+00:00 HEADERS={"User-Agent":"okhttp\/4.12.0","Accept-Encoding":"gzip","Content-Length":"179","Content-Type":"application\/json","X-Api-Key":"YOUR_SECURE_RANDOM_KEY","Host":"wjin.upv.edu.es"}
2025-10-06T22:01:14+00:00 RAW={"mac":"E6:14:89:83:B3:B9","major":2956,"minor":500,"nombre":"GTI-3A","rssi":-54,"timestamp":1759788074952,"txPower":203,"uuid":"45:50:53:47:2d:47:54:49:2d:50:52:4f:59:2d:33:41:"}
2025-10-06T22:01:14+00:00 METHOD=POST
2025-10-06T22:01:14+00:00 HEADERS={"User-Agent":"okhttp\/4.12.0","Accept-Encoding":"gzip","Content-Length":"179","Content-Type":"application\/json","X-Api-Key":"YOUR_SECURE_RANDOM_KEY","Host":"wjin.upv.edu.es"}
2025-10-06T22:01:14+00:00 RAW={"mac":"E6:14:89:83:B3:B9","major":2956,"minor":500,"nombre":"GTI-3A","rssi":-54,"timestamp":1759788074926,"txPower":203,"uuid":"45:50:53:47:2d:47:54:49:2d:50:52:4f:59:2d:33:41:"}
2025-10-06T22:01:14+00:00 METHOD=POST
2025-10-06T22:01:14+00:00 HEADERS={"User-Agent":"okhttp\/4.12.0","Accept-Encoding":"gzip","Content-Length":"179","Content-Type":"application\/json","X-Api-Key":"YOUR_SECURE_RANDOM_KEY","Host":"wjin.upv.edu.es"}
2025-10-06T22:01:14+00:00 RAW={"mac":"E6:14:89:83:B3:B9","major":2956,"minor":500,"nombre":"GTI-3A","rssi":-56,"timestamp":1759788074973,"txPower":203,"uuid":"45:50:53:47:2d:47:54:49:2d:50:52:4f:59:2d:33:41:"}
2025-10-06T22:01:14+00:00 METHOD=POST
2025-10-06T22:01:14+00:00 HEADERS={"User-Agent":"okhttp\/4.12.0","Accept-Encoding":"gzip","Content-Length":"179","Content-Type":"application\/json","X-Api-Key":"YOUR_SECURE_RANDOM_KEY","Host":"wjin.upv.edu.es"}
2025-10-06T22:01:14+00:00 RAW={"mac":"E6:14:89:83:B3:B9","major":2956,"minor":500,"nombre":"GTI-3A","rssi":-56,"timestamp":1759788074989,"txPower":203,"uuid":"45:50:53:47:2d:47:54:49:2d:50:52:4f:59:2d:33:41:"}
2025-10-06T22:01:14+00:00 METHOD=POST
2025-10-06T22:01:14+00:00 HEADERS={"User-Agent":"okhttp\/4.12.0","Accept-Encoding":"gzip","Content-Length":"179","Content-Type":"application\/json","X-Api-Key":"YOUR_SECURE_RANDOM_KEY","Host":"wjin.upv.edu.es"}
2025-10-06T22:01:14+00:00 RAW={"mac":"E6:14:89:83:B3:B9","major":2956,"minor":500,"nombre":"GTI-3A","rssi":-57,"timestamp":1759788075012,"txPower":203,"uuid":"45:50:53:47:2d:47:54:49:2d:50:52:4f:59:2d:33:41:"}
2025-10-06T22:01:14+00:00 METHOD=POST
2025-10-06T22:01:14+00:00 HEADERS={"User-Agent":"okhttp\/4.12.0","Accept-Encoding":"gzip","Content-Length":"179","Content-Type":"application\/json","X-Api-Key":"YOUR_SECURE_RANDOM_KEY","Host":"wjin.upv.edu.es"}
2025-10-06T22:01:14+00:00 RAW={"mac":"E6:14:89:83:B3:B9","major":2956,"minor":500,"nombre":"GTI-3A","rssi":-57,"timestamp":1759788075026,"txPower":203,"uuid":"45:50:53:47:2d:47:54:49:2d:50:52:4f:59:2d:33:41:"}
2025-10-06T22:01:14+00:00 METHOD=POST
2025-10-06T22:01:14+00:00 HEADERS={"User-Agent":"okhttp\/4.12.0","Accept-Encoding":"gzip","Content-Length":"179","Content-Type":"application\/json","X-Api-Key":"YOUR_SECURE_RANDOM_KEY","Host":"wjin.upv.edu.es"}
2025-10-06T22:01:14+00:00 RAW={"mac":"E6:14:89:83:B3:B9","major":2956,"minor":500,"nombre":"GTI-3A","rssi":-56,"timestamp":1759788075081,"txPower":203,"uuid":"45:50:53:47:2d:47:54:49:2d:50:52:4f:59:2d:33:41:"}
2025-10-06T22:01:14+00:00 METHOD=POST
2025-10-06T22:01:14+00:00 HEADERS={"User-Agent":"okhttp\/4.12.0","Accept-Encoding":"gzip","Content-Length":"179","Content-Type":"application\/json","X-Api-Key":"YOUR_SECURE_RANDOM_KEY","Host":"wjin.upv.edu.es"}
2025-10-06T22:01:14+00:00 RAW={"mac":"E6:14:89:83:B3:B9","major":2956,"minor":500,"nombre":"GTI-3A","rssi":-56,"timestamp":1759788075098,"txPower":203,"uuid":"45:50:53:47:2d:47:54:49:2d:50:52:4f:59:2d:33:41:"}
2025-10-06T22:01:14+00:00 METHOD=POST
2025-10-06T22:01:14+00:00 HEADERS={"User-Agent":"okhttp\/4.12.0","Accept-Encoding":"gzip","Content-Length":"179","Content-Type":"application\/json","X-Api-Key":"YOUR_SECURE_RANDOM_KEY","Host":"wjin.upv.edu.es"}
2025-10-06T22:01:14+00:00 RAW={"mac":"E6:14:89:83:B3:B9","major":2956,"minor":500,"nombre":"GTI-3A","rssi":-54,"timestamp":1759788075235,"txPower":203,"uuid":"45:50:53:47:2d:47:54:49:2d:50:52:4f:59:2d:33:41:"}
2025-10-06T22:01:14+00:00 METHOD=POST
2025-10-06T22:01:14+00:00 HEADERS={"User-Agent":"okhttp\/4.12.0","Accept-Encoding":"gzip","Content-Length":"179","Content-Type":"application\/json","X-Api-Key":"YOUR_SECURE_RANDOM_KEY","Host":"wjin.upv.edu.es"}
2025-10-06T22:01:14+00:00 RAW={"mac":"E6:14:89:83:B3:B9","major":2956,"minor":500,"nombre":"GTI-3A","rssi":-54,"timestamp":1759788075249,"txPower":203,"uuid":"45:50:53:47:2d:47:54:49:2d:50:52:4f:59:2d:33:41:"}
2025-10-06T22:01:14+00:00 METHOD=POST
2025-10-06T22:01:14+00:00 HEADERS={"User-Agent":"okhttp\/4.12.0","Accept-Encoding":"gzip","Content-Length":"179","Content-Type":"application\/json","X-Api-Key":"YOUR_SECURE_RANDOM_KEY","Host":"wjin.upv.edu.es"}
2025-10-06T22:01:14+00:00 RAW={"mac":"E6:14:89:83:B3:B9","major":2956,"minor":500,"nombre":"GTI-3A","rssi":-57,"timestamp":1759788075288,"txPower":203,"uuid":"45:50:53:47:2d:47:54:49:2d:50:52:4f:59:2d:33:41:"}
2025-10-06T22:01:15+00:00 METHOD=POST
2025-10-06T22:01:15+00:00 HEADERS={"User-Agent":"okhttp\/4.12.0","Accept-Encoding":"gzip","Content-Length":"179","Content-Type":"application\/json","X-Api-Key":"YOUR_SECURE_RANDOM_KEY","Host":"wjin.upv.edu.es"}
2025-10-06T22:01:15+00:00 RAW={"mac":"E6:14:89:83:B3:B9","major":2956,"minor":500,"nombre":"GTI-3A","rssi":-57,"timestamp":1759788075305,"txPower":203,"uuid":"45:50:53:47:2d:47:54:49:2d:50:52:4f:59:2d:33:41:"}
2025-10-06T22:01:15+00:00 METHOD=POST
2025-10-06T22:01:15+00:00 HEADERS={"User-Agent":"okhttp\/4.12.0","Accept-Encoding":"gzip","Content-Length":"179","Content-Type":"application\/json","X-Api-Key":"YOUR_SECURE_RANDOM_KEY","Host":"wjin.upv.edu.es"}
2025-10-06T22:01:15+00:00 RAW={"mac":"E6:14:89:83:B3:B9","major":2956,"minor":500,"nombre":"GTI-3A","rssi":-56,"timestamp":1759788075364,"txPower":203,"uuid":"45:50:53:47:2d:47:54:49:2d:50:52:4f:59:2d:33:41:"}
2025-10-06T22:01:15+00:00 METHOD=POST
2025-10-06T22:01:15+00:00 HEADERS={"User-Agent":"okhttp\/4.12.0","Accept-Encoding":"gzip","Content-Length":"179","Content-Type":"application\/json","X-Api-Key":"YOUR_SECURE_RANDOM_KEY","Host":"wjin.upv.edu.es"}
2025-10-06T22:01:15+00:00 RAW={"mac":"E6:14:89:83:B3:B9","major":2956,"minor":500,"nombre":"GTI-3A","rssi":-56,"timestamp":1759788075377,"txPower":203,"uuid":"45:50:53:47:2d:47:54:49:2d:50:52:4f:59:2d:33:41:"}
2025-10-06T22:01:15+00:00 METHOD=POST
2025-10-06T22:01:15+00:00 HEADERS={"User-Agent":"okhttp\/4.12.0","Accept-Encoding":"gzip","Content-Length":"179","Content-Type":"application\/json","X-Api-Key":"YOUR_SECURE_RANDOM_KEY","Host":"wjin.upv.edu.es"}
2025-10-06T22:01:15+00:00 RAW={"mac":"E6:14:89:83:B3:B9","major":2956,"minor":500,"nombre":"GTI-3A","rssi":-56,"timestamp":1759788075439,"txPower":203,"uuid":"45:50:53:47:2d:47:54:49:2d:50:52:4f:59:2d:33:41:"}
2025-10-06T22:01:15+00:00 METHOD=POST
2025-10-06T22:01:15+00:00 HEADERS={"User-Agent":"okhttp\/4.12.0","Accept-Encoding":"gzip","Content-Length":"179","Content-Type":"application\/json","X-Api-Key":"YOUR_SECURE_RANDOM_KEY","Host":"wjin.upv.edu.es"}
2025-10-06T22:01:15+00:00 RAW={"mac":"E6:14:89:83:B3:B9","major":2956,"minor":500,"nombre":"GTI-3A","rssi":-56,"timestamp":1759788075455,"txPower":203,"uuid":"45:50:53:47:2d:47:54:49:2d:50:52:4f:59:2d:33:41:"}
2025-10-06T22:01:15+00:00 METHOD=POST
2025-10-06T22:01:15+00:00 METHOD=POST
2025-10-06T22:01:15+00:00 METHOD=POST
2025-10-06T22:01:15+00:00 HEADERS={"User-Agent":"okhttp\/4.12.0","Accept-Encoding":"gzip","Content-Length":"179","Content-Type":"application\/json","X-Api-Key":"YOUR_SECURE_RANDOM_KEY","Host":"wjin.upv.edu.es"}
2025-10-06T22:01:15+00:00 HEADERS={"User-Agent":"okhttp\/4.12.0","Accept-Encoding":"gzip","Content-Length":"179","Content-Type":"application\/json","X-Api-Key":"YOUR_SECURE_RANDOM_KEY","Host":"wjin.upv.edu.es"}
2025-10-06T22:01:15+00:00 HEADERS={"User-Agent":"okhttp\/4.12.0","Accept-Encoding":"gzip","Content-Length":"179","Content-Type":"application\/json","X-Api-Key":"YOUR_SECURE_RANDOM_KEY","Host":"wjin.upv.edu.es"}
2025-10-06T22:01:15+00:00 RAW={"mac":"E6:14:89:83:B3:B9","major":2956,"minor":500,"nombre":"GTI-3A","rssi":-56,"timestamp":1759788075581,"txPower":203,"uuid":"45:50:53:47:2d:47:54:49:2d:50:52:4f:59:2d:33:41:"}
2025-10-06T22:01:15+00:00 RAW={"mac":"E6:14:89:83:B3:B9","major":2956,"minor":500,"nombre":"GTI-3A","rssi":-54,"timestamp":1759788075524,"txPower":203,"uuid":"45:50:53:47:2d:47:54:49:2d:50:52:4f:59:2d:33:41:"}
2025-10-06T22:01:15+00:00 RAW={"mac":"E6:14:89:83:B3:B9","major":2956,"minor":500,"nombre":"GTI-3A","rssi":-54,"timestamp":1759788075509,"txPower":203,"uuid":"45:50:53:47:2d:47:54:49:2d:50:52:4f:59:2d:33:41:"}
2025-10-06T22:01:15+00:00 METHOD=POST
2025-10-06T22:01:15+00:00 HEADERS={"User-Agent":"okhttp\/4.12.0","Accept-Encoding":"gzip","Content-Length":"179","Content-Type":"application\/json","X-Api-Key":"YOUR_SECURE_RANDOM_KEY","Host":"wjin.upv.edu.es"}
2025-10-06T22:01:15+00:00 METHOD=POST
2025-10-06T22:01:15+00:00 RAW={"mac":"E6:14:89:83:B3:B9","major":2956,"minor":500,"nombre":"GTI-3A","rssi":-56,"timestamp":1759788075597,"txPower":203,"uuid":"45:50:53:47:2d:47:54:49:2d:50:52:4f:59:2d:33:41:"}
2025-10-06T22:01:15+00:00 HEADERS={"User-Agent":"okhttp\/4.12.0","Accept-Encoding":"gzip","Content-Length":"179","Content-Type":"application\/json","X-Api-Key":"YOUR_SECURE_RANDOM_KEY","Host":"wjin.upv.edu.es"}
2025-10-06T22:01:15+00:00 RAW={"mac":"E6:14:89:83:B3:B9","major":2956,"minor":500,"nombre":"GTI-3A","rssi":-56,"timestamp":1759788075639,"txPower":203,"uuid":"45:50:53:47:2d:47:54:49:2d:50:52:4f:59:2d:33:41:"}
2025-10-06T22:01:15+00:00 METHOD=POST
2025-10-06T22:01:15+00:00 HEADERS={"User-Agent":"okhttp\/4.12.0","Accept-Encoding":"gzip","Content-Length":"179","Content-Type":"application\/json","X-Api-Key":"YOUR_SECURE_RANDOM_KEY","Host":"wjin.upv.edu.es"}
2025-10-06T22:01:15+00:00 RAW={"mac":"E6:14:89:83:B3:B9","major":2956,"minor":500,"nombre":"GTI-3A","rssi":-56,"timestamp":1759788075653,"txPower":203,"uuid":"45:50:53:47:2d:47:54:49:2d:50:52:4f:59:2d:33:41:"}
2025-10-06T22:01:15+00:00 METHOD=POST
2025-10-06T22:01:15+00:00 METHOD=POST
2025-10-06T22:01:15+00:00 METHOD=POST
2025-10-06T22:01:15+00:00 METHOD=POST
2025-10-06T22:01:15+00:00 HEADERS={"User-Agent":"okhttp\/4.12.0","Accept-Encoding":"gzip","Content-Length":"179","Content-Type":"application\/json","X-Api-Key":"YOUR_SECURE_RANDOM_KEY","Host":"wjin.upv.edu.es"}
2025-10-06T22:01:15+00:00 HEADERS={"User-Agent":"okhttp\/4.12.0","Accept-Encoding":"gzip","Content-Length":"179","Content-Type":"application\/json","X-Api-Key":"YOUR_SECURE_RANDOM_KEY","Host":"wjin.upv.edu.es"}
2025-10-06T22:01:15+00:00 HEADERS={"User-Agent":"okhttp\/4.12.0","Accept-Encoding":"gzip","Content-Length":"179","Content-Type":"application\/json","X-Api-Key":"YOUR_SECURE_RANDOM_KEY","Host":"wjin.upv.edu.es"}
2025-10-06T22:01:15+00:00 HEADERS={"User-Agent":"okhttp\/4.12.0","Accept-Encoding":"gzip","Content-Length":"179","Content-Type":"application\/json","X-Api-Key":"YOUR_SECURE_RANDOM_KEY","Host":"wjin.upv.edu.es"}
2025-10-06T22:01:15+00:00 RAW={"mac":"E6:14:89:83:B3:B9","major":2956,"minor":500,"nombre":"GTI-3A","rssi":-54,"timestamp":1759788075774,"txPower":203,"uuid":"45:50:53:47:2d:47:54:49:2d:50:52:4f:59:2d:33:41:"}
2025-10-06T22:01:15+00:00 RAW={"mac":"E6:14:89:83:B3:B9","major":2956,"minor":500,"nombre":"GTI-3A","rssi":-56,"timestamp":1759788075710,"txPower":203,"uuid":"45:50:53:47:2d:47:54:49:2d:50:52:4f:59:2d:33:41:"}
2025-10-06T22:01:15+00:00 RAW={"mac":"E6:14:89:83:B3:B9","major":2956,"minor":500,"nombre":"GTI-3A","rssi":-54,"timestamp":1759788075788,"txPower":203,"uuid":"45:50:53:47:2d:47:54:49:2d:50:52:4f:59:2d:33:41:"}
2025-10-06T22:01:15+00:00 RAW={"mac":"E6:14:89:83:B3:B9","major":2956,"minor":500,"nombre":"GTI-3A","rssi":-56,"timestamp":1759788075724,"txPower":203,"uuid":"45:50:53:47:2d:47:54:49:2d:50:52:4f:59:2d:33:41:"}
2025-10-06T22:01:15+00:00 METHOD=POST
2025-10-06T22:01:15+00:00 HEADERS={"User-Agent":"okhttp\/4.12.0","Accept-Encoding":"gzip","Content-Length":"179","Content-Type":"application\/json","X-Api-Key":"YOUR_SECURE_RANDOM_KEY","Host":"wjin.upv.edu.es"}
2025-10-06T22:01:15+00:00 RAW={"mac":"E6:14:89:83:B3:B9","major":2956,"minor":500,"nombre":"GTI-3A","rssi":-54,"timestamp":1759788075831,"txPower":203,"uuid":"45:50:53:47:2d:47:54:49:2d:50:52:4f:59:2d:33:41:"}
2025-10-06T22:01:15+00:00 METHOD=POST
2025-10-06T22:01:15+00:00 HEADERS={"User-Agent":"okhttp\/4.12.0","Accept-Encoding":"gzip","Content-Length":"179","Content-Type":"application\/json","X-Api-Key":"YOUR_SECURE_RANDOM_KEY","Host":"wjin.upv.edu.es"}
2025-10-06T22:01:15+00:00 RAW={"mac":"E6:14:89:83:B3:B9","major":2956,"minor":500,"nombre":"GTI-3A","rssi":-54,"timestamp":1759788075845,"txPower":203,"uuid":"45:50:53:47:2d:47:54:49:2d:50:52:4f:59:2d:33:41:"}
2025-10-06T22:01:21+00:00 METHOD=POST
2025-10-06T22:01:21+00:00 HEADERS={"User-Agent":"okhttp\/4.12.0","Accept-Encoding":"gzip","Content-Length":"179","Content-Type":"application\/json","X-Api-Key":"YOUR_SECURE_RANDOM_KEY","Host":"wjin.upv.edu.es"}
2025-10-06T22:01:21+00:00 RAW={"mac":"E6:14:89:83:B3:B9","major":2957,"minor":500,"nombre":"GTI-3A","rssi":-56,"timestamp":1759788081404,"txPower":203,"uuid":"45:50:53:47:2d:47:54:49:2d:50:52:4f:59:2d:33:41:"}
2025-10-06T22:01:21+00:00 METHOD=POST
2025-10-06T22:01:21+00:00 METHOD=POST
2025-10-06T22:01:21+00:00 HEADERS={"User-Agent":"okhttp\/4.12.0","Accept-Encoding":"gzip","Content-Length":"179","Content-Type":"application\/json","X-Api-Key":"YOUR_SECURE_RANDOM_KEY","Host":"wjin.upv.edu.es"}
2025-10-06T22:01:21+00:00 METHOD=POST
2025-10-06T22:01:21+00:00 HEADERS={"User-Agent":"okhttp\/4.12.0","Accept-Encoding":"gzip","Content-Length":"179","Content-Type":"application\/json","X-Api-Key":"YOUR_SECURE_RANDOM_KEY","Host":"wjin.upv.edu.es"}
2025-10-06T22:01:21+00:00 RAW={"mac":"E6:14:89:83:B3:B9","major":2957,"minor":500,"nombre":"GTI-3A","rssi":-54,"timestamp":1759788081441,"txPower":203,"uuid":"45:50:53:47:2d:47:54:49:2d:50:52:4f:59:2d:33:41:"}
2025-10-06T22:01:21+00:00 HEADERS={"User-Agent":"okhttp\/4.12.0","Accept-Encoding":"gzip","Content-Length":"179","Content-Type":"application\/json","X-Api-Key":"YOUR_SECURE_RANDOM_KEY","Host":"wjin.upv.edu.es"}
2025-10-06T22:01:21+00:00 RAW={"mac":"E6:14:89:83:B3:B9","major":2957,"minor":500,"nombre":"GTI-3A","rssi":-54,"timestamp":1759788081454,"txPower":203,"uuid":"45:50:53:47:2d:47:54:49:2d:50:52:4f:59:2d:33:41:"}
2025-10-06T22:01:21+00:00 RAW={"mac":"E6:14:89:83:B3:B9","major":2957,"minor":500,"nombre":"GTI-3A","rssi":-56,"timestamp":1759788081418,"txPower":203,"uuid":"45:50:53:47:2d:47:54:49:2d:50:52:4f:59:2d:33:41:"}
2025-10-06T22:01:21+00:00 METHOD=POST
2025-10-06T22:01:21+00:00 HEADERS={"User-Agent":"okhttp\/4.12.0","Accept-Encoding":"gzip","Content-Length":"179","Content-Type":"application\/json","X-Api-Key":"YOUR_SECURE_RANDOM_KEY","Host":"wjin.upv.edu.es"}
2025-10-06T22:01:21+00:00 RAW={"mac":"E6:14:89:83:B3:B9","major":2957,"minor":500,"nombre":"GTI-3A","rssi":-54,"timestamp":1759788081522,"txPower":203,"uuid":"45:50:53:47:2d:47:54:49:2d:50:52:4f:59:2d:33:41:"}
2025-10-06T22:01:21+00:00 METHOD=POST
2025-10-06T22:01:21+00:00 HEADERS={"User-Agent":"okhttp\/4.12.0","Accept-Encoding":"gzip","Content-Length":"179","Content-Type":"application\/json","X-Api-Key":"YOUR_SECURE_RANDOM_KEY","Host":"wjin.upv.edu.es"}
2025-10-06T22:01:21+00:00 RAW={"mac":"E6:14:89:83:B3:B9","major":2957,"minor":500,"nombre":"GTI-3A","rssi":-54,"timestamp":1759788081536,"txPower":203,"uuid":"45:50:53:47:2d:47:54:49:2d:50:52:4f:59:2d:33:41:"}
2025-10-06T22:01:21+00:00 METHOD=POST
2025-10-06T22:01:21+00:00 HEADERS={"User-Agent":"okhttp\/4.12.0","Accept-Encoding":"gzip","Content-Length":"179","Content-Type":"application\/json","X-Api-Key":"YOUR_SECURE_RANDOM_KEY","Host":"wjin.upv.edu.es"}
2025-10-06T22:01:21+00:00 RAW={"mac":"E6:14:89:83:B3:B9","major":2957,"minor":500,"nombre":"GTI-3A","rssi":-57,"timestamp":1759788081571,"txPower":203,"uuid":"45:50:53:47:2d:47:54:49:2d:50:52:4f:59:2d:33:41:"}
2025-10-06T22:01:21+00:00 METHOD=POST
2025-10-06T22:01:21+00:00 HEADERS={"User-Agent":"okhttp\/4.12.0","Accept-Encoding":"gzip","Content-Length":"179","Content-Type":"application\/json","X-Api-Key":"YOUR_SECURE_RANDOM_KEY","Host":"wjin.upv.edu.es"}
2025-10-06T22:01:21+00:00 RAW={"mac":"E6:14:89:83:B3:B9","major":2957,"minor":500,"nombre":"GTI-3A","rssi":-57,"timestamp":1759788081585,"txPower":203,"uuid":"45:50:53:47:2d:47:54:49:2d:50:52:4f:59:2d:33:41:"}
2025-10-06T22:01:21+00:00 METHOD=POST
2025-10-06T22:01:21+00:00 HEADERS={"User-Agent":"okhttp\/4.12.0","Accept-Encoding":"gzip","Content-Length":"179","Content-Type":"application\/json","X-Api-Key":"YOUR_SECURE_RANDOM_KEY","Host":"wjin.upv.edu.es"}
2025-10-06T22:01:21+00:00 RAW={"mac":"E6:14:89:83:B3:B9","major":2957,"minor":500,"nombre":"GTI-3A","rssi":-56,"timestamp":1759788081650,"txPower":203,"uuid":"45:50:53:47:2d:47:54:49:2d:50:52:4f:59:2d:33:41:"}
2025-10-06T22:01:21+00:00 METHOD=POST
2025-10-06T22:01:21+00:00 HEADERS={"User-Agent":"okhttp\/4.12.0","Accept-Encoding":"gzip","Content-Length":"179","Content-Type":"application\/json","X-Api-Key":"YOUR_SECURE_RANDOM_KEY","Host":"wjin.upv.edu.es"}
2025-10-06T22:01:21+00:00 RAW={"mac":"E6:14:89:83:B3:B9","major":2957,"minor":500,"nombre":"GTI-3A","rssi":-56,"timestamp":1759788081664,"txPower":203,"uuid":"45:50:53:47:2d:47:54:49:2d:50:52:4f:59:2d:33:41:"}
2025-10-06T22:01:21+00:00 METHOD=POST
2025-10-06T22:01:21+00:00 HEADERS={"User-Agent":"okhttp\/4.12.0","Accept-Encoding":"gzip","Content-Length":"179","Content-Type":"application\/json","X-Api-Key":"YOUR_SECURE_RANDOM_KEY","Host":"wjin.upv.edu.es"}
2025-10-06T22:01:21+00:00 RAW={"mac":"E6:14:89:83:B3:B9","major":2957,"minor":500,"nombre":"GTI-3A","rssi":-56,"timestamp":1759788081718,"txPower":203,"uuid":"45:50:53:47:2d:47:54:49:2d:50:52:4f:59:2d:33:41:"}
2025-10-06T22:01:21+00:00 METHOD=POST
2025-10-06T22:01:21+00:00 HEADERS={"User-Agent":"okhttp\/4.12.0","Accept-Encoding":"gzip","Content-Length":"179","Content-Type":"application\/json","X-Api-Key":"YOUR_SECURE_RANDOM_KEY","Host":"wjin.upv.edu.es"}
2025-10-06T22:01:21+00:00 RAW={"mac":"E6:14:89:83:B3:B9","major":2957,"minor":500,"nombre":"GTI-3A","rssi":-56,"timestamp":1759788081734,"txPower":203,"uuid":"45:50:53:47:2d:47:54:49:2d:50:52:4f:59:2d:33:41:"}
2025-10-06T22:01:21+00:00 METHOD=POST
2025-10-06T22:01:21+00:00 HEADERS={"User-Agent":"okhttp\/4.12.0","Accept-Encoding":"gzip","Content-Length":"179","Content-Type":"application\/json","X-Api-Key":"YOUR_SECURE_RANDOM_KEY","Host":"wjin.upv.edu.es"}
2025-10-06T22:01:21+00:00 RAW={"mac":"E6:14:89:83:B3:B9","major":2957,"minor":500,"nombre":"GTI-3A","rssi":-54,"timestamp":1759788081794,"txPower":203,"uuid":"45:50:53:47:2d:47:54:49:2d:50:52:4f:59:2d:33:41:"}
2025-10-06T22:01:21+00:00 METHOD=POST
2025-10-06T22:01:21+00:00 HEADERS={"User-Agent":"okhttp\/4.12.0","Accept-Encoding":"gzip","Content-Length":"179","Content-Type":"application\/json","X-Api-Key":"YOUR_SECURE_RANDOM_KEY","Host":"wjin.upv.edu.es"}
2025-10-06T22:01:21+00:00 RAW={"mac":"E6:14:89:83:B3:B9","major":2957,"minor":500,"nombre":"GTI-3A","rssi":-54,"timestamp":1759788081815,"txPower":203,"uuid":"45:50:53:47:2d:47:54:49:2d:50:52:4f:59:2d:33:41:"}
2025-10-06T22:01:21+00:00 METHOD=POST
2025-10-06T22:01:21+00:00 HEADERS={"User-Agent":"okhttp\/4.12.0","Accept-Encoding":"gzip","Content-Length":"179","Content-Type":"application\/json","X-Api-Key":"YOUR_SECURE_RANDOM_KEY","Host":"wjin.upv.edu.es"}
2025-10-06T22:01:21+00:00 RAW={"mac":"E6:14:89:83:B3:B9","major":2957,"minor":500,"nombre":"GTI-3A","rssi":-56,"timestamp":1759788081861,"txPower":203,"uuid":"45:50:53:47:2d:47:54:49:2d:50:52:4f:59:2d:33:41:"}
2025-10-06T22:01:21+00:00 METHOD=POST
2025-10-06T22:01:21+00:00 HEADERS={"User-Agent":"okhttp\/4.12.0","Accept-Encoding":"gzip","Content-Length":"179","Content-Type":"application\/json","X-Api-Key":"YOUR_SECURE_RANDOM_KEY","Host":"wjin.upv.edu.es"}
2025-10-06T22:01:21+00:00 RAW={"mac":"E6:14:89:83:B3:B9","major":2957,"minor":500,"nombre":"GTI-3A","rssi":-56,"timestamp":1759788081878,"txPower":203,"uuid":"45:50:53:47:2d:47:54:49:2d:50:52:4f:59:2d:33:41:"}
2025-10-06T22:01:21+00:00 METHOD=POST
2025-10-06T22:01:21+00:00 HEADERS={"User-Agent":"okhttp\/4.12.0","Accept-Encoding":"gzip","Content-Length":"179","Content-Type":"application\/json","X-Api-Key":"YOUR_SECURE_RANDOM_KEY","Host":"wjin.upv.edu.es"}
2025-10-06T22:01:21+00:00 RAW={"mac":"E6:14:89:83:B3:B9","major":2957,"minor":500,"nombre":"GTI-3A","rssi":-56,"timestamp":1759788081921,"txPower":203,"uuid":"45:50:53:47:2d:47:54:49:2d:50:52:4f:59:2d:33:41:"}
2025-10-06T22:01:21+00:00 METHOD=POST
2025-10-06T22:01:21+00:00 HEADERS={"User-Agent":"okhttp\/4.12.0","Accept-Encoding":"gzip","Content-Length":"179","Content-Type":"application\/json","X-Api-Key":"YOUR_SECURE_RANDOM_KEY","Host":"wjin.upv.edu.es"}
2025-10-06T22:01:21+00:00 RAW={"mac":"E6:14:89:83:B3:B9","major":2957,"minor":500,"nombre":"GTI-3A","rssi":-56,"timestamp":1759788081941,"txPower":203,"uuid":"45:50:53:47:2d:47:54:49:2d:50:52:4f:59:2d:33:41:"}
2025-10-06T22:01:21+00:00 METHOD=POST
2025-10-06T22:01:21+00:00 HEADERS={"User-Agent":"okhttp\/4.12.0","Accept-Encoding":"gzip","Content-Length":"179","Content-Type":"application\/json","X-Api-Key":"YOUR_SECURE_RANDOM_KEY","Host":"wjin.upv.edu.es"}
2025-10-06T22:01:21+00:00 RAW={"mac":"E6:14:89:83:B3:B9","major":2957,"minor":500,"nombre":"GTI-3A","rssi":-56,"timestamp":1759788081990,"txPower":203,"uuid":"45:50:53:47:2d:47:54:49:2d:50:52:4f:59:2d:33:41:"}
2025-10-06T22:01:21+00:00 METHOD=POST
2025-10-06T22:01:21+00:00 HEADERS={"User-Agent":"okhttp\/4.12.0","Accept-Encoding":"gzip","Content-Length":"179","Content-Type":"application\/json","X-Api-Key":"YOUR_SECURE_RANDOM_KEY","Host":"wjin.upv.edu.es"}
2025-10-06T22:01:21+00:00 RAW={"mac":"E6:14:89:83:B3:B9","major":2957,"minor":500,"nombre":"GTI-3A","rssi":-56,"timestamp":1759788082006,"txPower":203,"uuid":"45:50:53:47:2d:47:54:49:2d:50:52:4f:59:2d:33:41:"}
2025-10-06T22:01:21+00:00 METHOD=POST
2025-10-06T22:01:21+00:00 HEADERS={"User-Agent":"okhttp\/4.12.0","Accept-Encoding":"gzip","Content-Length":"179","Content-Type":"application\/json","X-Api-Key":"YOUR_SECURE_RANDOM_KEY","Host":"wjin.upv.edu.es"}
2025-10-06T22:01:21+00:00 RAW={"mac":"E6:14:89:83:B3:B9","major":2957,"minor":500,"nombre":"GTI-3A","rssi":-54,"timestamp":1759788082054,"txPower":203,"uuid":"45:50:53:47:2d:47:54:49:2d:50:52:4f:59:2d:33:41:"}
2025-10-06T22:01:21+00:00 METHOD=POST
2025-10-06T22:01:21+00:00 HEADERS={"User-Agent":"okhttp\/4.12.0","Accept-Encoding":"gzip","Content-Length":"179","Content-Type":"application\/json","X-Api-Key":"YOUR_SECURE_RANDOM_KEY","Host":"wjin.upv.edu.es"}
2025-10-06T22:01:21+00:00 RAW={"mac":"E6:14:89:83:B3:B9","major":2957,"minor":500,"nombre":"GTI-3A","rssi":-54,"timestamp":1759788082068,"txPower":203,"uuid":"45:50:53:47:2d:47:54:49:2d:50:52:4f:59:2d:33:41:"}
2025-10-06T22:01:21+00:00 METHOD=POST
2025-10-06T22:01:21+00:00 HEADERS={"User-Agent":"okhttp\/4.12.0","Accept-Encoding":"gzip","Content-Length":"179","Content-Type":"application\/json","X-Api-Key":"YOUR_SECURE_RANDOM_KEY","Host":"wjin.upv.edu.es"}
2025-10-06T22:01:21+00:00 RAW={"mac":"E6:14:89:83:B3:B9","major":2957,"minor":500,"nombre":"GTI-3A","rssi":-54,"timestamp":1759788082120,"txPower":203,"uuid":"45:50:53:47:2d:47:54:49:2d:50:52:4f:59:2d:33:41:"}
2025-10-06T22:01:21+00:00 METHOD=POST
2025-10-06T22:01:21+00:00 HEADERS={"User-Agent":"okhttp\/4.12.0","Accept-Encoding":"gzip","Content-Length":"179","Content-Type":"application\/json","X-Api-Key":"YOUR_SECURE_RANDOM_KEY","Host":"wjin.upv.edu.es"}
2025-10-06T22:01:21+00:00 RAW={"mac":"E6:14:89:83:B3:B9","major":2957,"minor":500,"nombre":"GTI-3A","rssi":-54,"timestamp":1759788082136,"txPower":203,"uuid":"45:50:53:47:2d:47:54:49:2d:50:52:4f:59:2d:33:41:"}
2025-10-06T22:01:21+00:00 METHOD=POST
2025-10-06T22:01:21+00:00 HEADERS={"User-Agent":"okhttp\/4.12.0","Accept-Encoding":"gzip","Content-Length":"179","Content-Type":"application\/json","X-Api-Key":"YOUR_SECURE_RANDOM_KEY","Host":"wjin.upv.edu.es"}
2025-10-06T22:01:21+00:00 RAW={"mac":"E6:14:89:83:B3:B9","major":2957,"minor":500,"nombre":"GTI-3A","rssi":-57,"timestamp":1759788082191,"txPower":203,"uuid":"45:50:53:47:2d:47:54:49:2d:50:52:4f:59:2d:33:41:"}
2025-10-06T22:01:21+00:00 METHOD=POST
2025-10-06T22:01:21+00:00 HEADERS={"User-Agent":"okhttp\/4.12.0","Accept-Encoding":"gzip","Content-Length":"179","Content-Type":"application\/json","X-Api-Key":"YOUR_SECURE_RANDOM_KEY","Host":"wjin.upv.edu.es"}
2025-10-06T22:01:21+00:00 RAW={"mac":"E6:14:89:83:B3:B9","major":2957,"minor":500,"nombre":"GTI-3A","rssi":-57,"timestamp":1759788082206,"txPower":203,"uuid":"45:50:53:47:2d:47:54:49:2d:50:52:4f:59:2d:33:41:"}
2025-10-06T22:01:21+00:00 METHOD=POST
2025-10-06T22:01:21+00:00 HEADERS={"User-Agent":"okhttp\/4.12.0","Accept-Encoding":"gzip","Content-Length":"179","Content-Type":"application\/json","X-Api-Key":"YOUR_SECURE_RANDOM_KEY","Host":"wjin.upv.edu.es"}
2025-10-06T22:01:21+00:00 RAW={"mac":"E6:14:89:83:B3:B9","major":2957,"minor":500,"nombre":"GTI-3A","rssi":-56,"timestamp":1759788082254,"txPower":203,"uuid":"45:50:53:47:2d:47:54:49:2d:50:52:4f:59:2d:33:41:"}
2025-10-06T22:01:21+00:00 METHOD=POST
2025-10-06T22:01:21+00:00 HEADERS={"User-Agent":"okhttp\/4.12.0","Accept-Encoding":"gzip","Content-Length":"179","Content-Type":"application\/json","X-Api-Key":"YOUR_SECURE_RANDOM_KEY","Host":"wjin.upv.edu.es"}
2025-10-06T22:01:21+00:00 RAW={"mac":"E6:14:89:83:B3:B9","major":2957,"minor":500,"nombre":"GTI-3A","rssi":-56,"timestamp":1759788082267,"txPower":203,"uuid":"45:50:53:47:2d:47:54:49:2d:50:52:4f:59:2d:33:41:"}
2025-10-06T22:01:22+00:00 METHOD=POST
2025-10-06T22:01:22+00:00 HEADERS={"User-Agent":"okhttp\/4.12.0","Accept-Encoding":"gzip","Content-Length":"179","Content-Type":"application\/json","X-Api-Key":"YOUR_SECURE_RANDOM_KEY","Host":"wjin.upv.edu.es"}
2025-10-06T22:01:22+00:00 RAW={"mac":"E6:14:89:83:B3:B9","major":2957,"minor":500,"nombre":"GTI-3A","rssi":-56,"timestamp":1759788082326,"txPower":203,"uuid":"45:50:53:47:2d:47:54:49:2d:50:52:4f:59:2d:33:41:"}
2025-10-06T22:01:22+00:00 METHOD=POST
2025-10-06T22:01:22+00:00 HEADERS={"User-Agent":"okhttp\/4.12.0","Accept-Encoding":"gzip","Content-Length":"179","Content-Type":"application\/json","X-Api-Key":"YOUR_SECURE_RANDOM_KEY","Host":"wjin.upv.edu.es"}
2025-10-06T22:01:22+00:00 RAW={"mac":"E6:14:89:83:B3:B9","major":2957,"minor":500,"nombre":"GTI-3A","rssi":-56,"timestamp":1759788082340,"txPower":203,"uuid":"45:50:53:47:2d:47:54:49:2d:50:52:4f:59:2d:33:41:"}
2025-10-06T22:01:27+00:00 METHOD=POST
2025-10-06T22:01:27+00:00 HEADERS={"User-Agent":"okhttp\/4.12.0","Accept-Encoding":"gzip","Content-Length":"179","Content-Type":"application\/json","X-Api-Key":"YOUR_SECURE_RANDOM_KEY","Host":"wjin.upv.edu.es"}
2025-10-06T22:01:27+00:00 RAW={"mac":"E6:14:89:83:B3:B9","major":2958,"minor":500,"nombre":"GTI-3A","rssi":-57,"timestamp":1759788087915,"txPower":203,"uuid":"45:50:53:47:2d:47:54:49:2d:50:52:4f:59:2d:33:41:"}
2025-10-06T22:01:27+00:00 METHOD=POST
2025-10-06T22:01:27+00:00 METHOD=POST
2025-10-06T22:01:27+00:00 METHOD=POST
2025-10-06T22:01:27+00:00 HEADERS={"User-Agent":"okhttp\/4.12.0","Accept-Encoding":"gzip","Content-Length":"179","Content-Type":"application\/json","X-Api-Key":"YOUR_SECURE_RANDOM_KEY","Host":"wjin.upv.edu.es"}
2025-10-06T22:01:27+00:00 HEADERS={"User-Agent":"okhttp\/4.12.0","Accept-Encoding":"gzip","Content-Length":"179","Content-Type":"application\/json","X-Api-Key":"YOUR_SECURE_RANDOM_KEY","Host":"wjin.upv.edu.es"}
2025-10-06T22:01:27+00:00 HEADERS={"User-Agent":"okhttp\/4.12.0","Accept-Encoding":"gzip","Content-Length":"179","Content-Type":"application\/json","X-Api-Key":"YOUR_SECURE_RANDOM_KEY","Host":"wjin.upv.edu.es"}
2025-10-06T22:01:27+00:00 RAW={"mac":"E6:14:89:83:B3:B9","major":2958,"minor":500,"nombre":"GTI-3A","rssi":-57,"timestamp":1759788087900,"txPower":203,"uuid":"45:50:53:47:2d:47:54:49:2d:50:52:4f:59:2d:33:41:"}
2025-10-06T22:01:27+00:00 RAW={"mac":"E6:14:89:83:B3:B9","major":2958,"minor":500,"nombre":"GTI-3A","rssi":-56,"timestamp":1759788087941,"txPower":203,"uuid":"45:50:53:47:2d:47:54:49:2d:50:52:4f:59:2d:33:41:"}
2025-10-06T22:01:27+00:00 RAW={"mac":"E6:14:89:83:B3:B9","major":2958,"minor":500,"nombre":"GTI-3A","rssi":-56,"timestamp":1759788087955,"txPower":203,"uuid":"45:50:53:47:2d:47:54:49:2d:50:52:4f:59:2d:33:41:"}
2025-10-06T22:01:27+00:00 METHOD=POST
2025-10-06T22:01:27+00:00 HEADERS={"User-Agent":"okhttp\/4.12.0","Accept-Encoding":"gzip","Content-Length":"179","Content-Type":"application\/json","X-Api-Key":"YOUR_SECURE_RANDOM_KEY","Host":"wjin.upv.edu.es"}
2025-10-06T22:01:27+00:00 RAW={"mac":"E6:14:89:83:B3:B9","major":2958,"minor":500,"nombre":"GTI-3A","rssi":-56,"timestamp":1759788088016,"txPower":203,"uuid":"45:50:53:47:2d:47:54:49:2d:50:52:4f:59:2d:33:41:"}
2025-10-06T22:01:27+00:00 METHOD=POST
2025-10-06T22:01:27+00:00 HEADERS={"User-Agent":"okhttp\/4.12.0","Accept-Encoding":"gzip","Content-Length":"179","Content-Type":"application\/json","X-Api-Key":"YOUR_SECURE_RANDOM_KEY","Host":"wjin.upv.edu.es"}
2025-10-06T22:01:27+00:00 RAW={"mac":"E6:14:89:83:B3:B9","major":2958,"minor":500,"nombre":"GTI-3A","rssi":-56,"timestamp":1759788088030,"txPower":203,"uuid":"45:50:53:47:2d:47:54:49:2d:50:52:4f:59:2d:33:41:"}
2025-10-06T22:01:27+00:00 METHOD=POST
2025-10-06T22:01:27+00:00 HEADERS={"User-Agent":"okhttp\/4.12.0","Accept-Encoding":"gzip","Content-Length":"179","Content-Type":"application\/json","X-Api-Key":"YOUR_SECURE_RANDOM_KEY","Host":"wjin.upv.edu.es"}
2025-10-06T22:01:27+00:00 RAW={"mac":"E6:14:89:83:B3:B9","major":2958,"minor":500,"nombre":"GTI-3A","rssi":-54,"timestamp":1759788088082,"txPower":203,"uuid":"45:50:53:47:2d:47:54:49:2d:50:52:4f:59:2d:33:41:"}
2025-10-06T22:01:27+00:00 METHOD=POST
2025-10-06T22:01:27+00:00 HEADERS={"User-Agent":"okhttp\/4.12.0","Accept-Encoding":"gzip","Content-Length":"179","Content-Type":"application\/json","X-Api-Key":"YOUR_SECURE_RANDOM_KEY","Host":"wjin.upv.edu.es"}
2025-10-06T22:01:27+00:00 RAW={"mac":"E6:14:89:83:B3:B9","major":2958,"minor":500,"nombre":"GTI-3A","rssi":-54,"timestamp":1759788088103,"txPower":203,"uuid":"45:50:53:47:2d:47:54:49:2d:50:52:4f:59:2d:33:41:"}
2025-10-06T22:01:27+00:00 METHOD=POST
2025-10-06T22:01:27+00:00 HEADERS={"User-Agent":"okhttp\/4.12.0","Accept-Encoding":"gzip","Content-Length":"179","Content-Type":"application\/json","X-Api-Key":"YOUR_SECURE_RANDOM_KEY","Host":"wjin.upv.edu.es"}
2025-10-06T22:01:27+00:00 RAW={"mac":"E6:14:89:83:B3:B9","major":2958,"minor":500,"nombre":"GTI-3A","rssi":-57,"timestamp":1759788088150,"txPower":203,"uuid":"45:50:53:47:2d:47:54:49:2d:50:52:4f:59:2d:33:41:"}
2025-10-06T22:01:27+00:00 METHOD=POST
2025-10-06T22:01:27+00:00 HEADERS={"User-Agent":"okhttp\/4.12.0","Accept-Encoding":"gzip","Content-Length":"179","Content-Type":"application\/json","X-Api-Key":"YOUR_SECURE_RANDOM_KEY","Host":"wjin.upv.edu.es"}
2025-10-06T22:01:27+00:00 RAW={"mac":"E6:14:89:83:B3:B9","major":2958,"minor":500,"nombre":"GTI-3A","rssi":-57,"timestamp":1759788088163,"txPower":203,"uuid":"45:50:53:47:2d:47:54:49:2d:50:52:4f:59:2d:33:41:"}
2025-10-06T22:01:27+00:00 METHOD=POST
2025-10-06T22:01:27+00:00 HEADERS={"User-Agent":"okhttp\/4.12.0","Accept-Encoding":"gzip","Content-Length":"179","Content-Type":"application\/json","X-Api-Key":"YOUR_SECURE_RANDOM_KEY","Host":"wjin.upv.edu.es"}
2025-10-06T22:01:27+00:00 RAW={"mac":"E6:14:89:83:B3:B9","major":2958,"minor":500,"nombre":"GTI-3A","rssi":-57,"timestamp":1759788088209,"txPower":203,"uuid":"45:50:53:47:2d:47:54:49:2d:50:52:4f:59:2d:33:41:"}
2025-10-06T22:01:27+00:00 METHOD=POST
2025-10-06T22:01:27+00:00 HEADERS={"User-Agent":"okhttp\/4.12.0","Accept-Encoding":"gzip","Content-Length":"179","Content-Type":"application\/json","X-Api-Key":"YOUR_SECURE_RANDOM_KEY","Host":"wjin.upv.edu.es"}
2025-10-06T22:01:27+00:00 RAW={"mac":"E6:14:89:83:B3:B9","major":2958,"minor":500,"nombre":"GTI-3A","rssi":-57,"timestamp":1759788088225,"txPower":203,"uuid":"45:50:53:47:2d:47:54:49:2d:50:52:4f:59:2d:33:41:"}
2025-10-06T22:01:27+00:00 METHOD=POST
2025-10-06T22:01:27+00:00 HEADERS={"User-Agent":"okhttp\/4.12.0","Accept-Encoding":"gzip","Content-Length":"179","Content-Type":"application\/json","X-Api-Key":"YOUR_SECURE_RANDOM_KEY","Host":"wjin.upv.edu.es"}
2025-10-06T22:01:27+00:00 RAW={"mac":"E6:14:89:83:B3:B9","major":2958,"minor":500,"nombre":"GTI-3A","rssi":-56,"timestamp":1759788088278,"txPower":203,"uuid":"45:50:53:47:2d:47:54:49:2d:50:52:4f:59:2d:33:41:"}
2025-10-06T22:01:27+00:00 METHOD=POST
2025-10-06T22:01:27+00:00 HEADERS={"User-Agent":"okhttp\/4.12.0","Accept-Encoding":"gzip","Content-Length":"179","Content-Type":"application\/json","X-Api-Key":"YOUR_SECURE_RANDOM_KEY","Host":"wjin.upv.edu.es"}
2025-10-06T22:01:27+00:00 RAW={"mac":"E6:14:89:83:B3:B9","major":2958,"minor":500,"nombre":"GTI-3A","rssi":-56,"timestamp":1759788088293,"txPower":203,"uuid":"45:50:53:47:2d:47:54:49:2d:50:52:4f:59:2d:33:41:"}
2025-10-06T22:01:28+00:00 METHOD=POST
2025-10-06T22:01:28+00:00 HEADERS={"User-Agent":"okhttp\/4.12.0","Accept-Encoding":"gzip","Content-Length":"179","Content-Type":"application\/json","X-Api-Key":"YOUR_SECURE_RANDOM_KEY","Host":"wjin.upv.edu.es"}
2025-10-06T22:01:28+00:00 RAW={"mac":"E6:14:89:83:B3:B9","major":2958,"minor":500,"nombre":"GTI-3A","rssi":-54,"timestamp":1759788088353,"txPower":203,"uuid":"45:50:53:47:2d:47:54:49:2d:50:52:4f:59:2d:33:41:"}
2025-10-06T22:01:28+00:00 METHOD=POST
2025-10-06T22:01:28+00:00 HEADERS={"User-Agent":"okhttp\/4.12.0","Accept-Encoding":"gzip","Content-Length":"179","Content-Type":"application\/json","X-Api-Key":"YOUR_SECURE_RANDOM_KEY","Host":"wjin.upv.edu.es"}
2025-10-06T22:01:28+00:00 RAW={"mac":"E6:14:89:83:B3:B9","major":2958,"minor":500,"nombre":"GTI-3A","rssi":-54,"timestamp":1759788088370,"txPower":203,"uuid":"45:50:53:47:2d:47:54:49:2d:50:52:4f:59:2d:33:41:"}
2025-10-06T22:01:28+00:00 METHOD=POST
2025-10-06T22:01:28+00:00 HEADERS={"User-Agent":"okhttp\/4.12.0","Accept-Encoding":"gzip","Content-Length":"179","Content-Type":"application\/json","X-Api-Key":"YOUR_SECURE_RANDOM_KEY","Host":"wjin.upv.edu.es"}
2025-10-06T22:01:28+00:00 RAW={"mac":"E6:14:89:83:B3:B9","major":2958,"minor":500,"nombre":"GTI-3A","rssi":-54,"timestamp":1759788088413,"txPower":203,"uuid":"45:50:53:47:2d:47:54:49:2d:50:52:4f:59:2d:33:41:"}
2025-10-06T22:01:28+00:00 METHOD=POST
2025-10-06T22:01:28+00:00 HEADERS={"User-Agent":"okhttp\/4.12.0","Accept-Encoding":"gzip","Content-Length":"179","Content-Type":"application\/json","X-Api-Key":"YOUR_SECURE_RANDOM_KEY","Host":"wjin.upv.edu.es"}
2025-10-06T22:01:28+00:00 RAW={"mac":"E6:14:89:83:B3:B9","major":2958,"minor":500,"nombre":"GTI-3A","rssi":-54,"timestamp":1759788088432,"txPower":203,"uuid":"45:50:53:47:2d:47:54:49:2d:50:52:4f:59:2d:33:41:"}
2025-10-06T22:01:28+00:00 METHOD=POST
2025-10-06T22:01:28+00:00 HEADERS={"User-Agent":"okhttp\/4.12.0","Accept-Encoding":"gzip","Content-Length":"179","Content-Type":"application\/json","X-Api-Key":"YOUR_SECURE_RANDOM_KEY","Host":"wjin.upv.edu.es"}
2025-10-06T22:01:28+00:00 RAW={"mac":"E6:14:89:83:B3:B9","major":2958,"minor":500,"nombre":"GTI-3A","rssi":-57,"timestamp":1759788088474,"txPower":203,"uuid":"45:50:53:47:2d:47:54:49:2d:50:52:4f:59:2d:33:41:"}
2025-10-06T22:01:28+00:00 METHOD=POST
2025-10-06T22:01:28+00:00 HEADERS={"User-Agent":"okhttp\/4.12.0","Accept-Encoding":"gzip","Content-Length":"179","Content-Type":"application\/json","X-Api-Key":"YOUR_SECURE_RANDOM_KEY","Host":"wjin.upv.edu.es"}
2025-10-06T22:01:28+00:00 RAW={"mac":"E6:14:89:83:B3:B9","major":2958,"minor":500,"nombre":"GTI-3A","rssi":-57,"timestamp":1759788088491,"txPower":203,"uuid":"45:50:53:47:2d:47:54:49:2d:50:52:4f:59:2d:33:41:"}
2025-10-06T22:01:28+00:00 METHOD=POST
2025-10-06T22:01:28+00:00 HEADERS={"User-Agent":"okhttp\/4.12.0","Accept-Encoding":"gzip","Content-Length":"179","Content-Type":"application\/json","X-Api-Key":"YOUR_SECURE_RANDOM_KEY","Host":"wjin.upv.edu.es"}
2025-10-06T22:01:28+00:00 RAW={"mac":"E6:14:89:83:B3:B9","major":2958,"minor":500,"nombre":"GTI-3A","rssi":-56,"timestamp":1759788088552,"txPower":203,"uuid":"45:50:53:47:2d:47:54:49:2d:50:52:4f:59:2d:33:41:"}
2025-10-06T22:01:28+00:00 METHOD=POST
2025-10-06T22:01:28+00:00 HEADERS={"User-Agent":"okhttp\/4.12.0","Accept-Encoding":"gzip","Content-Length":"179","Content-Type":"application\/json","X-Api-Key":"YOUR_SECURE_RANDOM_KEY","Host":"wjin.upv.edu.es"}
2025-10-06T22:01:28+00:00 RAW={"mac":"E6:14:89:83:B3:B9","major":2958,"minor":500,"nombre":"GTI-3A","rssi":-56,"timestamp":1759788088570,"txPower":203,"uuid":"45:50:53:47:2d:47:54:49:2d:50:52:4f:59:2d:33:41:"}
2025-10-06T22:01:28+00:00 METHOD=POST
2025-10-06T22:01:28+00:00 HEADERS={"User-Agent":"okhttp\/4.12.0","Accept-Encoding":"gzip","Content-Length":"179","Content-Type":"application\/json","X-Api-Key":"YOUR_SECURE_RANDOM_KEY","Host":"wjin.upv.edu.es"}
2025-10-06T22:01:28+00:00 RAW={"mac":"E6:14:89:83:B3:B9","major":2958,"minor":500,"nombre":"GTI-3A","rssi":-56,"timestamp":1759788088612,"txPower":203,"uuid":"45:50:53:47:2d:47:54:49:2d:50:52:4f:59:2d:33:41:"}
2025-10-06T22:01:28+00:00 METHOD=POST
2025-10-06T22:01:28+00:00 HEADERS={"User-Agent":"okhttp\/4.12.0","Accept-Encoding":"gzip","Content-Length":"179","Content-Type":"application\/json","X-Api-Key":"YOUR_SECURE_RANDOM_KEY","Host":"wjin.upv.edu.es"}
2025-10-06T22:01:28+00:00 RAW={"mac":"E6:14:89:83:B3:B9","major":2958,"minor":500,"nombre":"GTI-3A","rssi":-56,"timestamp":1759788088625,"txPower":203,"uuid":"45:50:53:47:2d:47:54:49:2d:50:52:4f:59:2d:33:41:"}
2025-10-06T22:01:28+00:00 METHOD=POST
2025-10-06T22:01:28+00:00 METHOD=POST
2025-10-06T22:01:28+00:00 METHOD=POST
2025-10-06T22:01:28+00:00 METHOD=POST
2025-10-06T22:01:28+00:00 METHOD=POST
2025-10-06T22:01:28+00:00 HEADERS={"User-Agent":"okhttp\/4.12.0","Accept-Encoding":"gzip","Content-Length":"179","Content-Type":"application\/json","X-Api-Key":"YOUR_SECURE_RANDOM_KEY","Host":"wjin.upv.edu.es"}
2025-10-06T22:01:28+00:00 HEADERS={"User-Agent":"okhttp\/4.12.0","Accept-Encoding":"gzip","Content-Length":"179","Content-Type":"application\/json","X-Api-Key":"YOUR_SECURE_RANDOM_KEY","Host":"wjin.upv.edu.es"}
2025-10-06T22:01:28+00:00 HEADERS={"User-Agent":"okhttp\/4.12.0","Accept-Encoding":"gzip","Content-Length":"179","Content-Type":"application\/json","X-Api-Key":"YOUR_SECURE_RANDOM_KEY","Host":"wjin.upv.edu.es"}
2025-10-06T22:01:28+00:00 HEADERS={"User-Agent":"okhttp\/4.12.0","Accept-Encoding":"gzip","Content-Length":"179","Content-Type":"application\/json","X-Api-Key":"YOUR_SECURE_RANDOM_KEY","Host":"wjin.upv.edu.es"}
2025-10-06T22:01:28+00:00 HEADERS={"User-Agent":"okhttp\/4.12.0","Accept-Encoding":"gzip","Content-Length":"179","Content-Type":"application\/json","X-Api-Key":"YOUR_SECURE_RANDOM_KEY","Host":"wjin.upv.edu.es"}
2025-10-06T22:01:28+00:00 RAW={"mac":"E6:14:89:83:B3:B9","major":2958,"minor":500,"nombre":"GTI-3A","rssi":-54,"timestamp":1759788088694,"txPower":203,"uuid":"45:50:53:47:2d:47:54:49:2d:50:52:4f:59:2d:33:41:"}
2025-10-06T22:01:28+00:00 RAW={"mac":"E6:14:89:83:B3:B9","major":2958,"minor":500,"nombre":"GTI-3A","rssi":-57,"timestamp":1759788088817,"txPower":203,"uuid":"45:50:53:47:2d:47:54:49:2d:50:52:4f:59:2d:33:41:"}
2025-10-06T22:01:28+00:00 RAW={"mac":"E6:14:89:83:B3:B9","major":2958,"minor":500,"nombre":"GTI-3A","rssi":-54,"timestamp":1759788088680,"txPower":203,"uuid":"45:50:53:47:2d:47:54:49:2d:50:52:4f:59:2d:33:41:"}
2025-10-06T22:01:28+00:00 RAW={"mac":"E6:14:89:83:B3:B9","major":2958,"minor":500,"nombre":"GTI-3A","rssi":-57,"timestamp":1759788088764,"txPower":203,"uuid":"45:50:53:47:2d:47:54:49:2d:50:52:4f:59:2d:33:41:"}
2025-10-06T22:01:28+00:00 RAW={"mac":"E6:14:89:83:B3:B9","major":2958,"minor":500,"nombre":"GTI-3A","rssi":-57,"timestamp":1759788088747,"txPower":203,"uuid":"45:50:53:47:2d:47:54:49:2d:50:52:4f:59:2d:33:41:"}
2025-10-06T22:01:28+00:00 METHOD=POST
2025-10-06T22:01:28+00:00 HEADERS={"User-Agent":"okhttp\/4.12.0","Accept-Encoding":"gzip","Content-Length":"179","Content-Type":"application\/json","X-Api-Key":"YOUR_SECURE_RANDOM_KEY","Host":"wjin.upv.edu.es"}
2025-10-06T22:01:28+00:00 RAW={"mac":"E6:14:89:83:B3:B9","major":2958,"minor":500,"nombre":"GTI-3A","rssi":-57,"timestamp":1759788088830,"txPower":203,"uuid":"45:50:53:47:2d:47:54:49:2d:50:52:4f:59:2d:33:41:"}
2025-10-06T22:01:34+00:00 METHOD=POST
2025-10-06T22:01:34+00:00 METHOD=POST
2025-10-06T22:01:34+00:00 METHOD=POST
2025-10-06T22:01:34+00:00 METHOD=POST
2025-10-06T22:01:34+00:00 HEADERS={"User-Agent":"okhttp\/4.12.0","Accept-Encoding":"gzip","Content-Length":"179","Content-Type":"application\/json","X-Api-Key":"YOUR_SECURE_RANDOM_KEY","Host":"wjin.upv.edu.es"}
2025-10-06T22:01:34+00:00 METHOD=POST
2025-10-06T22:01:34+00:00 HEADERS={"User-Agent":"okhttp\/4.12.0","Accept-Encoding":"gzip","Content-Length":"179","Content-Type":"application\/json","X-Api-Key":"YOUR_SECURE_RANDOM_KEY","Host":"wjin.upv.edu.es"}
2025-10-06T22:01:34+00:00 HEADERS={"User-Agent":"okhttp\/4.12.0","Accept-Encoding":"gzip","Content-Length":"179","Content-Type":"application\/json","X-Api-Key":"YOUR_SECURE_RANDOM_KEY","Host":"wjin.upv.edu.es"}
2025-10-06T22:01:34+00:00 HEADERS={"User-Agent":"okhttp\/4.12.0","Accept-Encoding":"gzip","Content-Length":"179","Content-Type":"application\/json","X-Api-Key":"YOUR_SECURE_RANDOM_KEY","Host":"wjin.upv.edu.es"}
2025-10-06T22:01:34+00:00 RAW={"mac":"E6:14:89:83:B3:B9","major":2959,"minor":500,"nombre":"GTI-3A","rssi":-57,"timestamp":1759788094594,"txPower":203,"uuid":"45:50:53:47:2d:47:54:49:2d:50:52:4f:59:2d:33:41:"}
2025-10-06T22:01:34+00:00 RAW={"mac":"E6:14:89:83:B3:B9","major":2959,"minor":500,"nombre":"GTI-3A","rssi":-54,"timestamp":1759788094394,"txPower":203,"uuid":"45:50:53:47:2d:47:54:49:2d:50:52:4f:59:2d:33:41:"}
2025-10-06T22:01:34+00:00 RAW={"mac":"E6:14:89:83:B3:B9","major":2959,"minor":500,"nombre":"GTI-3A","rssi":-58,"timestamp":1759788094526,"txPower":203,"uuid":"45:50:53:47:2d:47:54:49:2d:50:52:4f:59:2d:33:41:"}
2025-10-06T22:01:34+00:00 HEADERS={"User-Agent":"okhttp\/4.12.0","Accept-Encoding":"gzip","Content-Length":"179","Content-Type":"application\/json","X-Api-Key":"YOUR_SECURE_RANDOM_KEY","Host":"wjin.upv.edu.es"}
2025-10-06T22:01:34+00:00 RAW={"mac":"E6:14:89:83:B3:B9","major":2959,"minor":500,"nombre":"GTI-3A","rssi":-58,"timestamp":1759788094541,"txPower":203,"uuid":"45:50:53:47:2d:47:54:49:2d:50:52:4f:59:2d:33:41:"}
2025-10-06T22:01:34+00:00 RAW={"mac":"E6:14:89:83:B3:B9","major":2959,"minor":500,"nombre":"GTI-3A","rssi":-54,"timestamp":1759788094409,"txPower":203,"uuid":"45:50:53:47:2d:47:54:49:2d:50:52:4f:59:2d:33:41:"}
2025-10-06T22:01:34+00:00 METHOD=POST
2025-10-06T22:01:34+00:00 HEADERS={"User-Agent":"okhttp\/4.12.0","Accept-Encoding":"gzip","Content-Length":"179","Content-Type":"application\/json","X-Api-Key":"YOUR_SECURE_RANDOM_KEY","Host":"wjin.upv.edu.es"}
2025-10-06T22:01:34+00:00 RAW={"mac":"E6:14:89:83:B3:B9","major":2959,"minor":500,"nombre":"GTI-3A","rssi":-57,"timestamp":1759788094610,"txPower":203,"uuid":"45:50:53:47:2d:47:54:49:2d:50:52:4f:59:2d:33:41:"}
2025-10-06T22:01:34+00:00 METHOD=POST
2025-10-06T22:01:34+00:00 METHOD=POST
2025-10-06T22:01:34+00:00 METHOD=POST
2025-10-06T22:01:34+00:00 METHOD=POST
2025-10-06T22:01:34+00:00 HEADERS={"User-Agent":"okhttp\/4.12.0","Accept-Encoding":"gzip","Content-Length":"179","Content-Type":"application\/json","X-Api-Key":"YOUR_SECURE_RANDOM_KEY","Host":"wjin.upv.edu.es"}
2025-10-06T22:01:34+00:00 HEADERS={"User-Agent":"okhttp\/4.12.0","Accept-Encoding":"gzip","Content-Length":"179","Content-Type":"application\/json","X-Api-Key":"YOUR_SECURE_RANDOM_KEY","Host":"wjin.upv.edu.es"}
2025-10-06T22:01:34+00:00 HEADERS={"User-Agent":"okhttp\/4.12.0","Accept-Encoding":"gzip","Content-Length":"179","Content-Type":"application\/json","X-Api-Key":"YOUR_SECURE_RANDOM_KEY","Host":"wjin.upv.edu.es"}
2025-10-06T22:01:34+00:00 HEADERS={"User-Agent":"okhttp\/4.12.0","Accept-Encoding":"gzip","Content-Length":"179","Content-Type":"application\/json","X-Api-Key":"YOUR_SECURE_RANDOM_KEY","Host":"wjin.upv.edu.es"}
2025-10-06T22:01:34+00:00 RAW={"mac":"E6:14:89:83:B3:B9","major":2959,"minor":500,"nombre":"GTI-3A","rssi":-55,"timestamp":1759788094722,"txPower":203,"uuid":"45:50:53:47:2d:47:54:49:2d:50:52:4f:59:2d:33:41:"}
2025-10-06T22:01:34+00:00 RAW={"mac":"E6:14:89:83:B3:B9","major":2959,"minor":500,"nombre":"GTI-3A","rssi":-55,"timestamp":1759788094735,"txPower":203,"uuid":"45:50:53:47:2d:47:54:49:2d:50:52:4f:59:2d:33:41:"}
2025-10-06T22:01:34+00:00 RAW={"mac":"E6:14:89:83:B3:B9","major":2959,"minor":500,"nombre":"GTI-3A","rssi":-54,"timestamp":1759788094673,"txPower":203,"uuid":"45:50:53:47:2d:47:54:49:2d:50:52:4f:59:2d:33:41:"}
2025-10-06T22:01:34+00:00 RAW={"mac":"E6:14:89:83:B3:B9","major":2959,"minor":500,"nombre":"GTI-3A","rssi":-54,"timestamp":1759788094660,"txPower":203,"uuid":"45:50:53:47:2d:47:54:49:2d:50:52:4f:59:2d:33:41:"}
2025-10-06T22:01:34+00:00 METHOD=POST
2025-10-06T22:01:34+00:00 HEADERS={"User-Agent":"okhttp\/4.12.0","Accept-Encoding":"gzip","Content-Length":"179","Content-Type":"application\/json","X-Api-Key":"YOUR_SECURE_RANDOM_KEY","Host":"wjin.upv.edu.es"}
2025-10-06T22:01:34+00:00 RAW={"mac":"E6:14:89:83:B3:B9","major":2959,"minor":500,"nombre":"GTI-3A","rssi":-57,"timestamp":1759788094793,"txPower":203,"uuid":"45:50:53:47:2d:47:54:49:2d:50:52:4f:59:2d:33:41:"}
2025-10-06T22:01:34+00:00 METHOD=POST
2025-10-06T22:01:34+00:00 HEADERS={"User-Agent":"okhttp\/4.12.0","Accept-Encoding":"gzip","Content-Length":"179","Content-Type":"application\/json","X-Api-Key":"YOUR_SECURE_RANDOM_KEY","Host":"wjin.upv.edu.es"}
2025-10-06T22:01:34+00:00 RAW={"mac":"E6:14:89:83:B3:B9","major":2959,"minor":500,"nombre":"GTI-3A","rssi":-57,"timestamp":1759788094806,"txPower":203,"uuid":"45:50:53:47:2d:47:54:49:2d:50:52:4f:59:2d:33:41:"}
2025-10-06T22:01:34+00:00 METHOD=POST
2025-10-06T22:01:34+00:00 HEADERS={"User-Agent":"okhttp\/4.12.0","Accept-Encoding":"gzip","Content-Length":"179","Content-Type":"application\/json","X-Api-Key":"YOUR_SECURE_RANDOM_KEY","Host":"wjin.upv.edu.es"}
2025-10-06T22:01:34+00:00 RAW={"mac":"E6:14:89:83:B3:B9","major":2959,"minor":500,"nombre":"GTI-3A","rssi":-57,"timestamp":1759788094870,"txPower":203,"uuid":"45:50:53:47:2d:47:54:49:2d:50:52:4f:59:2d:33:41:"}
2025-10-06T22:01:34+00:00 METHOD=POST
2025-10-06T22:01:34+00:00 HEADERS={"User-Agent":"okhttp\/4.12.0","Accept-Encoding":"gzip","Content-Length":"179","Content-Type":"application\/json","X-Api-Key":"YOUR_SECURE_RANDOM_KEY","Host":"wjin.upv.edu.es"}
2025-10-06T22:01:34+00:00 RAW={"mac":"E6:14:89:83:B3:B9","major":2959,"minor":500,"nombre":"GTI-3A","rssi":-57,"timestamp":1759788094883,"txPower":203,"uuid":"45:50:53:47:2d:47:54:49:2d:50:52:4f:59:2d:33:41:"}
2025-10-06T22:01:34+00:00 METHOD=POST
2025-10-06T22:01:34+00:00 HEADERS={"User-Agent":"okhttp\/4.12.0","Accept-Encoding":"gzip","Content-Length":"179","Content-Type":"application\/json","X-Api-Key":"YOUR_SECURE_RANDOM_KEY","Host":"wjin.upv.edu.es"}
2025-10-06T22:01:34+00:00 RAW={"mac":"E6:14:89:83:B3:B9","major":2959,"minor":500,"nombre":"GTI-3A","rssi":-57,"timestamp":1759788094943,"txPower":203,"uuid":"45:50:53:47:2d:47:54:49:2d:50:52:4f:59:2d:33:41:"}
2025-10-06T22:01:34+00:00 METHOD=POST
2025-10-06T22:01:34+00:00 HEADERS={"User-Agent":"okhttp\/4.12.0","Accept-Encoding":"gzip","Content-Length":"179","Content-Type":"application\/json","X-Api-Key":"YOUR_SECURE_RANDOM_KEY","Host":"wjin.upv.edu.es"}
2025-10-06T22:01:34+00:00 RAW={"mac":"E6:14:89:83:B3:B9","major":2959,"minor":500,"nombre":"GTI-3A","rssi":-57,"timestamp":1759788094960,"txPower":203,"uuid":"45:50:53:47:2d:47:54:49:2d:50:52:4f:59:2d:33:41:"}
2025-10-06T22:01:34+00:00 METHOD=POST
2025-10-06T22:01:34+00:00 HEADERS={"User-Agent":"okhttp\/4.12.0","Accept-Encoding":"gzip","Content-Length":"179","Content-Type":"application\/json","X-Api-Key":"YOUR_SECURE_RANDOM_KEY","Host":"wjin.upv.edu.es"}
2025-10-06T22:01:34+00:00 RAW={"mac":"E6:14:89:83:B3:B9","major":2959,"minor":500,"nombre":"GTI-3A","rssi":-55,"timestamp":1759788095003,"txPower":203,"uuid":"45:50:53:47:2d:47:54:49:2d:50:52:4f:59:2d:33:41:"}
2025-10-06T22:01:34+00:00 METHOD=POST
2025-10-06T22:01:34+00:00 HEADERS={"User-Agent":"okhttp\/4.12.0","Accept-Encoding":"gzip","Content-Length":"179","Content-Type":"application\/json","X-Api-Key":"YOUR_SECURE_RANDOM_KEY","Host":"wjin.upv.edu.es"}
2025-10-06T22:01:34+00:00 RAW={"mac":"E6:14:89:83:B3:B9","major":2959,"minor":500,"nombre":"GTI-3A","rssi":-55,"timestamp":1759788095017,"txPower":203,"uuid":"45:50:53:47:2d:47:54:49:2d:50:52:4f:59:2d:33:41:"}
2025-10-06T22:01:34+00:00 METHOD=POST
2025-10-06T22:01:34+00:00 HEADERS={"User-Agent":"okhttp\/4.12.0","Accept-Encoding":"gzip","Content-Length":"179","Content-Type":"application\/json","X-Api-Key":"YOUR_SECURE_RANDOM_KEY","Host":"wjin.upv.edu.es"}
2025-10-06T22:01:34+00:00 RAW={"mac":"E6:14:89:83:B3:B9","major":2959,"minor":500,"nombre":"GTI-3A","rssi":-58,"timestamp":1759788095070,"txPower":203,"uuid":"45:50:53:47:2d:47:54:49:2d:50:52:4f:59:2d:33:41:"}
2025-10-06T22:01:34+00:00 METHOD=POST
2025-10-06T22:01:34+00:00 HEADERS={"User-Agent":"okhttp\/4.12.0","Accept-Encoding":"gzip","Content-Length":"179","Content-Type":"application\/json","X-Api-Key":"YOUR_SECURE_RANDOM_KEY","Host":"wjin.upv.edu.es"}
2025-10-06T22:01:34+00:00 RAW={"mac":"E6:14:89:83:B3:B9","major":2959,"minor":500,"nombre":"GTI-3A","rssi":-58,"timestamp":1759788095087,"txPower":203,"uuid":"45:50:53:47:2d:47:54:49:2d:50:52:4f:59:2d:33:41:"}
2025-10-06T22:01:34+00:00 METHOD=POST
2025-10-06T22:01:34+00:00 HEADERS={"User-Agent":"okhttp\/4.12.0","Accept-Encoding":"gzip","Content-Length":"179","Content-Type":"application\/json","X-Api-Key":"YOUR_SECURE_RANDOM_KEY","Host":"wjin.upv.edu.es"}
2025-10-06T22:01:34+00:00 RAW={"mac":"E6:14:89:83:B3:B9","major":2959,"minor":500,"nombre":"GTI-3A","rssi":-58,"timestamp":1759788095130,"txPower":203,"uuid":"45:50:53:47:2d:47:54:49:2d:50:52:4f:59:2d:33:41:"}
2025-10-06T22:01:34+00:00 METHOD=POST
2025-10-06T22:01:34+00:00 HEADERS={"User-Agent":"okhttp\/4.12.0","Accept-Encoding":"gzip","Content-Length":"179","Content-Type":"application\/json","X-Api-Key":"YOUR_SECURE_RANDOM_KEY","Host":"wjin.upv.edu.es"}
2025-10-06T22:01:34+00:00 RAW={"mac":"E6:14:89:83:B3:B9","major":2959,"minor":500,"nombre":"GTI-3A","rssi":-58,"timestamp":1759788095146,"txPower":203,"uuid":"45:50:53:47:2d:47:54:49:2d:50:52:4f:59:2d:33:41:"}
2025-10-06T22:01:34+00:00 METHOD=POST
2025-10-06T22:01:34+00:00 HEADERS={"User-Agent":"okhttp\/4.12.0","Accept-Encoding":"gzip","Content-Length":"179","Content-Type":"application\/json","X-Api-Key":"YOUR_SECURE_RANDOM_KEY","Host":"wjin.upv.edu.es"}
2025-10-06T22:01:34+00:00 RAW={"mac":"E6:14:89:83:B3:B9","major":2959,"minor":500,"nombre":"GTI-3A","rssi":-57,"timestamp":1759788095205,"txPower":203,"uuid":"45:50:53:47:2d:47:54:49:2d:50:52:4f:59:2d:33:41:"}
2025-10-06T22:01:34+00:00 METHOD=POST
2025-10-06T22:01:34+00:00 HEADERS={"User-Agent":"okhttp\/4.12.0","Accept-Encoding":"gzip","Content-Length":"179","Content-Type":"application\/json","X-Api-Key":"YOUR_SECURE_RANDOM_KEY","Host":"wjin.upv.edu.es"}
2025-10-06T22:01:34+00:00 RAW={"mac":"E6:14:89:83:B3:B9","major":2959,"minor":500,"nombre":"GTI-3A","rssi":-57,"timestamp":1759788095219,"txPower":203,"uuid":"45:50:53:47:2d:47:54:49:2d:50:52:4f:59:2d:33:41:"}
2025-10-06T22:01:34+00:00 METHOD=POST
2025-10-06T22:01:34+00:00 HEADERS={"User-Agent":"okhttp\/4.12.0","Accept-Encoding":"gzip","Content-Length":"179","Content-Type":"application\/json","X-Api-Key":"YOUR_SECURE_RANDOM_KEY","Host":"wjin.upv.edu.es"}
2025-10-06T22:01:34+00:00 RAW={"mac":"E6:14:89:83:B3:B9","major":2959,"minor":500,"nombre":"GTI-3A","rssi":-55,"timestamp":1759788095269,"txPower":203,"uuid":"45:50:53:47:2d:47:54:49:2d:50:52:4f:59:2d:33:41:"}
2025-10-06T22:01:34+00:00 METHOD=POST
2025-10-06T22:01:34+00:00 HEADERS={"User-Agent":"okhttp\/4.12.0","Accept-Encoding":"gzip","Content-Length":"179","Content-Type":"application\/json","X-Api-Key":"YOUR_SECURE_RANDOM_KEY","Host":"wjin.upv.edu.es"}
2025-10-06T22:01:34+00:00 RAW={"mac":"E6:14:89:83:B3:B9","major":2959,"minor":500,"nombre":"GTI-3A","rssi":-55,"timestamp":1759788095288,"txPower":203,"uuid":"45:50:53:47:2d:47:54:49:2d:50:52:4f:59:2d:33:41:"}
2025-10-06T22:01:35+00:00 METHOD=POST
2025-10-06T22:01:35+00:00 HEADERS={"User-Agent":"okhttp\/4.12.0","Accept-Encoding":"gzip","Content-Length":"179","Content-Type":"application\/json","X-Api-Key":"YOUR_SECURE_RANDOM_KEY","Host":"wjin.upv.edu.es"}
2025-10-06T22:01:35+00:00 RAW={"mac":"E6:14:89:83:B3:B9","major":2959,"minor":500,"nombre":"GTI-3A","rssi":-55,"timestamp":1759788095332,"txPower":203,"uuid":"45:50:53:47:2d:47:54:49:2d:50:52:4f:59:2d:33:41:"}
2025-10-06T22:01:35+00:00 METHOD=POST
2025-10-06T22:01:35+00:00 HEADERS={"User-Agent":"okhttp\/4.12.0","Accept-Encoding":"gzip","Content-Length":"179","Content-Type":"application\/json","X-Api-Key":"YOUR_SECURE_RANDOM_KEY","Host":"wjin.upv.edu.es"}
2025-10-06T22:01:35+00:00 RAW={"mac":"E6:14:89:83:B3:B9","major":2959,"minor":500,"nombre":"GTI-3A","rssi":-55,"timestamp":1759788095345,"txPower":203,"uuid":"45:50:53:47:2d:47:54:49:2d:50:52:4f:59:2d:33:41:"}
2025-10-06T22:01:40+00:00 METHOD=POST
2025-10-06T22:01:40+00:00 HEADERS={"User-Agent":"okhttp\/4.12.0","Accept-Encoding":"gzip","Content-Length":"179","Content-Type":"application\/json","X-Api-Key":"YOUR_SECURE_RANDOM_KEY","Host":"wjin.upv.edu.es"}
2025-10-06T22:01:40+00:00 RAW={"mac":"E6:14:89:83:B3:B9","major":2960,"minor":500,"nombre":"GTI-3A","rssi":-57,"timestamp":1759788100903,"txPower":203,"uuid":"45:50:53:47:2d:47:54:49:2d:50:52:4f:59:2d:33:41:"}
2025-10-06T22:01:40+00:00 METHOD=POST
2025-10-06T22:01:40+00:00 METHOD=POST
2025-10-06T22:01:40+00:00 METHOD=POST
2025-10-06T22:01:40+00:00 METHOD=POST
2025-10-06T22:01:40+00:00 METHOD=POST
2025-10-06T22:01:40+00:00 HEADERS={"User-Agent":"okhttp\/4.12.0","Accept-Encoding":"gzip","Content-Length":"179","Content-Type":"application\/json","X-Api-Key":"YOUR_SECURE_RANDOM_KEY","Host":"wjin.upv.edu.es"}
2025-10-06T22:01:40+00:00 HEADERS={"User-Agent":"okhttp\/4.12.0","Accept-Encoding":"gzip","Content-Length":"179","Content-Type":"application\/json","X-Api-Key":"YOUR_SECURE_RANDOM_KEY","Host":"wjin.upv.edu.es"}
2025-10-06T22:01:40+00:00 HEADERS={"User-Agent":"okhttp\/4.12.0","Accept-Encoding":"gzip","Content-Length":"179","Content-Type":"application\/json","X-Api-Key":"YOUR_SECURE_RANDOM_KEY","Host":"wjin.upv.edu.es"}
2025-10-06T22:01:40+00:00 HEADERS={"User-Agent":"okhttp\/4.12.0","Accept-Encoding":"gzip","Content-Length":"179","Content-Type":"application\/json","X-Api-Key":"YOUR_SECURE_RANDOM_KEY","Host":"wjin.upv.edu.es"}
2025-10-06T22:01:40+00:00 HEADERS={"User-Agent":"okhttp\/4.12.0","Accept-Encoding":"gzip","Content-Length":"179","Content-Type":"application\/json","X-Api-Key":"YOUR_SECURE_RANDOM_KEY","Host":"wjin.upv.edu.es"}
2025-10-06T22:01:40+00:00 RAW={"mac":"E6:14:89:83:B3:B9","major":2960,"minor":500,"nombre":"GTI-3A","rssi":-54,"timestamp":1759788101023,"txPower":203,"uuid":"45:50:53:47:2d:47:54:49:2d:50:52:4f:59:2d:33:41:"}
2025-10-06T22:01:40+00:00 RAW={"mac":"E6:14:89:83:B3:B9","major":2960,"minor":500,"nombre":"GTI-3A","rssi":-54,"timestamp":1759788101037,"txPower":203,"uuid":"45:50:53:47:2d:47:54:49:2d:50:52:4f:59:2d:33:41:"}
2025-10-06T22:01:40+00:00 RAW={"mac":"E6:14:89:83:B3:B9","major":2960,"minor":500,"nombre":"GTI-3A","rssi":-55,"timestamp":1759788100940,"txPower":203,"uuid":"45:50:53:47:2d:47:54:49:2d:50:52:4f:59:2d:33:41:"}
2025-10-06T22:01:40+00:00 RAW={"mac":"E6:14:89:83:B3:B9","major":2960,"minor":500,"nombre":"GTI-3A","rssi":-57,"timestamp":1759788100917,"txPower":203,"uuid":"45:50:53:47:2d:47:54:49:2d:50:52:4f:59:2d:33:41:"}
2025-10-06T22:01:40+00:00 RAW={"mac":"E6:14:89:83:B3:B9","major":2960,"minor":500,"nombre":"GTI-3A","rssi":-55,"timestamp":1759788100953,"txPower":203,"uuid":"45:50:53:47:2d:47:54:49:2d:50:52:4f:59:2d:33:41:"}
2025-10-06T22:01:40+00:00 METHOD=POST
2025-10-06T22:01:40+00:00 HEADERS={"User-Agent":"okhttp\/4.12.0","Accept-Encoding":"gzip","Content-Length":"179","Content-Type":"application\/json","X-Api-Key":"YOUR_SECURE_RANDOM_KEY","Host":"wjin.upv.edu.es"}
2025-10-06T22:01:40+00:00 RAW={"mac":"E6:14:89:83:B3:B9","major":2960,"minor":500,"nombre":"GTI-3A","rssi":-57,"timestamp":1759788101080,"txPower":203,"uuid":"45:50:53:47:2d:47:54:49:2d:50:52:4f:59:2d:33:41:"}
2025-10-06T22:01:40+00:00 METHOD=POST
2025-10-06T22:01:40+00:00 METHOD=POST
2025-10-06T22:01:40+00:00 METHOD=POST
2025-10-06T22:01:40+00:00 METHOD=POST
2025-10-06T22:01:40+00:00 HEADERS={"User-Agent":"okhttp\/4.12.0","Accept-Encoding":"gzip","Content-Length":"179","Content-Type":"application\/json","X-Api-Key":"YOUR_SECURE_RANDOM_KEY","Host":"wjin.upv.edu.es"}
2025-10-06T22:01:40+00:00 HEADERS={"User-Agent":"okhttp\/4.12.0","Accept-Encoding":"gzip","Content-Length":"179","Content-Type":"application\/json","X-Api-Key":"YOUR_SECURE_RANDOM_KEY","Host":"wjin.upv.edu.es"}
2025-10-06T22:01:40+00:00 HEADERS={"User-Agent":"okhttp\/4.12.0","Accept-Encoding":"gzip","Content-Length":"179","Content-Type":"application\/json","X-Api-Key":"YOUR_SECURE_RANDOM_KEY","Host":"wjin.upv.edu.es"}
2025-10-06T22:01:40+00:00 RAW={"mac":"E6:14:89:83:B3:B9","major":2960,"minor":500,"nombre":"GTI-3A","rssi":-58,"timestamp":1759788101218,"txPower":203,"uuid":"45:50:53:47:2d:47:54:49:2d:50:52:4f:59:2d:33:41:"}
2025-10-06T22:01:40+00:00 HEADERS={"User-Agent":"okhttp\/4.12.0","Accept-Encoding":"gzip","Content-Length":"179","Content-Type":"application\/json","X-Api-Key":"YOUR_SECURE_RANDOM_KEY","Host":"wjin.upv.edu.es"}
2025-10-06T22:01:40+00:00 RAW={"mac":"E6:14:89:83:B3:B9","major":2960,"minor":500,"nombre":"GTI-3A","rssi":-57,"timestamp":1759788101156,"txPower":203,"uuid":"45:50:53:47:2d:47:54:49:2d:50:52:4f:59:2d:33:41:"}
2025-10-06T22:01:40+00:00 RAW={"mac":"E6:14:89:83:B3:B9","major":2960,"minor":500,"nombre":"GTI-3A","rssi":-57,"timestamp":1759788101169,"txPower":203,"uuid":"45:50:53:47:2d:47:54:49:2d:50:52:4f:59:2d:33:41:"}
2025-10-06T22:01:40+00:00 RAW={"mac":"E6:14:89:83:B3:B9","major":2960,"minor":500,"nombre":"GTI-3A","rssi":-57,"timestamp":1759788101092,"txPower":203,"uuid":"45:50:53:47:2d:47:54:49:2d:50:52:4f:59:2d:33:41:"}
2025-10-06T22:01:40+00:00 METHOD=POST
2025-10-06T22:01:40+00:00 HEADERS={"User-Agent":"okhttp\/4.12.0","Accept-Encoding":"gzip","Content-Length":"179","Content-Type":"application\/json","X-Api-Key":"YOUR_SECURE_RANDOM_KEY","Host":"wjin.upv.edu.es"}
2025-10-06T22:01:40+00:00 RAW={"mac":"E6:14:89:83:B3:B9","major":2960,"minor":500,"nombre":"GTI-3A","rssi":-58,"timestamp":1759788101231,"txPower":203,"uuid":"45:50:53:47:2d:47:54:49:2d:50:52:4f:59:2d:33:41:"}
2025-10-06T22:01:41+00:00 METHOD=POST
2025-10-06T22:01:41+00:00 HEADERS={"User-Agent":"okhttp\/4.12.0","Accept-Encoding":"gzip","Content-Length":"179","Content-Type":"application\/json","X-Api-Key":"YOUR_SECURE_RANDOM_KEY","Host":"wjin.upv.edu.es"}
2025-10-06T22:01:41+00:00 RAW={"mac":"E6:14:89:83:B3:B9","major":2960,"minor":500,"nombre":"GTI-3A","rssi":-55,"timestamp":1759788101288,"txPower":203,"uuid":"45:50:53:47:2d:47:54:49:2d:50:52:4f:59:2d:33:41:"}
2025-10-06T22:01:41+00:00 METHOD=POST
2025-10-06T22:01:41+00:00 METHOD=POST
2025-10-06T22:01:41+00:00 HEADERS={"User-Agent":"okhttp\/4.12.0","Accept-Encoding":"gzip","Content-Length":"179","Content-Type":"application\/json","X-Api-Key":"YOUR_SECURE_RANDOM_KEY","Host":"wjin.upv.edu.es"}
2025-10-06T22:01:41+00:00 HEADERS={"User-Agent":"okhttp\/4.12.0","Accept-Encoding":"gzip","Content-Length":"179","Content-Type":"application\/json","X-Api-Key":"YOUR_SECURE_RANDOM_KEY","Host":"wjin.upv.edu.es"}
2025-10-06T22:01:41+00:00 RAW={"mac":"E6:14:89:83:B3:B9","major":2960,"minor":500,"nombre":"GTI-3A","rssi":-57,"timestamp":1759788101362,"txPower":203,"uuid":"45:50:53:47:2d:47:54:49:2d:50:52:4f:59:2d:33:41:"}
2025-10-06T22:01:41+00:00 RAW={"mac":"E6:14:89:83:B3:B9","major":2960,"minor":500,"nombre":"GTI-3A","rssi":-55,"timestamp":1759788101301,"txPower":203,"uuid":"45:50:53:47:2d:47:54:49:2d:50:52:4f:59:2d:33:41:"}
2025-10-06T22:01:41+00:00 METHOD=POST
2025-10-06T22:01:41+00:00 HEADERS={"User-Agent":"okhttp\/4.12.0","Accept-Encoding":"gzip","Content-Length":"179","Content-Type":"application\/json","X-Api-Key":"YOUR_SECURE_RANDOM_KEY","Host":"wjin.upv.edu.es"}
2025-10-06T22:01:41+00:00 RAW={"mac":"E6:14:89:83:B3:B9","major":2960,"minor":500,"nombre":"GTI-3A","rssi":-57,"timestamp":1759788101374,"txPower":203,"uuid":"45:50:53:47:2d:47:54:49:2d:50:52:4f:59:2d:33:41:"}
2025-10-06T22:01:41+00:00 METHOD=POST
2025-10-06T22:01:41+00:00 HEADERS={"User-Agent":"okhttp\/4.12.0","Accept-Encoding":"gzip","Content-Length":"179","Content-Type":"application\/json","X-Api-Key":"YOUR_SECURE_RANDOM_KEY","Host":"wjin.upv.edu.es"}
2025-10-06T22:01:41+00:00 RAW={"mac":"E6:14:89:83:B3:B9","major":2960,"minor":500,"nombre":"GTI-3A","rssi":-57,"timestamp":1759788101426,"txPower":203,"uuid":"45:50:53:47:2d:47:54:49:2d:50:52:4f:59:2d:33:41:"}
2025-10-06T22:01:41+00:00 METHOD=POST
2025-10-06T22:01:41+00:00 HEADERS={"User-Agent":"okhttp\/4.12.0","Accept-Encoding":"gzip","Content-Length":"179","Content-Type":"application\/json","X-Api-Key":"YOUR_SECURE_RANDOM_KEY","Host":"wjin.upv.edu.es"}
2025-10-06T22:01:41+00:00 RAW={"mac":"E6:14:89:83:B3:B9","major":2960,"minor":500,"nombre":"GTI-3A","rssi":-57,"timestamp":1759788101441,"txPower":203,"uuid":"45:50:53:47:2d:47:54:49:2d:50:52:4f:59:2d:33:41:"}
2025-10-06T22:01:41+00:00 METHOD=POST
2025-10-06T22:01:41+00:00 HEADERS={"User-Agent":"okhttp\/4.12.0","Accept-Encoding":"gzip","Content-Length":"179","Content-Type":"application\/json","X-Api-Key":"YOUR_SECURE_RANDOM_KEY","Host":"wjin.upv.edu.es"}
2025-10-06T22:01:41+00:00 RAW={"mac":"E6:14:89:83:B3:B9","major":2960,"minor":500,"nombre":"GTI-3A","rssi":-55,"timestamp":1759788101574,"txPower":203,"uuid":"45:50:53:47:2d:47:54:49:2d:50:52:4f:59:2d:33:41:"}
2025-10-06T22:01:41+00:00 METHOD=POST
2025-10-06T22:01:41+00:00 HEADERS={"User-Agent":"okhttp\/4.12.0","Accept-Encoding":"gzip","Content-Length":"179","Content-Type":"application\/json","X-Api-Key":"YOUR_SECURE_RANDOM_KEY","Host":"wjin.upv.edu.es"}
2025-10-06T22:01:41+00:00 RAW={"mac":"E6:14:89:83:B3:B9","major":2960,"minor":500,"nombre":"GTI-3A","rssi":-55,"timestamp":1759788101586,"txPower":203,"uuid":"45:50:53:47:2d:47:54:49:2d:50:52:4f:59:2d:33:41:"}
2025-10-06T22:01:41+00:00 METHOD=POST
2025-10-06T22:01:41+00:00 HEADERS={"User-Agent":"okhttp\/4.12.0","Accept-Encoding":"gzip","Content-Length":"179","Content-Type":"application\/json","X-Api-Key":"YOUR_SECURE_RANDOM_KEY","Host":"wjin.upv.edu.es"}
2025-10-06T22:01:41+00:00 RAW={"mac":"E6:14:89:83:B3:B9","major":2960,"minor":500,"nombre":"GTI-3A","rssi":-57,"timestamp":1759788101642,"txPower":203,"uuid":"45:50:53:47:2d:47:54:49:2d:50:52:4f:59:2d:33:41:"}
2025-10-06T22:01:41+00:00 METHOD=POST
2025-10-06T22:01:41+00:00 HEADERS={"User-Agent":"okhttp\/4.12.0","Accept-Encoding":"gzip","Content-Length":"179","Content-Type":"application\/json","X-Api-Key":"YOUR_SECURE_RANDOM_KEY","Host":"wjin.upv.edu.es"}
2025-10-06T22:01:41+00:00 RAW={"mac":"E6:14:89:83:B3:B9","major":2960,"minor":500,"nombre":"GTI-3A","rssi":-57,"timestamp":1759788101656,"txPower":203,"uuid":"45:50:53:47:2d:47:54:49:2d:50:52:4f:59:2d:33:41:"}
2025-10-06T22:01:41+00:00 METHOD=POST
2025-10-06T22:01:41+00:00 HEADERS={"User-Agent":"okhttp\/4.12.0","Accept-Encoding":"gzip","Content-Length":"179","Content-Type":"application\/json","X-Api-Key":"YOUR_SECURE_RANDOM_KEY","Host":"wjin.upv.edu.es"}
2025-10-06T22:01:41+00:00 RAW={"mac":"E6:14:89:83:B3:B9","major":2960,"minor":500,"nombre":"GTI-3A","rssi":-57,"timestamp":1759788101702,"txPower":203,"uuid":"45:50:53:47:2d:47:54:49:2d:50:52:4f:59:2d:33:41:"}
2025-10-06T22:01:41+00:00 METHOD=POST
2025-10-06T22:01:41+00:00 HEADERS={"User-Agent":"okhttp\/4.12.0","Accept-Encoding":"gzip","Content-Length":"179","Content-Type":"application\/json","X-Api-Key":"YOUR_SECURE_RANDOM_KEY","Host":"wjin.upv.edu.es"}
2025-10-06T22:01:41+00:00 RAW={"mac":"E6:14:89:83:B3:B9","major":2960,"minor":500,"nombre":"GTI-3A","rssi":-57,"timestamp":1759788101718,"txPower":203,"uuid":"45:50:53:47:2d:47:54:49:2d:50:52:4f:59:2d:33:41:"}
2025-10-06T22:01:41+00:00 METHOD=POST
2025-10-06T22:01:41+00:00 HEADERS={"User-Agent":"okhttp\/4.12.0","Accept-Encoding":"gzip","Content-Length":"179","Content-Type":"application\/json","X-Api-Key":"YOUR_SECURE_RANDOM_KEY","Host":"wjin.upv.edu.es"}
2025-10-06T22:01:41+00:00 RAW={"mac":"E6:14:89:83:B3:B9","major":2960,"minor":500,"nombre":"GTI-3A","rssi":-59,"timestamp":1759788101782,"txPower":203,"uuid":"45:50:53:47:2d:47:54:49:2d:50:52:4f:59:2d:33:41:"}
2025-10-06T22:01:41+00:00 METHOD=POST
2025-10-06T22:01:41+00:00 HEADERS={"User-Agent":"okhttp\/4.12.0","Accept-Encoding":"gzip","Content-Length":"179","Content-Type":"application\/json","X-Api-Key":"YOUR_SECURE_RANDOM_KEY","Host":"wjin.upv.edu.es"}
2025-10-06T22:01:41+00:00 RAW={"mac":"E6:14:89:83:B3:B9","major":2960,"minor":500,"nombre":"GTI-3A","rssi":-59,"timestamp":1759788101796,"txPower":203,"uuid":"45:50:53:47:2d:47:54:49:2d:50:52:4f:59:2d:33:41:"}
2025-10-06T22:01:41+00:00 METHOD=POST
2025-10-06T22:01:41+00:00 HEADERS={"User-Agent":"okhttp\/4.12.0","Accept-Encoding":"gzip","Content-Length":"179","Content-Type":"application\/json","X-Api-Key":"YOUR_SECURE_RANDOM_KEY","Host":"wjin.upv.edu.es"}
2025-10-06T22:01:41+00:00 RAW={"mac":"E6:14:89:83:B3:B9","major":2960,"minor":500,"nombre":"GTI-3A","rssi":-55,"timestamp":1759788101843,"txPower":203,"uuid":"45:50:53:47:2d:47:54:49:2d:50:52:4f:59:2d:33:41:"}
2025-10-06T22:01:41+00:00 METHOD=POST
2025-10-06T22:01:41+00:00 HEADERS={"User-Agent":"okhttp\/4.12.0","Accept-Encoding":"gzip","Content-Length":"179","Content-Type":"application\/json","X-Api-Key":"YOUR_SECURE_RANDOM_KEY","Host":"wjin.upv.edu.es"}
2025-10-06T22:01:41+00:00 RAW={"mac":"E6:14:89:83:B3:B9","major":2960,"minor":500,"nombre":"GTI-3A","rssi":-55,"timestamp":1759788101857,"txPower":203,"uuid":"45:50:53:47:2d:47:54:49:2d:50:52:4f:59:2d:33:41:"}
2025-10-06T22:01:47+00:00 METHOD=POST
2025-10-06T22:01:47+00:00 HEADERS={"User-Agent":"okhttp\/4.12.0","Accept-Encoding":"gzip","Content-Length":"179","Content-Type":"application\/json","X-Api-Key":"YOUR_SECURE_RANDOM_KEY","Host":"wjin.upv.edu.es"}
2025-10-06T22:01:47+00:00 RAW={"mac":"E6:14:89:83:B3:B9","major":2961,"minor":500,"nombre":"GTI-3A","rssi":-60,"timestamp":1759788107376,"txPower":203,"uuid":"45:50:53:47:2d:47:54:49:2d:50:52:4f:59:2d:33:41:"}
2025-10-06T22:01:47+00:00 METHOD=POST
2025-10-06T22:01:47+00:00 HEADERS={"User-Agent":"okhttp\/4.12.0","Accept-Encoding":"gzip","Content-Length":"179","Content-Type":"application\/json","X-Api-Key":"YOUR_SECURE_RANDOM_KEY","Host":"wjin.upv.edu.es"}
2025-10-06T22:01:47+00:00 RAW={"mac":"E6:14:89:83:B3:B9","major":2961,"minor":500,"nombre":"GTI-3A","rssi":-60,"timestamp":1759788107401,"txPower":203,"uuid":"45:50:53:47:2d:47:54:49:2d:50:52:4f:59:2d:33:41:"}
2025-10-06T22:01:47+00:00 METHOD=POST
2025-10-06T22:01:47+00:00 HEADERS={"User-Agent":"okhttp\/4.12.0","Accept-Encoding":"gzip","Content-Length":"179","Content-Type":"application\/json","X-Api-Key":"YOUR_SECURE_RANDOM_KEY","Host":"wjin.upv.edu.es"}
2025-10-06T22:01:47+00:00 RAW={"mac":"E6:14:89:83:B3:B9","major":2961,"minor":500,"nombre":"GTI-3A","rssi":-60,"timestamp":1759788107442,"txPower":203,"uuid":"45:50:53:47:2d:47:54:49:2d:50:52:4f:59:2d:33:41:"}
2025-10-06T22:01:47+00:00 METHOD=POST
2025-10-06T22:01:47+00:00 HEADERS={"User-Agent":"okhttp\/4.12.0","Accept-Encoding":"gzip","Content-Length":"179","Content-Type":"application\/json","X-Api-Key":"YOUR_SECURE_RANDOM_KEY","Host":"wjin.upv.edu.es"}
2025-10-06T22:01:47+00:00 RAW={"mac":"E6:14:89:83:B3:B9","major":2961,"minor":500,"nombre":"GTI-3A","rssi":-60,"timestamp":1759788107475,"txPower":203,"uuid":"45:50:53:47:2d:47:54:49:2d:50:52:4f:59:2d:33:41:"}
2025-10-06T22:01:47+00:00 METHOD=POST
2025-10-06T22:01:47+00:00 HEADERS={"User-Agent":"okhttp\/4.12.0","Accept-Encoding":"gzip","Content-Length":"179","Content-Type":"application\/json","X-Api-Key":"YOUR_SECURE_RANDOM_KEY","Host":"wjin.upv.edu.es"}
2025-10-06T22:01:47+00:00 RAW={"mac":"E6:14:89:83:B3:B9","major":2961,"minor":500,"nombre":"GTI-3A","rssi":-60,"timestamp":1759788107490,"txPower":203,"uuid":"45:50:53:47:2d:47:54:49:2d:50:52:4f:59:2d:33:41:"}
2025-10-06T22:01:47+00:00 METHOD=POST
2025-10-06T22:01:47+00:00 HEADERS={"User-Agent":"okhttp\/4.12.0","Accept-Encoding":"gzip","Content-Length":"179","Content-Type":"application\/json","X-Api-Key":"YOUR_SECURE_RANDOM_KEY","Host":"wjin.upv.edu.es"}
2025-10-06T22:01:47+00:00 RAW={"mac":"E6:14:89:83:B3:B9","major":2961,"minor":500,"nombre":"GTI-3A","rssi":-60,"timestamp":1759788107512,"txPower":203,"uuid":"45:50:53:47:2d:47:54:49:2d:50:52:4f:59:2d:33:41:"}
2025-10-06T22:01:47+00:00 METHOD=POST
2025-10-06T22:01:47+00:00 METHOD=POST
2025-10-06T22:01:47+00:00 METHOD=POST
2025-10-06T22:01:47+00:00 METHOD=POST
2025-10-06T22:01:47+00:00 METHOD=POST
2025-10-06T22:01:47+00:00 HEADERS={"User-Agent":"okhttp\/4.12.0","Accept-Encoding":"gzip","Content-Length":"179","Content-Type":"application\/json","X-Api-Key":"YOUR_SECURE_RANDOM_KEY","Host":"wjin.upv.edu.es"}
2025-10-06T22:01:47+00:00 HEADERS={"User-Agent":"okhttp\/4.12.0","Accept-Encoding":"gzip","Content-Length":"179","Content-Type":"application\/json","X-Api-Key":"YOUR_SECURE_RANDOM_KEY","Host":"wjin.upv.edu.es"}
2025-10-06T22:01:47+00:00 HEADERS={"User-Agent":"okhttp\/4.12.0","Accept-Encoding":"gzip","Content-Length":"179","Content-Type":"application\/json","X-Api-Key":"YOUR_SECURE_RANDOM_KEY","Host":"wjin.upv.edu.es"}
2025-10-06T22:01:47+00:00 HEADERS={"User-Agent":"okhttp\/4.12.0","Accept-Encoding":"gzip","Content-Length":"179","Content-Type":"application\/json","X-Api-Key":"YOUR_SECURE_RANDOM_KEY","Host":"wjin.upv.edu.es"}
2025-10-06T22:01:47+00:00 HEADERS={"User-Agent":"okhttp\/4.12.0","Accept-Encoding":"gzip","Content-Length":"179","Content-Type":"application\/json","X-Api-Key":"YOUR_SECURE_RANDOM_KEY","Host":"wjin.upv.edu.es"}
2025-10-06T22:01:47+00:00 RAW={"mac":"E6:14:89:83:B3:B9","major":2961,"minor":500,"nombre":"GTI-3A","rssi":-59,"timestamp":1759788107650,"txPower":203,"uuid":"45:50:53:47:2d:47:54:49:2d:50:52:4f:59:2d:33:41:"}
2025-10-06T22:01:47+00:00 RAW={"mac":"E6:14:89:83:B3:B9","major":2961,"minor":500,"nombre":"GTI-3A","rssi":-59,"timestamp":1759788107575,"txPower":203,"uuid":"45:50:53:47:2d:47:54:49:2d:50:52:4f:59:2d:33:41:"}
2025-10-06T22:01:47+00:00 RAW={"mac":"E6:14:89:83:B3:B9","major":2961,"minor":500,"nombre":"GTI-3A","rssi":-59,"timestamp":1759788107597,"txPower":203,"uuid":"45:50:53:47:2d:47:54:49:2d:50:52:4f:59:2d:33:41:"}
2025-10-06T22:01:47+00:00 RAW={"mac":"E6:14:89:83:B3:B9","major":2961,"minor":500,"nombre":"GTI-3A","rssi":-59,"timestamp":1759788107614,"txPower":203,"uuid":"45:50:53:47:2d:47:54:49:2d:50:52:4f:59:2d:33:41:"}
2025-10-06T22:01:47+00:00 RAW={"mac":"E6:14:89:83:B3:B9","major":2961,"minor":500,"nombre":"GTI-3A","rssi":-59,"timestamp":1759788107673,"txPower":203,"uuid":"45:50:53:47:2d:47:54:49:2d:50:52:4f:59:2d:33:41:"}
2025-10-06T22:01:47+00:00 METHOD=POST
2025-10-06T22:01:47+00:00 HEADERS={"User-Agent":"okhttp\/4.12.0","Accept-Encoding":"gzip","Content-Length":"179","Content-Type":"application\/json","X-Api-Key":"YOUR_SECURE_RANDOM_KEY","Host":"wjin.upv.edu.es"}
2025-10-06T22:01:47+00:00 RAW={"mac":"E6:14:89:83:B3:B9","major":2961,"minor":500,"nombre":"GTI-3A","rssi":-59,"timestamp":1759788107692,"txPower":203,"uuid":"45:50:53:47:2d:47:54:49:2d:50:52:4f:59:2d:33:41:"}
2025-10-06T22:01:47+00:00 METHOD=POST
2025-10-06T22:01:47+00:00 HEADERS={"User-Agent":"okhttp\/4.12.0","Accept-Encoding":"gzip","Content-Length":"179","Content-Type":"application\/json","X-Api-Key":"YOUR_SECURE_RANDOM_KEY","Host":"wjin.upv.edu.es"}
2025-10-06T22:01:47+00:00 RAW={"mac":"E6:14:89:83:B3:B9","major":2961,"minor":500,"nombre":"GTI-3A","rssi":-63,"timestamp":1759788107849,"txPower":203,"uuid":"45:50:53:47:2d:47:54:49:2d:50:52:4f:59:2d:33:41:"}
2025-10-06T22:01:47+00:00 METHOD=POST
2025-10-06T22:01:47+00:00 METHOD=POST
2025-10-06T22:01:47+00:00 METHOD=POST
2025-10-06T22:01:47+00:00 METHOD=POST
2025-10-06T22:01:47+00:00 HEADERS={"User-Agent":"okhttp\/4.12.0","Accept-Encoding":"gzip","Content-Length":"179","Content-Type":"application\/json","X-Api-Key":"YOUR_SECURE_RANDOM_KEY","Host":"wjin.upv.edu.es"}
2025-10-06T22:01:47+00:00 HEADERS={"User-Agent":"okhttp\/4.12.0","Accept-Encoding":"gzip","Content-Length":"179","Content-Type":"application\/json","X-Api-Key":"YOUR_SECURE_RANDOM_KEY","Host":"wjin.upv.edu.es"}
2025-10-06T22:01:47+00:00 HEADERS={"User-Agent":"okhttp\/4.12.0","Accept-Encoding":"gzip","Content-Length":"179","Content-Type":"application\/json","X-Api-Key":"YOUR_SECURE_RANDOM_KEY","Host":"wjin.upv.edu.es"}
2025-10-06T22:01:47+00:00 HEADERS={"User-Agent":"okhttp\/4.12.0","Accept-Encoding":"gzip","Content-Length":"179","Content-Type":"application\/json","X-Api-Key":"YOUR_SECURE_RANDOM_KEY","Host":"wjin.upv.edu.es"}
2025-10-06T22:01:47+00:00 RAW={"mac":"E6:14:89:83:B3:B9","major":2961,"minor":500,"nombre":"GTI-3A","rssi":-63,"timestamp":1759788107772,"txPower":203,"uuid":"45:50:53:47:2d:47:54:49:2d:50:52:4f:59:2d:33:41:"}
2025-10-06T22:01:47+00:00 RAW={"mac":"E6:14:89:83:B3:B9","major":2961,"minor":500,"nombre":"GTI-3A","rssi":-63,"timestamp":1759788107832,"txPower":203,"uuid":"45:50:53:47:2d:47:54:49:2d:50:52:4f:59:2d:33:41:"}
2025-10-06T22:01:47+00:00 RAW={"mac":"E6:14:89:83:B3:B9","major":2961,"minor":500,"nombre":"GTI-3A","rssi":-63,"timestamp":1759788107787,"txPower":203,"uuid":"45:50:53:47:2d:47:54:49:2d:50:52:4f:59:2d:33:41:"}
2025-10-06T22:01:47+00:00 RAW={"mac":"E6:14:89:83:B3:B9","major":2961,"minor":500,"nombre":"GTI-3A","rssi":-63,"timestamp":1759788107809,"txPower":203,"uuid":"45:50:53:47:2d:47:54:49:2d:50:52:4f:59:2d:33:41:"}
2025-10-06T22:01:47+00:00 METHOD=POST
2025-10-06T22:01:47+00:00 HEADERS={"User-Agent":"okhttp\/4.12.0","Accept-Encoding":"gzip","Content-Length":"179","Content-Type":"application\/json","X-Api-Key":"YOUR_SECURE_RANDOM_KEY","Host":"wjin.upv.edu.es"}
2025-10-06T22:01:47+00:00 RAW={"mac":"E6:14:89:83:B3:B9","major":2961,"minor":500,"nombre":"GTI-3A","rssi":-63,"timestamp":1759788107868,"txPower":203,"uuid":"45:50:53:47:2d:47:54:49:2d:50:52:4f:59:2d:33:41:"}
2025-10-06T22:01:47+00:00 METHOD=POST
2025-10-06T22:01:47+00:00 HEADERS={"User-Agent":"okhttp\/4.12.0","Accept-Encoding":"gzip","Content-Length":"179","Content-Type":"application\/json","X-Api-Key":"YOUR_SECURE_RANDOM_KEY","Host":"wjin.upv.edu.es"}
2025-10-06T22:01:47+00:00 RAW={"mac":"E6:14:89:83:B3:B9","major":2961,"minor":500,"nombre":"GTI-3A","rssi":-59,"timestamp":1759788107902,"txPower":203,"uuid":"45:50:53:47:2d:47:54:49:2d:50:52:4f:59:2d:33:41:"}
2025-10-06T22:01:47+00:00 METHOD=POST
2025-10-06T22:01:47+00:00 HEADERS={"User-Agent":"okhttp\/4.12.0","Accept-Encoding":"gzip","Content-Length":"179","Content-Type":"application\/json","X-Api-Key":"YOUR_SECURE_RANDOM_KEY","Host":"wjin.upv.edu.es"}
2025-10-06T22:01:47+00:00 RAW={"mac":"E6:14:89:83:B3:B9","major":2961,"minor":500,"nombre":"GTI-3A","rssi":-59,"timestamp":1759788107963,"txPower":203,"uuid":"45:50:53:47:2d:47:54:49:2d:50:52:4f:59:2d:33:41:"}
2025-10-06T22:01:47+00:00 METHOD=POST
2025-10-06T22:01:47+00:00 HEADERS={"User-Agent":"okhttp\/4.12.0","Accept-Encoding":"gzip","Content-Length":"179","Content-Type":"application\/json","X-Api-Key":"YOUR_SECURE_RANDOM_KEY","Host":"wjin.upv.edu.es"}
2025-10-06T22:01:47+00:00 RAW={"mac":"E6:14:89:83:B3:B9","major":2961,"minor":500,"nombre":"GTI-3A","rssi":-59,"timestamp":1759788107933,"txPower":203,"uuid":"45:50:53:47:2d:47:54:49:2d:50:52:4f:59:2d:33:41:"}
2025-10-06T22:01:47+00:00 METHOD=POST
2025-10-06T22:01:47+00:00 METHOD=POST
2025-10-06T22:01:47+00:00 METHOD=POST
2025-10-06T22:01:47+00:00 HEADERS={"User-Agent":"okhttp\/4.12.0","Accept-Encoding":"gzip","Content-Length":"179","Content-Type":"application\/json","X-Api-Key":"YOUR_SECURE_RANDOM_KEY","Host":"wjin.upv.edu.es"}
2025-10-06T22:01:47+00:00 HEADERS={"User-Agent":"okhttp\/4.12.0","Accept-Encoding":"gzip","Content-Length":"179","Content-Type":"application\/json","X-Api-Key":"YOUR_SECURE_RANDOM_KEY","Host":"wjin.upv.edu.es"}
2025-10-06T22:01:47+00:00 HEADERS={"User-Agent":"okhttp\/4.12.0","Accept-Encoding":"gzip","Content-Length":"179","Content-Type":"application\/json","X-Api-Key":"YOUR_SECURE_RANDOM_KEY","Host":"wjin.upv.edu.es"}
2025-10-06T22:01:47+00:00 RAW={"mac":"E6:14:89:83:B3:B9","major":2961,"minor":500,"nombre":"GTI-3A","rssi":-60,"timestamp":1759788108023,"txPower":203,"uuid":"45:50:53:47:2d:47:54:49:2d:50:52:4f:59:2d:33:41:"}
2025-10-06T22:01:47+00:00 RAW={"mac":"E6:14:89:83:B3:B9","major":2961,"minor":500,"nombre":"GTI-3A","rssi":-60,"timestamp":1759788108000,"txPower":203,"uuid":"45:50:53:47:2d:47:54:49:2d:50:52:4f:59:2d:33:41:"}
2025-10-06T22:01:47+00:00 RAW={"mac":"E6:14:89:83:B3:B9","major":2961,"minor":500,"nombre":"GTI-3A","rssi":-60,"timestamp":1759788108045,"txPower":203,"uuid":"45:50:53:47:2d:47:54:49:2d:50:52:4f:59:2d:33:41:"}
2025-10-06T22:01:47+00:00 METHOD=POST
2025-10-06T22:01:47+00:00 HEADERS={"User-Agent":"okhttp\/4.12.0","Accept-Encoding":"gzip","Content-Length":"179","Content-Type":"application\/json","X-Api-Key":"YOUR_SECURE_RANDOM_KEY","Host":"wjin.upv.edu.es"}
2025-10-06T22:01:47+00:00 RAW={"mac":"E6:14:89:83:B3:B9","major":2961,"minor":500,"nombre":"GTI-3A","rssi":-60,"timestamp":1759788108072,"txPower":203,"uuid":"45:50:53:47:2d:47:54:49:2d:50:52:4f:59:2d:33:41:"}
2025-10-06T22:01:47+00:00 METHOD=POST
2025-10-06T22:01:47+00:00 METHOD=POST
2025-10-06T22:01:47+00:00 HEADERS={"User-Agent":"okhttp\/4.12.0","Accept-Encoding":"gzip","Content-Length":"179","Content-Type":"application\/json","X-Api-Key":"YOUR_SECURE_RANDOM_KEY","Host":"wjin.upv.edu.es"}
2025-10-06T22:01:47+00:00 HEADERS={"User-Agent":"okhttp\/4.12.0","Accept-Encoding":"gzip","Content-Length":"179","Content-Type":"application\/json","X-Api-Key":"YOUR_SECURE_RANDOM_KEY","Host":"wjin.upv.edu.es"}
2025-10-06T22:01:47+00:00 RAW={"mac":"E6:14:89:83:B3:B9","major":2961,"minor":500,"nombre":"GTI-3A","rssi":-64,"timestamp":1759788108154,"txPower":203,"uuid":"45:50:53:47:2d:47:54:49:2d:50:52:4f:59:2d:33:41:"}
2025-10-06T22:01:47+00:00 RAW={"mac":"E6:14:89:83:B3:B9","major":2961,"minor":500,"nombre":"GTI-3A","rssi":-60,"timestamp":1759788108088,"txPower":203,"uuid":"45:50:53:47:2d:47:54:49:2d:50:52:4f:59:2d:33:41:"}
2025-10-06T22:01:47+00:00 METHOD=POST
2025-10-06T22:01:47+00:00 METHOD=POST
2025-10-06T22:01:47+00:00 HEADERS={"User-Agent":"okhttp\/4.12.0","Accept-Encoding":"gzip","Content-Length":"179","Content-Type":"application\/json","X-Api-Key":"YOUR_SECURE_RANDOM_KEY","Host":"wjin.upv.edu.es"}
2025-10-06T22:01:47+00:00 HEADERS={"User-Agent":"okhttp\/4.12.0","Accept-Encoding":"gzip","Content-Length":"179","Content-Type":"application\/json","X-Api-Key":"YOUR_SECURE_RANDOM_KEY","Host":"wjin.upv.edu.es"}
2025-10-06T22:01:47+00:00 RAW={"mac":"E6:14:89:83:B3:B9","major":2961,"minor":500,"nombre":"GTI-3A","rssi":-60,"timestamp":1759788108111,"txPower":203,"uuid":"45:50:53:47:2d:47:54:49:2d:50:52:4f:59:2d:33:41:"}
2025-10-06T22:01:47+00:00 RAW={"mac":"E6:14:89:83:B3:B9","major":2961,"minor":500,"nombre":"GTI-3A","rssi":-64,"timestamp":1759788108176,"txPower":203,"uuid":"45:50:53:47:2d:47:54:49:2d:50:52:4f:59:2d:33:41:"}
2025-10-06T22:01:47+00:00 METHOD=POST
2025-10-06T22:01:47+00:00 METHOD=POST
2025-10-06T22:01:47+00:00 HEADERS={"User-Agent":"okhttp\/4.12.0","Accept-Encoding":"gzip","Content-Length":"179","Content-Type":"application\/json","X-Api-Key":"YOUR_SECURE_RANDOM_KEY","Host":"wjin.upv.edu.es"}
2025-10-06T22:01:47+00:00 HEADERS={"User-Agent":"okhttp\/4.12.0","Accept-Encoding":"gzip","Content-Length":"179","Content-Type":"application\/json","X-Api-Key":"YOUR_SECURE_RANDOM_KEY","Host":"wjin.upv.edu.es"}
2025-10-06T22:01:47+00:00 RAW={"mac":"E6:14:89:83:B3:B9","major":2961,"minor":500,"nombre":"GTI-3A","rssi":-64,"timestamp":1759788108191,"txPower":203,"uuid":"45:50:53:47:2d:47:54:49:2d:50:52:4f:59:2d:33:41:"}
2025-10-06T22:01:47+00:00 RAW={"mac":"E6:14:89:83:B3:B9","major":2961,"minor":500,"nombre":"GTI-3A","rssi":-59,"timestamp":1759788108219,"txPower":203,"uuid":"45:50:53:47:2d:47:54:49:2d:50:52:4f:59:2d:33:41:"}
2025-10-06T22:01:47+00:00 METHOD=POST
2025-10-06T22:01:47+00:00 METHOD=POST
2025-10-06T22:01:47+00:00 HEADERS={"User-Agent":"okhttp\/4.12.0","Accept-Encoding":"gzip","Content-Length":"179","Content-Type":"application\/json","X-Api-Key":"YOUR_SECURE_RANDOM_KEY","Host":"wjin.upv.edu.es"}
2025-10-06T22:01:47+00:00 HEADERS={"User-Agent":"okhttp\/4.12.0","Accept-Encoding":"gzip","Content-Length":"179","Content-Type":"application\/json","X-Api-Key":"YOUR_SECURE_RANDOM_KEY","Host":"wjin.upv.edu.es"}
2025-10-06T22:01:47+00:00 RAW={"mac":"E6:14:89:83:B3:B9","major":2961,"minor":500,"nombre":"GTI-3A","rssi":-59,"timestamp":1759788108232,"txPower":203,"uuid":"45:50:53:47:2d:47:54:49:2d:50:52:4f:59:2d:33:41:"}
2025-10-06T22:01:47+00:00 RAW={"mac":"E6:14:89:83:B3:B9","major":2961,"minor":500,"nombre":"GTI-3A","rssi":-59,"timestamp":1759788108244,"txPower":203,"uuid":"45:50:53:47:2d:47:54:49:2d:50:52:4f:59:2d:33:41:"}
2025-10-06T22:01:48+00:00 METHOD=POST
2025-10-06T22:01:48+00:00 HEADERS={"User-Agent":"okhttp\/4.12.0","Accept-Encoding":"gzip","Content-Length":"179","Content-Type":"application\/json","X-Api-Key":"YOUR_SECURE_RANDOM_KEY","Host":"wjin.upv.edu.es"}
2025-10-06T22:01:48+00:00 RAW={"mac":"E6:14:89:83:B3:B9","major":2961,"minor":500,"nombre":"GTI-3A","rssi":-60,"timestamp":1759788108321,"txPower":203,"uuid":"45:50:53:47:2d:47:54:49:2d:50:52:4f:59:2d:33:41:"}
2025-10-06T22:01:48+00:00 METHOD=POST
2025-10-06T22:01:48+00:00 HEADERS={"User-Agent":"okhttp\/4.12.0","Accept-Encoding":"gzip","Content-Length":"179","Content-Type":"application\/json","X-Api-Key":"YOUR_SECURE_RANDOM_KEY","Host":"wjin.upv.edu.es"}
2025-10-06T22:01:48+00:00 RAW={"mac":"E6:14:89:83:B3:B9","major":2961,"minor":500,"nombre":"GTI-3A","rssi":-60,"timestamp":1759788108343,"txPower":203,"uuid":"45:50:53:47:2d:47:54:49:2d:50:52:4f:59:2d:33:41:"}
2025-10-06T22:01:53+00:00 METHOD=POST
2025-10-06T22:01:53+00:00 METHOD=POST
2025-10-06T22:01:53+00:00 METHOD=POST
2025-10-06T22:01:53+00:00 HEADERS={"User-Agent":"okhttp\/4.12.0","Accept-Encoding":"gzip","Content-Length":"179","Content-Type":"application\/json","X-Api-Key":"YOUR_SECURE_RANDOM_KEY","Host":"wjin.upv.edu.es"}
2025-10-06T22:01:53+00:00 HEADERS={"User-Agent":"okhttp\/4.12.0","Accept-Encoding":"gzip","Content-Length":"179","Content-Type":"application\/json","X-Api-Key":"YOUR_SECURE_RANDOM_KEY","Host":"wjin.upv.edu.es"}
2025-10-06T22:01:53+00:00 HEADERS={"User-Agent":"okhttp\/4.12.0","Accept-Encoding":"gzip","Content-Length":"179","Content-Type":"application\/json","X-Api-Key":"YOUR_SECURE_RANDOM_KEY","Host":"wjin.upv.edu.es"}
2025-10-06T22:01:53+00:00 RAW={"mac":"E6:14:89:83:B3:B9","major":2962,"minor":500,"nombre":"GTI-3A","rssi":-58,"timestamp":1759788113902,"txPower":203,"uuid":"45:50:53:47:2d:47:54:49:2d:50:52:4f:59:2d:33:41:"}
2025-10-06T22:01:53+00:00 RAW={"mac":"E6:14:89:83:B3:B9","major":2962,"minor":500,"nombre":"GTI-3A","rssi":-58,"timestamp":1759788113887,"txPower":203,"uuid":"45:50:53:47:2d:47:54:49:2d:50:52:4f:59:2d:33:41:"}
2025-10-06T22:01:53+00:00 RAW={"mac":"E6:14:89:83:B3:B9","major":2962,"minor":500,"nombre":"GTI-3A","rssi":-57,"timestamp":1759788113925,"txPower":203,"uuid":"45:50:53:47:2d:47:54:49:2d:50:52:4f:59:2d:33:41:"}
2025-10-06T22:01:53+00:00 METHOD=POST
2025-10-06T22:01:53+00:00 HEADERS={"User-Agent":"okhttp\/4.12.0","Accept-Encoding":"gzip","Content-Length":"179","Content-Type":"application\/json","X-Api-Key":"YOUR_SECURE_RANDOM_KEY","Host":"wjin.upv.edu.es"}
2025-10-06T22:01:53+00:00 RAW={"mac":"E6:14:89:83:B3:B9","major":2962,"minor":500,"nombre":"GTI-3A","rssi":-57,"timestamp":1759788113942,"txPower":203,"uuid":"45:50:53:47:2d:47:54:49:2d:50:52:4f:59:2d:33:41:"}
2025-10-06T22:01:53+00:00 METHOD=POST
2025-10-06T22:01:53+00:00 METHOD=POST
2025-10-06T22:01:53+00:00 HEADERS={"User-Agent":"okhttp\/4.12.0","Accept-Encoding":"gzip","Content-Length":"179","Content-Type":"application\/json","X-Api-Key":"YOUR_SECURE_RANDOM_KEY","Host":"wjin.upv.edu.es"}
2025-10-06T22:01:53+00:00 HEADERS={"User-Agent":"okhttp\/4.12.0","Accept-Encoding":"gzip","Content-Length":"179","Content-Type":"application\/json","X-Api-Key":"YOUR_SECURE_RANDOM_KEY","Host":"wjin.upv.edu.es"}
2025-10-06T22:01:53+00:00 RAW={"mac":"E6:14:89:83:B3:B9","major":2962,"minor":500,"nombre":"GTI-3A","rssi":-62,"timestamp":1759788114032,"txPower":203,"uuid":"45:50:53:47:2d:47:54:49:2d:50:52:4f:59:2d:33:41:"}
2025-10-06T22:01:53+00:00 RAW={"mac":"E6:14:89:83:B3:B9","major":2962,"minor":500,"nombre":"GTI-3A","rssi":-62,"timestamp":1759788114011,"txPower":203,"uuid":"45:50:53:47:2d:47:54:49:2d:50:52:4f:59:2d:33:41:"}
2025-10-06T22:01:53+00:00 METHOD=POST
2025-10-06T22:01:53+00:00 HEADERS={"User-Agent":"okhttp\/4.12.0","Accept-Encoding":"gzip","Content-Length":"179","Content-Type":"application\/json","X-Api-Key":"YOUR_SECURE_RANDOM_KEY","Host":"wjin.upv.edu.es"}
2025-10-06T22:01:53+00:00 RAW={"mac":"E6:14:89:83:B3:B9","major":2962,"minor":500,"nombre":"GTI-3A","rssi":-58,"timestamp":1759788114135,"txPower":203,"uuid":"45:50:53:47:2d:47:54:49:2d:50:52:4f:59:2d:33:41:"}
2025-10-06T22:01:53+00:00 METHOD=POST
2025-10-06T22:01:53+00:00 HEADERS={"User-Agent":"okhttp\/4.12.0","Accept-Encoding":"gzip","Content-Length":"179","Content-Type":"application\/json","X-Api-Key":"YOUR_SECURE_RANDOM_KEY","Host":"wjin.upv.edu.es"}
2025-10-06T22:01:53+00:00 RAW={"mac":"E6:14:89:83:B3:B9","major":2962,"minor":500,"nombre":"GTI-3A","rssi":-58,"timestamp":1759788114148,"txPower":203,"uuid":"45:50:53:47:2d:47:54:49:2d:50:52:4f:59:2d:33:41:"}
2025-10-06T22:01:54+00:00 METHOD=POST
2025-10-06T22:01:54+00:00 HEADERS={"User-Agent":"okhttp\/4.12.0","Accept-Encoding":"gzip","Content-Length":"179","Content-Type":"application\/json","X-Api-Key":"YOUR_SECURE_RANDOM_KEY","Host":"wjin.upv.edu.es"}
2025-10-06T22:01:54+00:00 RAW={"mac":"E6:14:89:83:B3:B9","major":2962,"minor":500,"nombre":"GTI-3A","rssi":-61,"timestamp":1759788114341,"txPower":203,"uuid":"45:50:53:47:2d:47:54:49:2d:50:52:4f:59:2d:33:41:"}
2025-10-06T22:01:54+00:00 METHOD=POST
2025-10-06T22:01:54+00:00 HEADERS={"User-Agent":"okhttp\/4.12.0","Accept-Encoding":"gzip","Content-Length":"179","Content-Type":"application\/json","X-Api-Key":"YOUR_SECURE_RANDOM_KEY","Host":"wjin.upv.edu.es"}
2025-10-06T22:01:54+00:00 RAW={"mac":"E6:14:89:83:B3:B9","major":2962,"minor":500,"nombre":"GTI-3A","rssi":-61,"timestamp":1759788114355,"txPower":203,"uuid":"45:50:53:47:2d:47:54:49:2d:50:52:4f:59:2d:33:41:"}
2025-10-06T22:01:54+00:00 METHOD=POST
2025-10-06T22:01:54+00:00 HEADERS={"User-Agent":"okhttp\/4.12.0","Accept-Encoding":"gzip","Content-Length":"179","Content-Type":"application\/json","X-Api-Key":"YOUR_SECURE_RANDOM_KEY","Host":"wjin.upv.edu.es"}
2025-10-06T22:01:54+00:00 RAW={"mac":"E6:14:89:83:B3:B9","major":2962,"minor":500,"nombre":"GTI-3A","rssi":-57,"timestamp":1759788114407,"txPower":203,"uuid":"45:50:53:47:2d:47:54:49:2d:50:52:4f:59:2d:33:41:"}
2025-10-06T22:01:54+00:00 METHOD=POST
2025-10-06T22:01:54+00:00 HEADERS={"User-Agent":"okhttp\/4.12.0","Accept-Encoding":"gzip","Content-Length":"179","Content-Type":"application\/json","X-Api-Key":"YOUR_SECURE_RANDOM_KEY","Host":"wjin.upv.edu.es"}
2025-10-06T22:01:54+00:00 RAW={"mac":"E6:14:89:83:B3:B9","major":2962,"minor":500,"nombre":"GTI-3A","rssi":-57,"timestamp":1759788114425,"txPower":203,"uuid":"45:50:53:47:2d:47:54:49:2d:50:52:4f:59:2d:33:41:"}
2025-10-06T22:01:54+00:00 METHOD=POST
2025-10-06T22:01:54+00:00 HEADERS={"User-Agent":"okhttp\/4.12.0","Accept-Encoding":"gzip","Content-Length":"179","Content-Type":"application\/json","X-Api-Key":"YOUR_SECURE_RANDOM_KEY","Host":"wjin.upv.edu.es"}
2025-10-06T22:01:54+00:00 RAW={"mac":"E6:14:89:83:B3:B9","major":2962,"minor":500,"nombre":"GTI-3A","rssi":-57,"timestamp":1759788114478,"txPower":203,"uuid":"45:50:53:47:2d:47:54:49:2d:50:52:4f:59:2d:33:41:"}
2025-10-06T22:01:54+00:00 METHOD=POST
2025-10-06T22:01:54+00:00 HEADERS={"User-Agent":"okhttp\/4.12.0","Accept-Encoding":"gzip","Content-Length":"179","Content-Type":"application\/json","X-Api-Key":"YOUR_SECURE_RANDOM_KEY","Host":"wjin.upv.edu.es"}
2025-10-06T22:01:54+00:00 RAW={"mac":"E6:14:89:83:B3:B9","major":2962,"minor":500,"nombre":"GTI-3A","rssi":-57,"timestamp":1759788114493,"txPower":203,"uuid":"45:50:53:47:2d:47:54:49:2d:50:52:4f:59:2d:33:41:"}
2025-10-06T22:01:54+00:00 METHOD=POST
2025-10-06T22:01:54+00:00 HEADERS={"User-Agent":"okhttp\/4.12.0","Accept-Encoding":"gzip","Content-Length":"179","Content-Type":"application\/json","X-Api-Key":"YOUR_SECURE_RANDOM_KEY","Host":"wjin.upv.edu.es"}
2025-10-06T22:01:54+00:00 RAW={"mac":"E6:14:89:83:B3:B9","major":2962,"minor":500,"nombre":"GTI-3A","rssi":-57,"timestamp":1759788114529,"txPower":203,"uuid":"45:50:53:47:2d:47:54:49:2d:50:52:4f:59:2d:33:41:"}
2025-10-06T22:01:54+00:00 METHOD=POST
2025-10-06T22:01:54+00:00 HEADERS={"User-Agent":"okhttp\/4.12.0","Accept-Encoding":"gzip","Content-Length":"179","Content-Type":"application\/json","X-Api-Key":"YOUR_SECURE_RANDOM_KEY","Host":"wjin.upv.edu.es"}
2025-10-06T22:01:54+00:00 RAW={"mac":"E6:14:89:83:B3:B9","major":2962,"minor":500,"nombre":"GTI-3A","rssi":-57,"timestamp":1759788114546,"txPower":203,"uuid":"45:50:53:47:2d:47:54:49:2d:50:52:4f:59:2d:33:41:"}
2025-10-06T22:01:54+00:00 METHOD=POST
2025-10-06T22:01:54+00:00 HEADERS={"User-Agent":"okhttp\/4.12.0","Accept-Encoding":"gzip","Content-Length":"179","Content-Type":"application\/json","X-Api-Key":"YOUR_SECURE_RANDOM_KEY","Host":"wjin.upv.edu.es"}
2025-10-06T22:01:54+00:00 RAW={"mac":"E6:14:89:83:B3:B9","major":2962,"minor":500,"nombre":"GTI-3A","rssi":-65,"timestamp":1759788114630,"txPower":203,"uuid":"45:50:53:47:2d:47:54:49:2d:50:52:4f:59:2d:33:41:"}
2025-10-06T22:01:54+00:00 METHOD=POST
2025-10-06T22:01:54+00:00 HEADERS={"User-Agent":"okhttp\/4.12.0","Accept-Encoding":"gzip","Content-Length":"179","Content-Type":"application\/json","X-Api-Key":"YOUR_SECURE_RANDOM_KEY","Host":"wjin.upv.edu.es"}
2025-10-06T22:01:54+00:00 RAW={"mac":"E6:14:89:83:B3:B9","major":2962,"minor":500,"nombre":"GTI-3A","rssi":-65,"timestamp":1759788114654,"txPower":203,"uuid":"45:50:53:47:2d:47:54:49:2d:50:52:4f:59:2d:33:41:"}
2025-10-06T22:01:54+00:00 METHOD=POST
2025-10-06T22:01:54+00:00 HEADERS={"User-Agent":"okhttp\/4.12.0","Accept-Encoding":"gzip","Content-Length":"179","Content-Type":"application\/json","X-Api-Key":"YOUR_SECURE_RANDOM_KEY","Host":"wjin.upv.edu.es"}
2025-10-06T22:01:54+00:00 RAW={"mac":"E6:14:89:83:B3:B9","major":2962,"minor":500,"nombre":"GTI-3A","rssi":-57,"timestamp":1759788114702,"txPower":203,"uuid":"45:50:53:47:2d:47:54:49:2d:50:52:4f:59:2d:33:41:"}
2025-10-06T22:01:54+00:00 METHOD=POST
2025-10-06T22:01:54+00:00 HEADERS={"User-Agent":"okhttp\/4.12.0","Accept-Encoding":"gzip","Content-Length":"179","Content-Type":"application\/json","X-Api-Key":"YOUR_SECURE_RANDOM_KEY","Host":"wjin.upv.edu.es"}
2025-10-06T22:01:54+00:00 RAW={"mac":"E6:14:89:83:B3:B9","major":2962,"minor":500,"nombre":"GTI-3A","rssi":-57,"timestamp":1759788114719,"txPower":203,"uuid":"45:50:53:47:2d:47:54:49:2d:50:52:4f:59:2d:33:41:"}
2025-10-06T22:01:54+00:00 METHOD=POST
2025-10-06T22:01:54+00:00 HEADERS={"User-Agent":"okhttp\/4.12.0","Accept-Encoding":"gzip","Content-Length":"179","Content-Type":"application\/json","X-Api-Key":"YOUR_SECURE_RANDOM_KEY","Host":"wjin.upv.edu.es"}
2025-10-06T22:01:54+00:00 RAW={"mac":"E6:14:89:83:B3:B9","major":2962,"minor":500,"nombre":"GTI-3A","rssi":-57,"timestamp":1759788114756,"txPower":203,"uuid":"45:50:53:47:2d:47:54:49:2d:50:52:4f:59:2d:33:41:"}
2025-10-06T22:01:54+00:00 METHOD=POST
2025-10-06T22:01:54+00:00 HEADERS={"User-Agent":"okhttp\/4.12.0","Accept-Encoding":"gzip","Content-Length":"179","Content-Type":"application\/json","X-Api-Key":"YOUR_SECURE_RANDOM_KEY","Host":"wjin.upv.edu.es"}
2025-10-06T22:01:54+00:00 RAW={"mac":"E6:14:89:83:B3:B9","major":2962,"minor":500,"nombre":"GTI-3A","rssi":-57,"timestamp":1759788114789,"txPower":203,"uuid":"45:50:53:47:2d:47:54:49:2d:50:52:4f:59:2d:33:41:"}
2025-10-06T22:01:54+00:00 METHOD=POST
2025-10-06T22:01:54+00:00 HEADERS={"User-Agent":"okhttp\/4.12.0","Accept-Encoding":"gzip","Content-Length":"179","Content-Type":"application\/json","X-Api-Key":"YOUR_SECURE_RANDOM_KEY","Host":"wjin.upv.edu.es"}
2025-10-06T22:01:54+00:00 RAW={"mac":"E6:14:89:83:B3:B9","major":2962,"minor":500,"nombre":"GTI-3A","rssi":-57,"timestamp":1759788114834,"txPower":203,"uuid":"45:50:53:47:2d:47:54:49:2d:50:52:4f:59:2d:33:41:"}
2025-10-06T22:01:54+00:00 METHOD=POST
2025-10-06T22:01:54+00:00 HEADERS={"User-Agent":"okhttp\/4.12.0","Accept-Encoding":"gzip","Content-Length":"179","Content-Type":"application\/json","X-Api-Key":"YOUR_SECURE_RANDOM_KEY","Host":"wjin.upv.edu.es"}
2025-10-06T22:01:54+00:00 RAW={"mac":"E6:14:89:83:B3:B9","major":2962,"minor":500,"nombre":"GTI-3A","rssi":-57,"timestamp":1759788114866,"txPower":203,"uuid":"45:50:53:47:2d:47:54:49:2d:50:52:4f:59:2d:33:41:"}
2025-10-06T22:02:00+00:00 METHOD=POST
2025-10-06T22:02:00+00:00 HEADERS={"User-Agent":"okhttp\/4.12.0","Accept-Encoding":"gzip","Content-Length":"179","Content-Type":"application\/json","X-Api-Key":"YOUR_SECURE_RANDOM_KEY","Host":"wjin.upv.edu.es"}
2025-10-06T22:02:00+00:00 RAW={"mac":"E6:14:89:83:B3:B9","major":2963,"minor":500,"nombre":"GTI-3A","rssi":-57,"timestamp":1759788120386,"txPower":203,"uuid":"45:50:53:47:2d:47:54:49:2d:50:52:4f:59:2d:33:41:"}
2025-10-06T22:02:00+00:00 METHOD=POST
2025-10-06T22:02:00+00:00 METHOD=POST
2025-10-06T22:02:00+00:00 HEADERS={"User-Agent":"okhttp\/4.12.0","Accept-Encoding":"gzip","Content-Length":"179","Content-Type":"application\/json","X-Api-Key":"YOUR_SECURE_RANDOM_KEY","Host":"wjin.upv.edu.es"}
2025-10-06T22:02:00+00:00 HEADERS={"User-Agent":"okhttp\/4.12.0","Accept-Encoding":"gzip","Content-Length":"179","Content-Type":"application\/json","X-Api-Key":"YOUR_SECURE_RANDOM_KEY","Host":"wjin.upv.edu.es"}
2025-10-06T22:02:00+00:00 RAW={"mac":"E6:14:89:83:B3:B9","major":2963,"minor":500,"nombre":"GTI-3A","rssi":-57,"timestamp":1759788120430,"txPower":203,"uuid":"45:50:53:47:2d:47:54:49:2d:50:52:4f:59:2d:33:41:"}
2025-10-06T22:02:00+00:00 RAW={"mac":"E6:14:89:83:B3:B9","major":2963,"minor":500,"nombre":"GTI-3A","rssi":-57,"timestamp":1759788120399,"txPower":203,"uuid":"45:50:53:47:2d:47:54:49:2d:50:52:4f:59:2d:33:41:"}
2025-10-06T22:02:00+00:00 METHOD=POST
2025-10-06T22:02:00+00:00 HEADERS={"User-Agent":"okhttp\/4.12.0","Accept-Encoding":"gzip","Content-Length":"179","Content-Type":"application\/json","X-Api-Key":"YOUR_SECURE_RANDOM_KEY","Host":"wjin.upv.edu.es"}
2025-10-06T22:02:00+00:00 RAW={"mac":"E6:14:89:83:B3:B9","major":2963,"minor":500,"nombre":"GTI-3A","rssi":-57,"timestamp":1759788120445,"txPower":203,"uuid":"45:50:53:47:2d:47:54:49:2d:50:52:4f:59:2d:33:41:"}
2025-10-06T22:02:00+00:00 METHOD=POST
2025-10-06T22:02:00+00:00 HEADERS={"User-Agent":"okhttp\/4.12.0","Accept-Encoding":"gzip","Content-Length":"179","Content-Type":"application\/json","X-Api-Key":"YOUR_SECURE_RANDOM_KEY","Host":"wjin.upv.edu.es"}
2025-10-06T22:02:00+00:00 RAW={"mac":"E6:14:89:83:B3:B9","major":2963,"minor":500,"nombre":"GTI-3A","rssi":-56,"timestamp":1759788120500,"txPower":203,"uuid":"45:50:53:47:2d:47:54:49:2d:50:52:4f:59:2d:33:41:"}
2025-10-06T22:02:00+00:00 METHOD=POST
2025-10-06T22:02:00+00:00 HEADERS={"User-Agent":"okhttp\/4.12.0","Accept-Encoding":"gzip","Content-Length":"179","Content-Type":"application\/json","X-Api-Key":"YOUR_SECURE_RANDOM_KEY","Host":"wjin.upv.edu.es"}
2025-10-06T22:02:00+00:00 RAW={"mac":"E6:14:89:83:B3:B9","major":2963,"minor":500,"nombre":"GTI-3A","rssi":-56,"timestamp":1759788120513,"txPower":203,"uuid":"45:50:53:47:2d:47:54:49:2d:50:52:4f:59:2d:33:41:"}
2025-10-06T22:02:00+00:00 METHOD=POST
2025-10-06T22:02:00+00:00 HEADERS={"User-Agent":"okhttp\/4.12.0","Accept-Encoding":"gzip","Content-Length":"179","Content-Type":"application\/json","X-Api-Key":"YOUR_SECURE_RANDOM_KEY","Host":"wjin.upv.edu.es"}
2025-10-06T22:02:00+00:00 RAW={"mac":"E6:14:89:83:B3:B9","major":2963,"minor":500,"nombre":"GTI-3A","rssi":-59,"timestamp":1759788120566,"txPower":203,"uuid":"45:50:53:47:2d:47:54:49:2d:50:52:4f:59:2d:33:41:"}
2025-10-06T22:02:00+00:00 METHOD=POST
2025-10-06T22:02:00+00:00 HEADERS={"User-Agent":"okhttp\/4.12.0","Accept-Encoding":"gzip","Content-Length":"179","Content-Type":"application\/json","X-Api-Key":"YOUR_SECURE_RANDOM_KEY","Host":"wjin.upv.edu.es"}
2025-10-06T22:02:00+00:00 RAW={"mac":"E6:14:89:83:B3:B9","major":2963,"minor":500,"nombre":"GTI-3A","rssi":-59,"timestamp":1759788120580,"txPower":203,"uuid":"45:50:53:47:2d:47:54:49:2d:50:52:4f:59:2d:33:41:"}
2025-10-06T22:02:00+00:00 METHOD=POST
2025-10-06T22:02:00+00:00 HEADERS={"User-Agent":"okhttp\/4.12.0","Accept-Encoding":"gzip","Content-Length":"179","Content-Type":"application\/json","X-Api-Key":"YOUR_SECURE_RANDOM_KEY","Host":"wjin.upv.edu.es"}
2025-10-06T22:02:00+00:00 RAW={"mac":"E6:14:89:83:B3:B9","major":2963,"minor":500,"nombre":"GTI-3A","rssi":-63,"timestamp":1759788120630,"txPower":203,"uuid":"45:50:53:47:2d:47:54:49:2d:50:52:4f:59:2d:33:41:"}
2025-10-06T22:02:00+00:00 METHOD=POST
2025-10-06T22:02:00+00:00 HEADERS={"User-Agent":"okhttp\/4.12.0","Accept-Encoding":"gzip","Content-Length":"179","Content-Type":"application\/json","X-Api-Key":"YOUR_SECURE_RANDOM_KEY","Host":"wjin.upv.edu.es"}
2025-10-06T22:02:00+00:00 RAW={"mac":"E6:14:89:83:B3:B9","major":2963,"minor":500,"nombre":"GTI-3A","rssi":-63,"timestamp":1759788120643,"txPower":203,"uuid":"45:50:53:47:2d:47:54:49:2d:50:52:4f:59:2d:33:41:"}
2025-10-06T22:02:00+00:00 METHOD=POST
2025-10-06T22:02:00+00:00 HEADERS={"User-Agent":"okhttp\/4.12.0","Accept-Encoding":"gzip","Content-Length":"179","Content-Type":"application\/json","X-Api-Key":"YOUR_SECURE_RANDOM_KEY","Host":"wjin.upv.edu.es"}
2025-10-06T22:02:00+00:00 RAW={"mac":"E6:14:89:83:B3:B9","major":2963,"minor":500,"nombre":"GTI-3A","rssi":-56,"timestamp":1759788120699,"txPower":203,"uuid":"45:50:53:47:2d:47:54:49:2d:50:52:4f:59:2d:33:41:"}
2025-10-06T22:02:00+00:00 METHOD=POST
2025-10-06T22:02:00+00:00 HEADERS={"User-Agent":"okhttp\/4.12.0","Accept-Encoding":"gzip","Content-Length":"179","Content-Type":"application\/json","X-Api-Key":"YOUR_SECURE_RANDOM_KEY","Host":"wjin.upv.edu.es"}
2025-10-06T22:02:00+00:00 RAW={"mac":"E6:14:89:83:B3:B9","major":2963,"minor":500,"nombre":"GTI-3A","rssi":-56,"timestamp":1759788120714,"txPower":203,"uuid":"45:50:53:47:2d:47:54:49:2d:50:52:4f:59:2d:33:41:"}
2025-10-06T22:02:00+00:00 METHOD=POST
2025-10-06T22:02:00+00:00 HEADERS={"User-Agent":"okhttp\/4.12.0","Accept-Encoding":"gzip","Content-Length":"179","Content-Type":"application\/json","X-Api-Key":"YOUR_SECURE_RANDOM_KEY","Host":"wjin.upv.edu.es"}
2025-10-06T22:02:00+00:00 RAW={"mac":"E6:14:89:83:B3:B9","major":2963,"minor":500,"nombre":"GTI-3A","rssi":-56,"timestamp":1759788120774,"txPower":203,"uuid":"45:50:53:47:2d:47:54:49:2d:50:52:4f:59:2d:33:41:"}
2025-10-06T22:02:00+00:00 METHOD=POST
2025-10-06T22:02:00+00:00 HEADERS={"User-Agent":"okhttp\/4.12.0","Accept-Encoding":"gzip","Content-Length":"179","Content-Type":"application\/json","X-Api-Key":"YOUR_SECURE_RANDOM_KEY","Host":"wjin.upv.edu.es"}
2025-10-06T22:02:00+00:00 RAW={"mac":"E6:14:89:83:B3:B9","major":2963,"minor":500,"nombre":"GTI-3A","rssi":-56,"timestamp":1759788120790,"txPower":203,"uuid":"45:50:53:47:2d:47:54:49:2d:50:52:4f:59:2d:33:41:"}
2025-10-06T22:02:00+00:00 METHOD=POST
2025-10-06T22:02:00+00:00 HEADERS={"User-Agent":"okhttp\/4.12.0","Accept-Encoding":"gzip","Content-Length":"179","Content-Type":"application\/json","X-Api-Key":"YOUR_SECURE_RANDOM_KEY","Host":"wjin.upv.edu.es"}
2025-10-06T22:02:00+00:00 RAW={"mac":"E6:14:89:83:B3:B9","major":2963,"minor":500,"nombre":"GTI-3A","rssi":-56,"timestamp":1759788120829,"txPower":203,"uuid":"45:50:53:47:2d:47:54:49:2d:50:52:4f:59:2d:33:41:"}
2025-10-06T22:02:00+00:00 METHOD=POST
2025-10-06T22:02:00+00:00 HEADERS={"User-Agent":"okhttp\/4.12.0","Accept-Encoding":"gzip","Content-Length":"179","Content-Type":"application\/json","X-Api-Key":"YOUR_SECURE_RANDOM_KEY","Host":"wjin.upv.edu.es"}
2025-10-06T22:02:00+00:00 RAW={"mac":"E6:14:89:83:B3:B9","major":2963,"minor":500,"nombre":"GTI-3A","rssi":-56,"timestamp":1759788120842,"txPower":203,"uuid":"45:50:53:47:2d:47:54:49:2d:50:52:4f:59:2d:33:41:"}
2025-10-06T22:02:00+00:00 METHOD=POST
2025-10-06T22:02:00+00:00 HEADERS={"User-Agent":"okhttp\/4.12.0","Accept-Encoding":"gzip","Content-Length":"179","Content-Type":"application\/json","X-Api-Key":"YOUR_SECURE_RANDOM_KEY","Host":"wjin.upv.edu.es"}
2025-10-06T22:02:00+00:00 RAW={"mac":"E6:14:89:83:B3:B9","major":2963,"minor":500,"nombre":"GTI-3A","rssi":-59,"timestamp":1759788120896,"txPower":203,"uuid":"45:50:53:47:2d:47:54:49:2d:50:52:4f:59:2d:33:41:"}
2025-10-06T22:02:00+00:00 METHOD=POST
2025-10-06T22:02:00+00:00 HEADERS={"User-Agent":"okhttp\/4.12.0","Accept-Encoding":"gzip","Content-Length":"179","Content-Type":"application\/json","X-Api-Key":"YOUR_SECURE_RANDOM_KEY","Host":"wjin.upv.edu.es"}
2025-10-06T22:02:00+00:00 RAW={"mac":"E6:14:89:83:B3:B9","major":2963,"minor":500,"nombre":"GTI-3A","rssi":-59,"timestamp":1759788120910,"txPower":203,"uuid":"45:50:53:47:2d:47:54:49:2d:50:52:4f:59:2d:33:41:"}
2025-10-06T22:02:00+00:00 METHOD=POST
2025-10-06T22:02:00+00:00 HEADERS={"User-Agent":"okhttp\/4.12.0","Accept-Encoding":"gzip","Content-Length":"179","Content-Type":"application\/json","X-Api-Key":"YOUR_SECURE_RANDOM_KEY","Host":"wjin.upv.edu.es"}
2025-10-06T22:02:00+00:00 RAW={"mac":"E6:14:89:83:B3:B9","major":2963,"minor":500,"nombre":"GTI-3A","rssi":-57,"timestamp":1759788120958,"txPower":203,"uuid":"45:50:53:47:2d:47:54:49:2d:50:52:4f:59:2d:33:41:"}
2025-10-06T22:02:00+00:00 METHOD=POST
2025-10-06T22:02:00+00:00 HEADERS={"User-Agent":"okhttp\/4.12.0","Accept-Encoding":"gzip","Content-Length":"179","Content-Type":"application\/json","X-Api-Key":"YOUR_SECURE_RANDOM_KEY","Host":"wjin.upv.edu.es"}
2025-10-06T22:02:00+00:00 RAW={"mac":"E6:14:89:83:B3:B9","major":2963,"minor":500,"nombre":"GTI-3A","rssi":-57,"timestamp":1759788120970,"txPower":203,"uuid":"45:50:53:47:2d:47:54:49:2d:50:52:4f:59:2d:33:41:"}
2025-10-06T22:02:00+00:00 METHOD=POST
2025-10-06T22:02:00+00:00 HEADERS={"User-Agent":"okhttp\/4.12.0","Accept-Encoding":"gzip","Content-Length":"179","Content-Type":"application\/json","X-Api-Key":"YOUR_SECURE_RANDOM_KEY","Host":"wjin.upv.edu.es"}
2025-10-06T22:02:00+00:00 RAW={"mac":"E6:14:89:83:B3:B9","major":2963,"minor":500,"nombre":"GTI-3A","rssi":-56,"timestamp":1759788121025,"txPower":203,"uuid":"45:50:53:47:2d:47:54:49:2d:50:52:4f:59:2d:33:41:"}
2025-10-06T22:02:00+00:00 METHOD=POST
2025-10-06T22:02:00+00:00 HEADERS={"User-Agent":"okhttp\/4.12.0","Accept-Encoding":"gzip","Content-Length":"179","Content-Type":"application\/json","X-Api-Key":"YOUR_SECURE_RANDOM_KEY","Host":"wjin.upv.edu.es"}
2025-10-06T22:02:00+00:00 RAW={"mac":"E6:14:89:83:B3:B9","major":2963,"minor":500,"nombre":"GTI-3A","rssi":-56,"timestamp":1759788121039,"txPower":203,"uuid":"45:50:53:47:2d:47:54:49:2d:50:52:4f:59:2d:33:41:"}
2025-10-06T22:02:00+00:00 METHOD=POST
2025-10-06T22:02:00+00:00 HEADERS={"User-Agent":"okhttp\/4.12.0","Accept-Encoding":"gzip","Content-Length":"179","Content-Type":"application\/json","X-Api-Key":"YOUR_SECURE_RANDOM_KEY","Host":"wjin.upv.edu.es"}
2025-10-06T22:02:00+00:00 RAW={"mac":"E6:14:89:83:B3:B9","major":2963,"minor":500,"nombre":"GTI-3A","rssi":-56,"timestamp":1759788121093,"txPower":203,"uuid":"45:50:53:47:2d:47:54:49:2d:50:52:4f:59:2d:33:41:"}
2025-10-06T22:02:00+00:00 METHOD=POST
2025-10-06T22:02:00+00:00 HEADERS={"User-Agent":"okhttp\/4.12.0","Accept-Encoding":"gzip","Content-Length":"179","Content-Type":"application\/json","X-Api-Key":"YOUR_SECURE_RANDOM_KEY","Host":"wjin.upv.edu.es"}
2025-10-06T22:02:00+00:00 RAW={"mac":"E6:14:89:83:B3:B9","major":2963,"minor":500,"nombre":"GTI-3A","rssi":-56,"timestamp":1759788121105,"txPower":203,"uuid":"45:50:53:47:2d:47:54:49:2d:50:52:4f:59:2d:33:41:"}
2025-10-06T22:02:01+00:00 METHOD=POST
2025-10-06T22:02:01+00:00 HEADERS={"User-Agent":"okhttp\/4.12.0","Accept-Encoding":"gzip","Content-Length":"179","Content-Type":"application\/json","X-Api-Key":"YOUR_SECURE_RANDOM_KEY","Host":"wjin.upv.edu.es"}
2025-10-06T22:02:01+00:00 RAW={"mac":"E6:14:89:83:B3:B9","major":2963,"minor":500,"nombre":"GTI-3A","rssi":-57,"timestamp":1759788121302,"txPower":203,"uuid":"45:50:53:47:2d:47:54:49:2d:50:52:4f:59:2d:33:41:"}
2025-10-06T22:02:01+00:00 METHOD=POST
2025-10-06T22:02:01+00:00 HEADERS={"User-Agent":"okhttp\/4.12.0","Accept-Encoding":"gzip","Content-Length":"179","Content-Type":"application\/json","X-Api-Key":"YOUR_SECURE_RANDOM_KEY","Host":"wjin.upv.edu.es"}
2025-10-06T22:02:01+00:00 RAW={"mac":"E6:14:89:83:B3:B9","major":2963,"minor":500,"nombre":"GTI-3A","rssi":-57,"timestamp":1759788121321,"txPower":203,"uuid":"45:50:53:47:2d:47:54:49:2d:50:52:4f:59:2d:33:41:"}
2025-10-06T22:02:06+00:00 METHOD=POST
2025-10-06T22:02:06+00:00 METHOD=POST
2025-10-06T22:02:06+00:00 METHOD=POST
2025-10-06T22:02:06+00:00 METHOD=POST
2025-10-06T22:02:06+00:00 METHOD=POST
2025-10-06T22:02:06+00:00 HEADERS={"User-Agent":"okhttp\/4.12.0","Accept-Encoding":"gzip","Content-Length":"179","Content-Type":"application\/json","X-Api-Key":"YOUR_SECURE_RANDOM_KEY","Host":"wjin.upv.edu.es"}
2025-10-06T22:02:06+00:00 HEADERS={"User-Agent":"okhttp\/4.12.0","Accept-Encoding":"gzip","Content-Length":"179","Content-Type":"application\/json","X-Api-Key":"YOUR_SECURE_RANDOM_KEY","Host":"wjin.upv.edu.es"}
2025-10-06T22:02:06+00:00 HEADERS={"User-Agent":"okhttp\/4.12.0","Accept-Encoding":"gzip","Content-Length":"179","Content-Type":"application\/json","X-Api-Key":"YOUR_SECURE_RANDOM_KEY","Host":"wjin.upv.edu.es"}
2025-10-06T22:02:06+00:00 HEADERS={"User-Agent":"okhttp\/4.12.0","Accept-Encoding":"gzip","Content-Length":"179","Content-Type":"application\/json","X-Api-Key":"YOUR_SECURE_RANDOM_KEY","Host":"wjin.upv.edu.es"}
2025-10-06T22:02:06+00:00 HEADERS={"User-Agent":"okhttp\/4.12.0","Accept-Encoding":"gzip","Content-Length":"179","Content-Type":"application\/json","X-Api-Key":"YOUR_SECURE_RANDOM_KEY","Host":"wjin.upv.edu.es"}
2025-10-06T22:02:06+00:00 RAW={"mac":"E6:14:89:83:B3:B9","major":2964,"minor":500,"nombre":"GTI-3A","rssi":-59,"timestamp":1759788126893,"txPower":203,"uuid":"45:50:53:47:2d:47:54:49:2d:50:52:4f:59:2d:33:41:"}
2025-10-06T22:02:06+00:00 RAW={"mac":"E6:14:89:83:B3:B9","major":2964,"minor":500,"nombre":"GTI-3A","rssi":-59,"timestamp":1759788126941,"txPower":203,"uuid":"45:50:53:47:2d:47:54:49:2d:50:52:4f:59:2d:33:41:"}
2025-10-06T22:02:06+00:00 RAW={"mac":"E6:14:89:83:B3:B9","major":2964,"minor":500,"nombre":"GTI-3A","rssi":-59,"timestamp":1759788126880,"txPower":203,"uuid":"45:50:53:47:2d:47:54:49:2d:50:52:4f:59:2d:33:41:"}
2025-10-06T22:02:06+00:00 RAW={"mac":"E6:14:89:83:B3:B9","major":2964,"minor":500,"nombre":"GTI-3A","rssi":-59,"timestamp":1759788126929,"txPower":203,"uuid":"45:50:53:47:2d:47:54:49:2d:50:52:4f:59:2d:33:41:"}
2025-10-06T22:02:06+00:00 RAW={"mac":"E6:14:89:83:B3:B9","major":2964,"minor":500,"nombre":"GTI-3A","rssi":-57,"timestamp":1759788126991,"txPower":203,"uuid":"45:50:53:47:2d:47:54:49:2d:50:52:4f:59:2d:33:41:"}
2025-10-06T22:02:06+00:00 METHOD=POST
2025-10-06T22:02:06+00:00 HEADERS={"User-Agent":"okhttp\/4.12.0","Accept-Encoding":"gzip","Content-Length":"179","Content-Type":"application\/json","X-Api-Key":"YOUR_SECURE_RANDOM_KEY","Host":"wjin.upv.edu.es"}
2025-10-06T22:02:06+00:00 RAW={"mac":"E6:14:89:83:B3:B9","major":2964,"minor":500,"nombre":"GTI-3A","rssi":-57,"timestamp":1759788127002,"txPower":203,"uuid":"45:50:53:47:2d:47:54:49:2d:50:52:4f:59:2d:33:41:"}
2025-10-06T22:02:06+00:00 METHOD=POST
2025-10-06T22:02:06+00:00 METHOD=POST
2025-10-06T22:02:06+00:00 HEADERS={"User-Agent":"okhttp\/4.12.0","Accept-Encoding":"gzip","Content-Length":"179","Content-Type":"application\/json","X-Api-Key":"YOUR_SECURE_RANDOM_KEY","Host":"wjin.upv.edu.es"}
2025-10-06T22:02:06+00:00 METHOD=POST
2025-10-06T22:02:06+00:00 METHOD=POST
2025-10-06T22:02:06+00:00 RAW={"mac":"E6:14:89:83:B3:B9","major":2964,"minor":500,"nombre":"GTI-3A","rssi":-56,"timestamp":1759788127134,"txPower":203,"uuid":"45:50:53:47:2d:47:54:49:2d:50:52:4f:59:2d:33:41:"}
2025-10-06T22:02:06+00:00 HEADERS={"User-Agent":"okhttp\/4.12.0","Accept-Encoding":"gzip","Content-Length":"179","Content-Type":"application\/json","X-Api-Key":"YOUR_SECURE_RANDOM_KEY","Host":"wjin.upv.edu.es"}
2025-10-06T22:02:06+00:00 HEADERS={"User-Agent":"okhttp\/4.12.0","Accept-Encoding":"gzip","Content-Length":"179","Content-Type":"application\/json","X-Api-Key":"YOUR_SECURE_RANDOM_KEY","Host":"wjin.upv.edu.es"}
2025-10-06T22:02:06+00:00 HEADERS={"User-Agent":"okhttp\/4.12.0","Accept-Encoding":"gzip","Content-Length":"179","Content-Type":"application\/json","X-Api-Key":"YOUR_SECURE_RANDOM_KEY","Host":"wjin.upv.edu.es"}
2025-10-06T22:02:06+00:00 RAW={"mac":"E6:14:89:83:B3:B9","major":2964,"minor":500,"nombre":"GTI-3A","rssi":-56,"timestamp":1759788127061,"txPower":203,"uuid":"45:50:53:47:2d:47:54:49:2d:50:52:4f:59:2d:33:41:"}
2025-10-06T22:02:06+00:00 RAW={"mac":"E6:14:89:83:B3:B9","major":2964,"minor":500,"nombre":"GTI-3A","rssi":-56,"timestamp":1759788127073,"txPower":203,"uuid":"45:50:53:47:2d:47:54:49:2d:50:52:4f:59:2d:33:41:"}
2025-10-06T22:02:06+00:00 RAW={"mac":"E6:14:89:83:B3:B9","major":2964,"minor":500,"nombre":"GTI-3A","rssi":-56,"timestamp":1759788127122,"txPower":203,"uuid":"45:50:53:47:2d:47:54:49:2d:50:52:4f:59:2d:33:41:"}
2025-10-06T22:02:06+00:00 METHOD=POST
2025-10-06T22:02:06+00:00 HEADERS={"User-Agent":"okhttp\/4.12.0","Accept-Encoding":"gzip","Content-Length":"179","Content-Type":"application\/json","X-Api-Key":"YOUR_SECURE_RANDOM_KEY","Host":"wjin.upv.edu.es"}
2025-10-06T22:02:06+00:00 RAW={"mac":"E6:14:89:83:B3:B9","major":2964,"minor":500,"nombre":"GTI-3A","rssi":-60,"timestamp":1759788127205,"txPower":203,"uuid":"45:50:53:47:2d:47:54:49:2d:50:52:4f:59:2d:33:41:"}
2025-10-06T22:02:06+00:00 METHOD=POST
2025-10-06T22:02:06+00:00 METHOD=POST
2025-10-06T22:02:06+00:00 HEADERS={"User-Agent":"okhttp\/4.12.0","Accept-Encoding":"gzip","Content-Length":"179","Content-Type":"application\/json","X-Api-Key":"YOUR_SECURE_RANDOM_KEY","Host":"wjin.upv.edu.es"}
2025-10-06T22:02:06+00:00 HEADERS={"User-Agent":"okhttp\/4.12.0","Accept-Encoding":"gzip","Content-Length":"179","Content-Type":"application\/json","X-Api-Key":"YOUR_SECURE_RANDOM_KEY","Host":"wjin.upv.edu.es"}
2025-10-06T22:02:06+00:00 RAW={"mac":"E6:14:89:83:B3:B9","major":2964,"minor":500,"nombre":"GTI-3A","rssi":-60,"timestamp":1759788127218,"txPower":203,"uuid":"45:50:53:47:2d:47:54:49:2d:50:52:4f:59:2d:33:41:"}
2025-10-06T22:02:06+00:00 RAW={"mac":"E6:14:89:83:B3:B9","major":2964,"minor":500,"nombre":"GTI-3A","rssi":-56,"timestamp":1759788127268,"txPower":203,"uuid":"45:50:53:47:2d:47:54:49:2d:50:52:4f:59:2d:33:41:"}
2025-10-06T22:02:07+00:00 METHOD=POST
2025-10-06T22:02:07+00:00 HEADERS={"User-Agent":"okhttp\/4.12.0","Accept-Encoding":"gzip","Content-Length":"179","Content-Type":"application\/json","X-Api-Key":"YOUR_SECURE_RANDOM_KEY","Host":"wjin.upv.edu.es"}
2025-10-06T22:02:07+00:00 RAW={"mac":"E6:14:89:83:B3:B9","major":2964,"minor":500,"nombre":"GTI-3A","rssi":-56,"timestamp":1759788127281,"txPower":203,"uuid":"45:50:53:47:2d:47:54:49:2d:50:52:4f:59:2d:33:41:"}
2025-10-06T22:02:07+00:00 METHOD=POST
2025-10-06T22:02:07+00:00 HEADERS={"User-Agent":"okhttp\/4.12.0","Accept-Encoding":"gzip","Content-Length":"179","Content-Type":"application\/json","X-Api-Key":"YOUR_SECURE_RANDOM_KEY","Host":"wjin.upv.edu.es"}
2025-10-06T22:02:07+00:00 RAW={"mac":"E6:14:89:83:B3:B9","major":2964,"minor":500,"nombre":"GTI-3A","rssi":-57,"timestamp":1759788127333,"txPower":203,"uuid":"45:50:53:47:2d:47:54:49:2d:50:52:4f:59:2d:33:41:"}
2025-10-06T22:02:07+00:00 METHOD=POST
2025-10-06T22:02:07+00:00 HEADERS={"User-Agent":"okhttp\/4.12.0","Accept-Encoding":"gzip","Content-Length":"179","Content-Type":"application\/json","X-Api-Key":"YOUR_SECURE_RANDOM_KEY","Host":"wjin.upv.edu.es"}
2025-10-06T22:02:07+00:00 RAW={"mac":"E6:14:89:83:B3:B9","major":2964,"minor":500,"nombre":"GTI-3A","rssi":-57,"timestamp":1759788127352,"txPower":203,"uuid":"45:50:53:47:2d:47:54:49:2d:50:52:4f:59:2d:33:41:"}
2025-10-06T22:02:07+00:00 METHOD=POST
2025-10-06T22:02:07+00:00 HEADERS={"User-Agent":"okhttp\/4.12.0","Accept-Encoding":"gzip","Content-Length":"179","Content-Type":"application\/json","X-Api-Key":"YOUR_SECURE_RANDOM_KEY","Host":"wjin.upv.edu.es"}
2025-10-06T22:02:07+00:00 RAW={"mac":"E6:14:89:83:B3:B9","major":2964,"minor":500,"nombre":"GTI-3A","rssi":-57,"timestamp":1759788127404,"txPower":203,"uuid":"45:50:53:47:2d:47:54:49:2d:50:52:4f:59:2d:33:41:"}
2025-10-06T22:02:07+00:00 METHOD=POST
2025-10-06T22:02:07+00:00 HEADERS={"User-Agent":"okhttp\/4.12.0","Accept-Encoding":"gzip","Content-Length":"179","Content-Type":"application\/json","X-Api-Key":"YOUR_SECURE_RANDOM_KEY","Host":"wjin.upv.edu.es"}
2025-10-06T22:02:07+00:00 RAW={"mac":"E6:14:89:83:B3:B9","major":2964,"minor":500,"nombre":"GTI-3A","rssi":-57,"timestamp":1759788127422,"txPower":203,"uuid":"45:50:53:47:2d:47:54:49:2d:50:52:4f:59:2d:33:41:"}
2025-10-06T22:02:07+00:00 METHOD=POST
2025-10-06T22:02:07+00:00 HEADERS={"User-Agent":"okhttp\/4.12.0","Accept-Encoding":"gzip","Content-Length":"179","Content-Type":"application\/json","X-Api-Key":"YOUR_SECURE_RANDOM_KEY","Host":"wjin.upv.edu.es"}
2025-10-06T22:02:07+00:00 RAW={"mac":"E6:14:89:83:B3:B9","major":2964,"minor":500,"nombre":"GTI-3A","rssi":-60,"timestamp":1759788127463,"txPower":203,"uuid":"45:50:53:47:2d:47:54:49:2d:50:52:4f:59:2d:33:41:"}
2025-10-06T22:02:07+00:00 METHOD=POST
2025-10-06T22:02:07+00:00 HEADERS={"User-Agent":"okhttp\/4.12.0","Accept-Encoding":"gzip","Content-Length":"179","Content-Type":"application\/json","X-Api-Key":"YOUR_SECURE_RANDOM_KEY","Host":"wjin.upv.edu.es"}
2025-10-06T22:02:07+00:00 RAW={"mac":"E6:14:89:83:B3:B9","major":2964,"minor":500,"nombre":"GTI-3A","rssi":-60,"timestamp":1759788127478,"txPower":203,"uuid":"45:50:53:47:2d:47:54:49:2d:50:52:4f:59:2d:33:41:"}
2025-10-06T22:02:07+00:00 METHOD=POST
2025-10-06T22:02:07+00:00 HEADERS={"User-Agent":"okhttp\/4.12.0","Accept-Encoding":"gzip","Content-Length":"179","Content-Type":"application\/json","X-Api-Key":"YOUR_SECURE_RANDOM_KEY","Host":"wjin.upv.edu.es"}
2025-10-06T22:02:07+00:00 RAW={"mac":"E6:14:89:83:B3:B9","major":2964,"minor":500,"nombre":"GTI-3A","rssi":-57,"timestamp":1759788127543,"txPower":203,"uuid":"45:50:53:47:2d:47:54:49:2d:50:52:4f:59:2d:33:41:"}
2025-10-06T22:02:07+00:00 METHOD=POST
2025-10-06T22:02:07+00:00 HEADERS={"User-Agent":"okhttp\/4.12.0","Accept-Encoding":"gzip","Content-Length":"179","Content-Type":"application\/json","X-Api-Key":"YOUR_SECURE_RANDOM_KEY","Host":"wjin.upv.edu.es"}
2025-10-06T22:02:07+00:00 RAW={"mac":"E6:14:89:83:B3:B9","major":2964,"minor":500,"nombre":"GTI-3A","rssi":-57,"timestamp":1759788127555,"txPower":203,"uuid":"45:50:53:47:2d:47:54:49:2d:50:52:4f:59:2d:33:41:"}
2025-10-06T22:02:07+00:00 METHOD=POST
2025-10-06T22:02:07+00:00 HEADERS={"User-Agent":"okhttp\/4.12.0","Accept-Encoding":"gzip","Content-Length":"179","Content-Type":"application\/json","X-Api-Key":"YOUR_SECURE_RANDOM_KEY","Host":"wjin.upv.edu.es"}
2025-10-06T22:02:07+00:00 RAW={"mac":"E6:14:89:83:B3:B9","major":2964,"minor":500,"nombre":"GTI-3A","rssi":-56,"timestamp":1759788127681,"txPower":203,"uuid":"45:50:53:47:2d:47:54:49:2d:50:52:4f:59:2d:33:41:"}
2025-10-06T22:02:07+00:00 METHOD=POST
2025-10-06T22:02:07+00:00 HEADERS={"User-Agent":"okhttp\/4.12.0","Accept-Encoding":"gzip","Content-Length":"179","Content-Type":"application\/json","X-Api-Key":"YOUR_SECURE_RANDOM_KEY","Host":"wjin.upv.edu.es"}
2025-10-06T22:02:07+00:00 RAW={"mac":"E6:14:89:83:B3:B9","major":2964,"minor":500,"nombre":"GTI-3A","rssi":-56,"timestamp":1759788127698,"txPower":203,"uuid":"45:50:53:47:2d:47:54:49:2d:50:52:4f:59:2d:33:41:"}
2025-10-06T22:02:07+00:00 METHOD=POST
2025-10-06T22:02:07+00:00 HEADERS={"User-Agent":"okhttp\/4.12.0","Accept-Encoding":"gzip","Content-Length":"179","Content-Type":"application\/json","X-Api-Key":"YOUR_SECURE_RANDOM_KEY","Host":"wjin.upv.edu.es"}
2025-10-06T22:02:07+00:00 RAW={"mac":"E6:14:89:83:B3:B9","major":2964,"minor":500,"nombre":"GTI-3A","rssi":-56,"timestamp":1759788127732,"txPower":203,"uuid":"45:50:53:47:2d:47:54:49:2d:50:52:4f:59:2d:33:41:"}
2025-10-06T22:02:07+00:00 METHOD=POST
2025-10-06T22:02:07+00:00 HEADERS={"User-Agent":"okhttp\/4.12.0","Accept-Encoding":"gzip","Content-Length":"179","Content-Type":"application\/json","X-Api-Key":"YOUR_SECURE_RANDOM_KEY","Host":"wjin.upv.edu.es"}
2025-10-06T22:02:07+00:00 RAW={"mac":"E6:14:89:83:B3:B9","major":2964,"minor":500,"nombre":"GTI-3A","rssi":-56,"timestamp":1759788127746,"txPower":203,"uuid":"45:50:53:47:2d:47:54:49:2d:50:52:4f:59:2d:33:41:"}
2025-10-06T22:02:07+00:00 METHOD=POST
2025-10-06T22:02:07+00:00 HEADERS={"User-Agent":"okhttp\/4.12.0","Accept-Encoding":"gzip","Content-Length":"179","Content-Type":"application\/json","X-Api-Key":"YOUR_SECURE_RANDOM_KEY","Host":"wjin.upv.edu.es"}
2025-10-06T22:02:07+00:00 RAW={"mac":"E6:14:89:83:B3:B9","major":2964,"minor":500,"nombre":"GTI-3A","rssi":-60,"timestamp":1759788127806,"txPower":203,"uuid":"45:50:53:47:2d:47:54:49:2d:50:52:4f:59:2d:33:41:"}
2025-10-06T22:02:07+00:00 METHOD=POST
2025-10-06T22:02:07+00:00 HEADERS={"User-Agent":"okhttp\/4.12.0","Accept-Encoding":"gzip","Content-Length":"179","Content-Type":"application\/json","X-Api-Key":"YOUR_SECURE_RANDOM_KEY","Host":"wjin.upv.edu.es"}
2025-10-06T22:02:07+00:00 RAW={"mac":"E6:14:89:83:B3:B9","major":2964,"minor":500,"nombre":"GTI-3A","rssi":-60,"timestamp":1759788127820,"txPower":203,"uuid":"45:50:53:47:2d:47:54:49:2d:50:52:4f:59:2d:33:41:"}
2025-10-06T22:02:13+00:00 METHOD=POST
2025-10-06T22:02:13+00:00 HEADERS={"User-Agent":"okhttp\/4.12.0","Accept-Encoding":"gzip","Content-Length":"179","Content-Type":"application\/json","X-Api-Key":"YOUR_SECURE_RANDOM_KEY","Host":"wjin.upv.edu.es"}
2025-10-06T22:02:13+00:00 RAW={"mac":"E6:14:89:83:B3:B9","major":2965,"minor":500,"nombre":"GTI-3A","rssi":-56,"timestamp":1759788133393,"txPower":203,"uuid":"45:50:53:47:2d:47:54:49:2d:50:52:4f:59:2d:33:41:"}
2025-10-06T22:02:13+00:00 METHOD=POST
2025-10-06T22:02:13+00:00 HEADERS={"User-Agent":"okhttp\/4.12.0","Accept-Encoding":"gzip","Content-Length":"179","Content-Type":"application\/json","X-Api-Key":"YOUR_SECURE_RANDOM_KEY","Host":"wjin.upv.edu.es"}
2025-10-06T22:02:13+00:00 RAW={"mac":"E6:14:89:83:B3:B9","major":2965,"minor":500,"nombre":"GTI-3A","rssi":-56,"timestamp":1759788133429,"txPower":203,"uuid":"45:50:53:47:2d:47:54:49:2d:50:52:4f:59:2d:33:41:"}
2025-10-06T22:02:13+00:00 METHOD=POST
2025-10-06T22:02:13+00:00 HEADERS={"User-Agent":"okhttp\/4.12.0","Accept-Encoding":"gzip","Content-Length":"179","Content-Type":"application\/json","X-Api-Key":"YOUR_SECURE_RANDOM_KEY","Host":"wjin.upv.edu.es"}
2025-10-06T22:02:13+00:00 RAW={"mac":"E6:14:89:83:B3:B9","major":2965,"minor":500,"nombre":"GTI-3A","rssi":-59,"timestamp":1759788133483,"txPower":203,"uuid":"45:50:53:47:2d:47:54:49:2d:50:52:4f:59:2d:33:41:"}
2025-10-06T22:02:13+00:00 METHOD=POST
2025-10-06T22:02:13+00:00 HEADERS={"User-Agent":"okhttp\/4.12.0","Accept-Encoding":"gzip","Content-Length":"179","Content-Type":"application\/json","X-Api-Key":"YOUR_SECURE_RANDOM_KEY","Host":"wjin.upv.edu.es"}
2025-10-06T22:02:13+00:00 RAW={"mac":"E6:14:89:83:B3:B9","major":2965,"minor":500,"nombre":"GTI-3A","rssi":-59,"timestamp":1759788133495,"txPower":203,"uuid":"45:50:53:47:2d:47:54:49:2d:50:52:4f:59:2d:33:41:"}
2025-10-06T22:02:13+00:00 METHOD=POST
2025-10-06T22:02:13+00:00 HEADERS={"User-Agent":"okhttp\/4.12.0","Accept-Encoding":"gzip","Content-Length":"179","Content-Type":"application\/json","X-Api-Key":"YOUR_SECURE_RANDOM_KEY","Host":"wjin.upv.edu.es"}
2025-10-06T22:02:13+00:00 RAW={"mac":"E6:14:89:83:B3:B9","major":2965,"minor":500,"nombre":"GTI-3A","rssi":-56,"timestamp":1759788133547,"txPower":203,"uuid":"45:50:53:47:2d:47:54:49:2d:50:52:4f:59:2d:33:41:"}
2025-10-06T22:02:13+00:00 METHOD=POST
2025-10-06T22:02:13+00:00 HEADERS={"User-Agent":"okhttp\/4.12.0","Accept-Encoding":"gzip","Content-Length":"179","Content-Type":"application\/json","X-Api-Key":"YOUR_SECURE_RANDOM_KEY","Host":"wjin.upv.edu.es"}
2025-10-06T22:02:13+00:00 RAW={"mac":"E6:14:89:83:B3:B9","major":2965,"minor":500,"nombre":"GTI-3A","rssi":-56,"timestamp":1759788133563,"txPower":203,"uuid":"45:50:53:47:2d:47:54:49:2d:50:52:4f:59:2d:33:41:"}
2025-10-06T22:02:13+00:00 METHOD=POST
2025-10-06T22:02:13+00:00 HEADERS={"User-Agent":"okhttp\/4.12.0","Accept-Encoding":"gzip","Content-Length":"179","Content-Type":"application\/json","X-Api-Key":"YOUR_SECURE_RANDOM_KEY","Host":"wjin.upv.edu.es"}
2025-10-06T22:02:13+00:00 RAW={"mac":"E6:14:89:83:B3:B9","major":2965,"minor":500,"nombre":"GTI-3A","rssi":-57,"timestamp":1759788133622,"txPower":203,"uuid":"45:50:53:47:2d:47:54:49:2d:50:52:4f:59:2d:33:41:"}
2025-10-06T22:02:13+00:00 METHOD=POST
2025-10-06T22:02:13+00:00 HEADERS={"User-Agent":"okhttp\/4.12.0","Accept-Encoding":"gzip","Content-Length":"179","Content-Type":"application\/json","X-Api-Key":"YOUR_SECURE_RANDOM_KEY","Host":"wjin.upv.edu.es"}
2025-10-06T22:02:13+00:00 RAW={"mac":"E6:14:89:83:B3:B9","major":2965,"minor":500,"nombre":"GTI-3A","rssi":-57,"timestamp":1759788133634,"txPower":203,"uuid":"45:50:53:47:2d:47:54:49:2d:50:52:4f:59:2d:33:41:"}
2025-10-06T22:02:13+00:00 METHOD=POST
2025-10-06T22:02:13+00:00 HEADERS={"User-Agent":"okhttp\/4.12.0","Accept-Encoding":"gzip","Content-Length":"179","Content-Type":"application\/json","X-Api-Key":"YOUR_SECURE_RANDOM_KEY","Host":"wjin.upv.edu.es"}
2025-10-06T22:02:13+00:00 RAW={"mac":"E6:14:89:83:B3:B9","major":2965,"minor":500,"nombre":"GTI-3A","rssi":-56,"timestamp":1759788133683,"txPower":203,"uuid":"45:50:53:47:2d:47:54:49:2d:50:52:4f:59:2d:33:41:"}
2025-10-06T22:02:13+00:00 METHOD=POST
2025-10-06T22:02:13+00:00 HEADERS={"User-Agent":"okhttp\/4.12.0","Accept-Encoding":"gzip","Content-Length":"179","Content-Type":"application\/json","X-Api-Key":"YOUR_SECURE_RANDOM_KEY","Host":"wjin.upv.edu.es"}
2025-10-06T22:02:13+00:00 RAW={"mac":"E6:14:89:83:B3:B9","major":2965,"minor":500,"nombre":"GTI-3A","rssi":-56,"timestamp":1759788133696,"txPower":203,"uuid":"45:50:53:47:2d:47:54:49:2d:50:52:4f:59:2d:33:41:"}
2025-10-06T22:02:13+00:00 METHOD=POST
2025-10-06T22:02:13+00:00 HEADERS={"User-Agent":"okhttp\/4.12.0","Accept-Encoding":"gzip","Content-Length":"179","Content-Type":"application\/json","X-Api-Key":"YOUR_SECURE_RANDOM_KEY","Host":"wjin.upv.edu.es"}
2025-10-06T22:02:13+00:00 RAW={"mac":"E6:14:89:83:B3:B9","major":2965,"minor":500,"nombre":"GTI-3A","rssi":-59,"timestamp":1759788133756,"txPower":203,"uuid":"45:50:53:47:2d:47:54:49:2d:50:52:4f:59:2d:33:41:"}
2025-10-06T22:02:13+00:00 METHOD=POST
2025-10-06T22:02:13+00:00 METHOD=POST
2025-10-06T22:02:13+00:00 METHOD=POST
2025-10-06T22:02:13+00:00 METHOD=POST
2025-10-06T22:02:13+00:00 METHOD=POST
2025-10-06T22:02:13+00:00 HEADERS={"User-Agent":"okhttp\/4.12.0","Accept-Encoding":"gzip","Content-Length":"179","Content-Type":"application\/json","X-Api-Key":"YOUR_SECURE_RANDOM_KEY","Host":"wjin.upv.edu.es"}
2025-10-06T22:02:13+00:00 HEADERS={"User-Agent":"okhttp\/4.12.0","Accept-Encoding":"gzip","Content-Length":"179","Content-Type":"application\/json","X-Api-Key":"YOUR_SECURE_RANDOM_KEY","Host":"wjin.upv.edu.es"}
2025-10-06T22:02:13+00:00 HEADERS={"User-Agent":"okhttp\/4.12.0","Accept-Encoding":"gzip","Content-Length":"179","Content-Type":"application\/json","X-Api-Key":"YOUR_SECURE_RANDOM_KEY","Host":"wjin.upv.edu.es"}
2025-10-06T22:02:13+00:00 HEADERS={"User-Agent":"okhttp\/4.12.0","Accept-Encoding":"gzip","Content-Length":"179","Content-Type":"application\/json","X-Api-Key":"YOUR_SECURE_RANDOM_KEY","Host":"wjin.upv.edu.es"}
2025-10-06T22:02:13+00:00 HEADERS={"User-Agent":"okhttp\/4.12.0","Accept-Encoding":"gzip","Content-Length":"179","Content-Type":"application\/json","X-Api-Key":"YOUR_SECURE_RANDOM_KEY","Host":"wjin.upv.edu.es"}
2025-10-06T22:02:13+00:00 RAW={"mac":"E6:14:89:83:B3:B9","major":2965,"minor":500,"nombre":"GTI-3A","rssi":-59,"timestamp":1759788133815,"txPower":203,"uuid":"45:50:53:47:2d:47:54:49:2d:50:52:4f:59:2d:33:41:"}
2025-10-06T22:02:13+00:00 RAW={"mac":"E6:14:89:83:B3:B9","major":2965,"minor":500,"nombre":"GTI-3A","rssi":-57,"timestamp":1759788133912,"txPower":203,"uuid":"45:50:53:47:2d:47:54:49:2d:50:52:4f:59:2d:33:41:"}
2025-10-06T22:02:13+00:00 RAW={"mac":"E6:14:89:83:B3:B9","major":2965,"minor":500,"nombre":"GTI-3A","rssi":-59,"timestamp":1759788133828,"txPower":203,"uuid":"45:50:53:47:2d:47:54:49:2d:50:52:4f:59:2d:33:41:"}
2025-10-06T22:02:13+00:00 RAW={"mac":"E6:14:89:83:B3:B9","major":2965,"minor":500,"nombre":"GTI-3A","rssi":-59,"timestamp":1759788133771,"txPower":203,"uuid":"45:50:53:47:2d:47:54:49:2d:50:52:4f:59:2d:33:41:"}
2025-10-06T22:02:13+00:00 RAW={"mac":"E6:14:89:83:B3:B9","major":2965,"minor":500,"nombre":"GTI-3A","rssi":-57,"timestamp":1759788133896,"txPower":203,"uuid":"45:50:53:47:2d:47:54:49:2d:50:52:4f:59:2d:33:41:"}
2025-10-06T22:02:13+00:00 METHOD=POST
2025-10-06T22:02:13+00:00 HEADERS={"User-Agent":"okhttp\/4.12.0","Accept-Encoding":"gzip","Content-Length":"179","Content-Type":"application\/json","X-Api-Key":"YOUR_SECURE_RANDOM_KEY","Host":"wjin.upv.edu.es"}
2025-10-06T22:02:13+00:00 RAW={"mac":"E6:14:89:83:B3:B9","major":2965,"minor":500,"nombre":"GTI-3A","rssi":-56,"timestamp":1759788133959,"txPower":203,"uuid":"45:50:53:47:2d:47:54:49:2d:50:52:4f:59:2d:33:41:"}
2025-10-06T22:02:14+00:00 METHOD=POST
2025-10-06T22:02:14+00:00 METHOD=POST
2025-10-06T22:02:14+00:00 METHOD=POST
2025-10-06T22:02:14+00:00 METHOD=POST
2025-10-06T22:02:14+00:00 METHOD=POST
2025-10-06T22:02:14+00:00 HEADERS={"User-Agent":"okhttp\/4.12.0","Accept-Encoding":"gzip","Content-Length":"179","Content-Type":"application\/json","X-Api-Key":"YOUR_SECURE_RANDOM_KEY","Host":"wjin.upv.edu.es"}
2025-10-06T22:02:14+00:00 HEADERS={"User-Agent":"okhttp\/4.12.0","Accept-Encoding":"gzip","Content-Length":"179","Content-Type":"application\/json","X-Api-Key":"YOUR_SECURE_RANDOM_KEY","Host":"wjin.upv.edu.es"}
2025-10-06T22:02:14+00:00 HEADERS={"User-Agent":"okhttp\/4.12.0","Accept-Encoding":"gzip","Content-Length":"179","Content-Type":"application\/json","X-Api-Key":"YOUR_SECURE_RANDOM_KEY","Host":"wjin.upv.edu.es"}
2025-10-06T22:02:14+00:00 HEADERS={"User-Agent":"okhttp\/4.12.0","Accept-Encoding":"gzip","Content-Length":"179","Content-Type":"application\/json","X-Api-Key":"YOUR_SECURE_RANDOM_KEY","Host":"wjin.upv.edu.es"}
2025-10-06T22:02:14+00:00 HEADERS={"User-Agent":"okhttp\/4.12.0","Accept-Encoding":"gzip","Content-Length":"179","Content-Type":"application\/json","X-Api-Key":"YOUR_SECURE_RANDOM_KEY","Host":"wjin.upv.edu.es"}
2025-10-06T22:02:14+00:00 RAW={"mac":"E6:14:89:83:B3:B9","major":2965,"minor":500,"nombre":"GTI-3A","rssi":-56,"timestamp":1759788134041,"txPower":203,"uuid":"45:50:53:47:2d:47:54:49:2d:50:52:4f:59:2d:33:41:"}
2025-10-06T22:02:14+00:00 RAW={"mac":"E6:14:89:83:B3:B9","major":2965,"minor":500,"nombre":"GTI-3A","rssi":-59,"timestamp":1759788134094,"txPower":203,"uuid":"45:50:53:47:2d:47:54:49:2d:50:52:4f:59:2d:33:41:"}
2025-10-06T22:02:14+00:00 RAW={"mac":"E6:14:89:83:B3:B9","major":2965,"minor":500,"nombre":"GTI-3A","rssi":-56,"timestamp":1759788134028,"txPower":203,"uuid":"45:50:53:47:2d:47:54:49:2d:50:52:4f:59:2d:33:41:"}
2025-10-06T22:02:14+00:00 RAW={"mac":"E6:14:89:83:B3:B9","major":2965,"minor":500,"nombre":"GTI-3A","rssi":-56,"timestamp":1759788133976,"txPower":203,"uuid":"45:50:53:47:2d:47:54:49:2d:50:52:4f:59:2d:33:41:"}
2025-10-06T22:02:14+00:00 RAW={"mac":"E6:14:89:83:B3:B9","major":2965,"minor":500,"nombre":"GTI-3A","rssi":-59,"timestamp":1759788134109,"txPower":203,"uuid":"45:50:53:47:2d:47:54:49:2d:50:52:4f:59:2d:33:41:"}
2025-10-06T22:02:14+00:00 METHOD=POST
2025-10-06T22:02:14+00:00 HEADERS={"User-Agent":"okhttp\/4.12.0","Accept-Encoding":"gzip","Content-Length":"179","Content-Type":"application\/json","X-Api-Key":"YOUR_SECURE_RANDOM_KEY","Host":"wjin.upv.edu.es"}
2025-10-06T22:02:14+00:00 RAW={"mac":"E6:14:89:83:B3:B9","major":2965,"minor":500,"nombre":"GTI-3A","rssi":-56,"timestamp":1759788134163,"txPower":203,"uuid":"45:50:53:47:2d:47:54:49:2d:50:52:4f:59:2d:33:41:"}
2025-10-06T22:02:14+00:00 METHOD=POST
2025-10-06T22:02:14+00:00 METHOD=POST
2025-10-06T22:02:14+00:00 METHOD=POST
2025-10-06T22:02:14+00:00 METHOD=POST
2025-10-06T22:02:14+00:00 HEADERS={"User-Agent":"okhttp\/4.12.0","Accept-Encoding":"gzip","Content-Length":"179","Content-Type":"application\/json","X-Api-Key":"YOUR_SECURE_RANDOM_KEY","Host":"wjin.upv.edu.es"}
2025-10-06T22:02:14+00:00 HEADERS={"User-Agent":"okhttp\/4.12.0","Accept-Encoding":"gzip","Content-Length":"179","Content-Type":"application\/json","X-Api-Key":"YOUR_SECURE_RANDOM_KEY","Host":"wjin.upv.edu.es"}
2025-10-06T22:02:14+00:00 RAW={"mac":"E6:14:89:83:B3:B9","major":2965,"minor":500,"nombre":"GTI-3A","rssi":-56,"timestamp":1759788134246,"txPower":203,"uuid":"45:50:53:47:2d:47:54:49:2d:50:52:4f:59:2d:33:41:"}
2025-10-06T22:02:14+00:00 HEADERS={"User-Agent":"okhttp\/4.12.0","Accept-Encoding":"gzip","Content-Length":"179","Content-Type":"application\/json","X-Api-Key":"YOUR_SECURE_RANDOM_KEY","Host":"wjin.upv.edu.es"}
2025-10-06T22:02:14+00:00 RAW={"mac":"E6:14:89:83:B3:B9","major":2965,"minor":500,"nombre":"GTI-3A","rssi":-56,"timestamp":1759788134181,"txPower":203,"uuid":"45:50:53:47:2d:47:54:49:2d:50:52:4f:59:2d:33:41:"}
2025-10-06T22:02:14+00:00 HEADERS={"User-Agent":"okhttp\/4.12.0","Accept-Encoding":"gzip","Content-Length":"179","Content-Type":"application\/json","X-Api-Key":"YOUR_SECURE_RANDOM_KEY","Host":"wjin.upv.edu.es"}
2025-10-06T22:02:14+00:00 RAW={"mac":"E6:14:89:83:B3:B9","major":2965,"minor":500,"nombre":"GTI-3A","rssi":-56,"timestamp":1759788134232,"txPower":203,"uuid":"45:50:53:47:2d:47:54:49:2d:50:52:4f:59:2d:33:41:"}
2025-10-06T22:02:14+00:00 RAW={"mac":"E6:14:89:83:B3:B9","major":2965,"minor":500,"nombre":"GTI-3A","rssi":-57,"timestamp":1759788134309,"txPower":203,"uuid":"45:50:53:47:2d:47:54:49:2d:50:52:4f:59:2d:33:41:"}
2025-10-06T22:02:14+00:00 METHOD=POST
2025-10-06T22:02:14+00:00 HEADERS={"User-Agent":"okhttp\/4.12.0","Accept-Encoding":"gzip","Content-Length":"179","Content-Type":"application\/json","X-Api-Key":"YOUR_SECURE_RANDOM_KEY","Host":"wjin.upv.edu.es"}
2025-10-06T22:02:14+00:00 RAW={"mac":"E6:14:89:83:B3:B9","major":2965,"minor":500,"nombre":"GTI-3A","rssi":-57,"timestamp":1759788134326,"txPower":203,"uuid":"45:50:53:47:2d:47:54:49:2d:50:52:4f:59:2d:33:41:"}
2025-10-06T22:02:19+00:00 METHOD=POST
2025-10-06T22:02:19+00:00 HEADERS={"User-Agent":"okhttp\/4.12.0","Accept-Encoding":"gzip","Content-Length":"179","Content-Type":"application\/json","X-Api-Key":"YOUR_SECURE_RANDOM_KEY","Host":"wjin.upv.edu.es"}
2025-10-06T22:02:19+00:00 RAW={"mac":"E6:14:89:83:B3:B9","major":2966,"minor":500,"nombre":"GTI-3A","rssi":-56,"timestamp":1759788139872,"txPower":203,"uuid":"45:50:53:47:2d:47:54:49:2d:50:52:4f:59:2d:33:41:"}
2025-10-06T22:02:19+00:00 METHOD=POST
2025-10-06T22:02:19+00:00 HEADERS={"User-Agent":"okhttp\/4.12.0","Accept-Encoding":"gzip","Content-Length":"179","Content-Type":"application\/json","X-Api-Key":"YOUR_SECURE_RANDOM_KEY","Host":"wjin.upv.edu.es"}
2025-10-06T22:02:19+00:00 RAW={"mac":"E6:14:89:83:B3:B9","major":2966,"minor":500,"nombre":"GTI-3A","rssi":-56,"timestamp":1759788139858,"txPower":203,"uuid":"45:50:53:47:2d:47:54:49:2d:50:52:4f:59:2d:33:41:"}
2025-10-06T22:02:19+00:00 METHOD=POST
2025-10-06T22:02:19+00:00 HEADERS={"User-Agent":"okhttp\/4.12.0","Accept-Encoding":"gzip","Content-Length":"179","Content-Type":"application\/json","X-Api-Key":"YOUR_SECURE_RANDOM_KEY","Host":"wjin.upv.edu.es"}
2025-10-06T22:02:19+00:00 RAW={"mac":"E6:14:89:83:B3:B9","major":2966,"minor":500,"nombre":"GTI-3A","rssi":-56,"timestamp":1759788139976,"txPower":203,"uuid":"45:50:53:47:2d:47:54:49:2d:50:52:4f:59:2d:33:41:"}
2025-10-06T22:02:19+00:00 METHOD=POST
2025-10-06T22:02:19+00:00 HEADERS={"User-Agent":"okhttp\/4.12.0","Accept-Encoding":"gzip","Content-Length":"179","Content-Type":"application\/json","X-Api-Key":"YOUR_SECURE_RANDOM_KEY","Host":"wjin.upv.edu.es"}
2025-10-06T22:02:19+00:00 RAW={"mac":"E6:14:89:83:B3:B9","major":2966,"minor":500,"nombre":"GTI-3A","rssi":-56,"timestamp":1759788139988,"txPower":203,"uuid":"45:50:53:47:2d:47:54:49:2d:50:52:4f:59:2d:33:41:"}
2025-10-06T22:02:19+00:00 METHOD=POST
2025-10-06T22:02:19+00:00 HEADERS={"User-Agent":"okhttp\/4.12.0","Accept-Encoding":"gzip","Content-Length":"179","Content-Type":"application\/json","X-Api-Key":"YOUR_SECURE_RANDOM_KEY","Host":"wjin.upv.edu.es"}
2025-10-06T22:02:19+00:00 RAW={"mac":"E6:14:89:83:B3:B9","major":2966,"minor":500,"nombre":"GTI-3A","rssi":-58,"timestamp":1759788140079,"txPower":203,"uuid":"45:50:53:47:2d:47:54:49:2d:50:52:4f:59:2d:33:41:"}
2025-10-06T22:02:19+00:00 METHOD=POST
2025-10-06T22:02:19+00:00 HEADERS={"User-Agent":"okhttp\/4.12.0","Accept-Encoding":"gzip","Content-Length":"179","Content-Type":"application\/json","X-Api-Key":"YOUR_SECURE_RANDOM_KEY","Host":"wjin.upv.edu.es"}
2025-10-06T22:02:19+00:00 RAW={"mac":"E6:14:89:83:B3:B9","major":2966,"minor":500,"nombre":"GTI-3A","rssi":-58,"timestamp":1759788140092,"txPower":203,"uuid":"45:50:53:47:2d:47:54:49:2d:50:52:4f:59:2d:33:41:"}
2025-10-06T22:02:19+00:00 METHOD=POST
2025-10-06T22:02:19+00:00 HEADERS={"User-Agent":"okhttp\/4.12.0","Accept-Encoding":"gzip","Content-Length":"179","Content-Type":"application\/json","X-Api-Key":"YOUR_SECURE_RANDOM_KEY","Host":"wjin.upv.edu.es"}
2025-10-06T22:02:19+00:00 RAW={"mac":"E6:14:89:83:B3:B9","major":2966,"minor":500,"nombre":"GTI-3A","rssi":-58,"timestamp":1759788140135,"txPower":203,"uuid":"45:50:53:47:2d:47:54:49:2d:50:52:4f:59:2d:33:41:"}
2025-10-06T22:02:19+00:00 METHOD=POST
2025-10-06T22:02:19+00:00 HEADERS={"User-Agent":"okhttp\/4.12.0","Accept-Encoding":"gzip","Content-Length":"179","Content-Type":"application\/json","X-Api-Key":"YOUR_SECURE_RANDOM_KEY","Host":"wjin.upv.edu.es"}
2025-10-06T22:02:19+00:00 RAW={"mac":"E6:14:89:83:B3:B9","major":2966,"minor":500,"nombre":"GTI-3A","rssi":-58,"timestamp":1759788140147,"txPower":203,"uuid":"45:50:53:47:2d:47:54:49:2d:50:52:4f:59:2d:33:41:"}
2025-10-06T22:02:19+00:00 METHOD=POST
2025-10-06T22:02:19+00:00 HEADERS={"User-Agent":"okhttp\/4.12.0","Accept-Encoding":"gzip","Content-Length":"179","Content-Type":"application\/json","X-Api-Key":"YOUR_SECURE_RANDOM_KEY","Host":"wjin.upv.edu.es"}
2025-10-06T22:02:19+00:00 RAW={"mac":"E6:14:89:83:B3:B9","major":2966,"minor":500,"nombre":"GTI-3A","rssi":-56,"timestamp":1759788140233,"txPower":203,"uuid":"45:50:53:47:2d:47:54:49:2d:50:52:4f:59:2d:33:41:"}
2025-10-06T22:02:19+00:00 METHOD=POST
2025-10-06T22:02:19+00:00 HEADERS={"User-Agent":"okhttp\/4.12.0","Accept-Encoding":"gzip","Content-Length":"179","Content-Type":"application\/json","X-Api-Key":"YOUR_SECURE_RANDOM_KEY","Host":"wjin.upv.edu.es"}
2025-10-06T22:02:19+00:00 RAW={"mac":"E6:14:89:83:B3:B9","major":2966,"minor":500,"nombre":"GTI-3A","rssi":-56,"timestamp":1759788140246,"txPower":203,"uuid":"45:50:53:47:2d:47:54:49:2d:50:52:4f:59:2d:33:41:"}
2025-10-06T22:02:19+00:00 METHOD=POST
2025-10-06T22:02:19+00:00 HEADERS={"User-Agent":"okhttp\/4.12.0","Accept-Encoding":"gzip","Content-Length":"179","Content-Type":"application\/json","X-Api-Key":"YOUR_SECURE_RANDOM_KEY","Host":"wjin.upv.edu.es"}
2025-10-06T22:02:19+00:00 RAW={"mac":"E6:14:89:83:B3:B9","major":2966,"minor":500,"nombre":"GTI-3A","rssi":-56,"timestamp":1759788140286,"txPower":203,"uuid":"45:50:53:47:2d:47:54:49:2d:50:52:4f:59:2d:33:41:"}
2025-10-06T22:02:19+00:00 METHOD=POST
2025-10-06T22:02:19+00:00 HEADERS={"User-Agent":"okhttp\/4.12.0","Accept-Encoding":"gzip","Content-Length":"179","Content-Type":"application\/json","X-Api-Key":"YOUR_SECURE_RANDOM_KEY","Host":"wjin.upv.edu.es"}
2025-10-06T22:02:19+00:00 RAW={"mac":"E6:14:89:83:B3:B9","major":2966,"minor":500,"nombre":"GTI-3A","rssi":-56,"timestamp":1759788140313,"txPower":203,"uuid":"45:50:53:47:2d:47:54:49:2d:50:52:4f:59:2d:33:41:"}
2025-10-06T22:02:20+00:00 METHOD=POST
2025-10-06T22:02:20+00:00 HEADERS={"User-Agent":"okhttp\/4.12.0","Accept-Encoding":"gzip","Content-Length":"179","Content-Type":"application\/json","X-Api-Key":"YOUR_SECURE_RANDOM_KEY","Host":"wjin.upv.edu.es"}
2025-10-06T22:02:20+00:00 RAW={"mac":"E6:14:89:83:B3:B9","major":2966,"minor":500,"nombre":"GTI-3A","rssi":-56,"timestamp":1759788140353,"txPower":203,"uuid":"45:50:53:47:2d:47:54:49:2d:50:52:4f:59:2d:33:41:"}
2025-10-06T22:02:20+00:00 METHOD=POST
2025-10-06T22:02:20+00:00 HEADERS={"User-Agent":"okhttp\/4.12.0","Accept-Encoding":"gzip","Content-Length":"179","Content-Type":"application\/json","X-Api-Key":"YOUR_SECURE_RANDOM_KEY","Host":"wjin.upv.edu.es"}
2025-10-06T22:02:20+00:00 RAW={"mac":"E6:14:89:83:B3:B9","major":2966,"minor":500,"nombre":"GTI-3A","rssi":-56,"timestamp":1759788140365,"txPower":203,"uuid":"45:50:53:47:2d:47:54:49:2d:50:52:4f:59:2d:33:41:"}
2025-10-06T22:02:20+00:00 METHOD=POST
2025-10-06T22:02:20+00:00 HEADERS={"User-Agent":"okhttp\/4.12.0","Accept-Encoding":"gzip","Content-Length":"179","Content-Type":"application\/json","X-Api-Key":"YOUR_SECURE_RANDOM_KEY","Host":"wjin.upv.edu.es"}
2025-10-06T22:02:20+00:00 RAW={"mac":"E6:14:89:83:B3:B9","major":2966,"minor":500,"nombre":"GTI-3A","rssi":-56,"timestamp":1759788140522,"txPower":203,"uuid":"45:50:53:47:2d:47:54:49:2d:50:52:4f:59:2d:33:41:"}
2025-10-06T22:02:20+00:00 METHOD=POST
2025-10-06T22:02:20+00:00 HEADERS={"User-Agent":"okhttp\/4.12.0","Accept-Encoding":"gzip","Content-Length":"179","Content-Type":"application\/json","X-Api-Key":"YOUR_SECURE_RANDOM_KEY","Host":"wjin.upv.edu.es"}
2025-10-06T22:02:20+00:00 RAW={"mac":"E6:14:89:83:B3:B9","major":2966,"minor":500,"nombre":"GTI-3A","rssi":-56,"timestamp":1759788140535,"txPower":203,"uuid":"45:50:53:47:2d:47:54:49:2d:50:52:4f:59:2d:33:41:"}
2025-10-06T22:02:20+00:00 METHOD=POST
2025-10-06T22:02:20+00:00 HEADERS={"User-Agent":"okhttp\/4.12.0","Accept-Encoding":"gzip","Content-Length":"179","Content-Type":"application\/json","X-Api-Key":"YOUR_SECURE_RANDOM_KEY","Host":"wjin.upv.edu.es"}
2025-10-06T22:02:20+00:00 RAW={"mac":"E6:14:89:83:B3:B9","major":2966,"minor":500,"nombre":"GTI-3A","rssi":-56,"timestamp":1759788140581,"txPower":203,"uuid":"45:50:53:47:2d:47:54:49:2d:50:52:4f:59:2d:33:41:"}
2025-10-06T22:02:20+00:00 METHOD=POST
2025-10-06T22:02:20+00:00 HEADERS={"User-Agent":"okhttp\/4.12.0","Accept-Encoding":"gzip","Content-Length":"179","Content-Type":"application\/json","X-Api-Key":"YOUR_SECURE_RANDOM_KEY","Host":"wjin.upv.edu.es"}
2025-10-06T22:02:20+00:00 RAW={"mac":"E6:14:89:83:B3:B9","major":2966,"minor":500,"nombre":"GTI-3A","rssi":-56,"timestamp":1759788140593,"txPower":203,"uuid":"45:50:53:47:2d:47:54:49:2d:50:52:4f:59:2d:33:41:"}
2025-10-06T22:02:20+00:00 METHOD=POST
2025-10-06T22:02:20+00:00 HEADERS={"User-Agent":"okhttp\/4.12.0","Accept-Encoding":"gzip","Content-Length":"179","Content-Type":"application\/json","X-Api-Key":"YOUR_SECURE_RANDOM_KEY","Host":"wjin.upv.edu.es"}
2025-10-06T22:02:20+00:00 RAW={"mac":"E6:14:89:83:B3:B9","major":2966,"minor":500,"nombre":"GTI-3A","rssi":-59,"timestamp":1759788140648,"txPower":203,"uuid":"45:50:53:47:2d:47:54:49:2d:50:52:4f:59:2d:33:41:"}
2025-10-06T22:02:20+00:00 METHOD=POST
2025-10-06T22:02:20+00:00 HEADERS={"User-Agent":"okhttp\/4.12.0","Accept-Encoding":"gzip","Content-Length":"179","Content-Type":"application\/json","X-Api-Key":"YOUR_SECURE_RANDOM_KEY","Host":"wjin.upv.edu.es"}
2025-10-06T22:02:20+00:00 RAW={"mac":"E6:14:89:83:B3:B9","major":2966,"minor":500,"nombre":"GTI-3A","rssi":-59,"timestamp":1759788140659,"txPower":203,"uuid":"45:50:53:47:2d:47:54:49:2d:50:52:4f:59:2d:33:41:"}
2025-10-06T22:02:20+00:00 METHOD=POST
2025-10-06T22:02:20+00:00 HEADERS={"User-Agent":"okhttp\/4.12.0","Accept-Encoding":"gzip","Content-Length":"179","Content-Type":"application\/json","X-Api-Key":"YOUR_SECURE_RANDOM_KEY","Host":"wjin.upv.edu.es"}
2025-10-06T22:02:20+00:00 RAW={"mac":"E6:14:89:83:B3:B9","major":2966,"minor":500,"nombre":"GTI-3A","rssi":-58,"timestamp":1759788140719,"txPower":203,"uuid":"45:50:53:47:2d:47:54:49:2d:50:52:4f:59:2d:33:41:"}
2025-10-06T22:02:20+00:00 METHOD=POST
2025-10-06T22:02:20+00:00 HEADERS={"User-Agent":"okhttp\/4.12.0","Accept-Encoding":"gzip","Content-Length":"179","Content-Type":"application\/json","X-Api-Key":"YOUR_SECURE_RANDOM_KEY","Host":"wjin.upv.edu.es"}
2025-10-06T22:02:20+00:00 RAW={"mac":"E6:14:89:83:B3:B9","major":2966,"minor":500,"nombre":"GTI-3A","rssi":-58,"timestamp":1759788140737,"txPower":203,"uuid":"45:50:53:47:2d:47:54:49:2d:50:52:4f:59:2d:33:41:"}
2025-10-06T22:02:20+00:00 METHOD=POST
2025-10-06T22:02:20+00:00 HEADERS={"User-Agent":"okhttp\/4.12.0","Accept-Encoding":"gzip","Content-Length":"179","Content-Type":"application\/json","X-Api-Key":"YOUR_SECURE_RANDOM_KEY","Host":"wjin.upv.edu.es"}
2025-10-06T22:02:20+00:00 RAW={"mac":"E6:14:89:83:B3:B9","major":2966,"minor":500,"nombre":"GTI-3A","rssi":-56,"timestamp":1759788140783,"txPower":203,"uuid":"45:50:53:47:2d:47:54:49:2d:50:52:4f:59:2d:33:41:"}
2025-10-06T22:02:20+00:00 METHOD=POST
2025-10-06T22:02:20+00:00 HEADERS={"User-Agent":"okhttp\/4.12.0","Accept-Encoding":"gzip","Content-Length":"179","Content-Type":"application\/json","X-Api-Key":"YOUR_SECURE_RANDOM_KEY","Host":"wjin.upv.edu.es"}
2025-10-06T22:02:20+00:00 RAW={"mac":"E6:14:89:83:B3:B9","major":2966,"minor":500,"nombre":"GTI-3A","rssi":-56,"timestamp":1759788140796,"txPower":203,"uuid":"45:50:53:47:2d:47:54:49:2d:50:52:4f:59:2d:33:41:"}
2025-10-06T22:02:26+00:00 METHOD=POST
2025-10-06T22:02:26+00:00 HEADERS={"User-Agent":"okhttp\/4.12.0","Accept-Encoding":"gzip","Content-Length":"179","Content-Type":"application\/json","X-Api-Key":"YOUR_SECURE_RANDOM_KEY","Host":"wjin.upv.edu.es"}
2025-10-06T22:02:26+00:00 RAW={"mac":"E6:14:89:83:B3:B9","major":2967,"minor":500,"nombre":"GTI-3A","rssi":-53,"timestamp":1759788146365,"txPower":203,"uuid":"45:50:53:47:2d:47:54:49:2d:50:52:4f:59:2d:33:41:"}
2025-10-06T22:02:26+00:00 METHOD=POST
2025-10-06T22:02:26+00:00 HEADERS={"User-Agent":"okhttp\/4.12.0","Accept-Encoding":"gzip","Content-Length":"179","Content-Type":"application\/json","X-Api-Key":"YOUR_SECURE_RANDOM_KEY","Host":"wjin.upv.edu.es"}
2025-10-06T22:02:26+00:00 RAW={"mac":"E6:14:89:83:B3:B9","major":2967,"minor":500,"nombre":"GTI-3A","rssi":-53,"timestamp":1759788146354,"txPower":203,"uuid":"45:50:53:47:2d:47:54:49:2d:50:52:4f:59:2d:33:41:"}
2025-10-06T22:02:26+00:00 METHOD=POST
2025-10-06T22:02:26+00:00 HEADERS={"User-Agent":"okhttp\/4.12.0","Accept-Encoding":"gzip","Content-Length":"179","Content-Type":"application\/json","X-Api-Key":"YOUR_SECURE_RANDOM_KEY","Host":"wjin.upv.edu.es"}
2025-10-06T22:02:26+00:00 RAW={"mac":"E6:14:89:83:B3:B9","major":2967,"minor":500,"nombre":"GTI-3A","rssi":-54,"timestamp":1759788146421,"txPower":203,"uuid":"45:50:53:47:2d:47:54:49:2d:50:52:4f:59:2d:33:41:"}
2025-10-06T22:02:26+00:00 METHOD=POST
2025-10-06T22:02:26+00:00 HEADERS={"User-Agent":"okhttp\/4.12.0","Accept-Encoding":"gzip","Content-Length":"179","Content-Type":"application\/json","X-Api-Key":"YOUR_SECURE_RANDOM_KEY","Host":"wjin.upv.edu.es"}
2025-10-06T22:02:26+00:00 RAW={"mac":"E6:14:89:83:B3:B9","major":2967,"minor":500,"nombre":"GTI-3A","rssi":-54,"timestamp":1759788146436,"txPower":203,"uuid":"45:50:53:47:2d:47:54:49:2d:50:52:4f:59:2d:33:41:"}
2025-10-06T22:02:26+00:00 METHOD=POST
2025-10-06T22:02:26+00:00 HEADERS={"User-Agent":"okhttp\/4.12.0","Accept-Encoding":"gzip","Content-Length":"179","Content-Type":"application\/json","X-Api-Key":"YOUR_SECURE_RANDOM_KEY","Host":"wjin.upv.edu.es"}
2025-10-06T22:02:26+00:00 RAW={"mac":"E6:14:89:83:B3:B9","major":2967,"minor":500,"nombre":"GTI-3A","rssi":-56,"timestamp":1759788146496,"txPower":203,"uuid":"45:50:53:47:2d:47:54:49:2d:50:52:4f:59:2d:33:41:"}
2025-10-06T22:02:26+00:00 METHOD=POST
2025-10-06T22:02:26+00:00 HEADERS={"User-Agent":"okhttp\/4.12.0","Accept-Encoding":"gzip","Content-Length":"179","Content-Type":"application\/json","X-Api-Key":"YOUR_SECURE_RANDOM_KEY","Host":"wjin.upv.edu.es"}
2025-10-06T22:02:26+00:00 RAW={"mac":"E6:14:89:83:B3:B9","major":2967,"minor":500,"nombre":"GTI-3A","rssi":-56,"timestamp":1759788146510,"txPower":203,"uuid":"45:50:53:47:2d:47:54:49:2d:50:52:4f:59:2d:33:41:"}
2025-10-06T22:02:26+00:00 METHOD=POST
2025-10-06T22:02:26+00:00 HEADERS={"User-Agent":"okhttp\/4.12.0","Accept-Encoding":"gzip","Content-Length":"179","Content-Type":"application\/json","X-Api-Key":"YOUR_SECURE_RANDOM_KEY","Host":"wjin.upv.edu.es"}
2025-10-06T22:02:26+00:00 RAW={"mac":"E6:14:89:83:B3:B9","major":2967,"minor":500,"nombre":"GTI-3A","rssi":-58,"timestamp":1759788146567,"txPower":203,"uuid":"45:50:53:47:2d:47:54:49:2d:50:52:4f:59:2d:33:41:"}
2025-10-06T22:02:26+00:00 METHOD=POST
2025-10-06T22:02:26+00:00 HEADERS={"User-Agent":"okhttp\/4.12.0","Accept-Encoding":"gzip","Content-Length":"179","Content-Type":"application\/json","X-Api-Key":"YOUR_SECURE_RANDOM_KEY","Host":"wjin.upv.edu.es"}
2025-10-06T22:02:26+00:00 RAW={"mac":"E6:14:89:83:B3:B9","major":2967,"minor":500,"nombre":"GTI-3A","rssi":-58,"timestamp":1759788146579,"txPower":203,"uuid":"45:50:53:47:2d:47:54:49:2d:50:52:4f:59:2d:33:41:"}
2025-10-06T22:02:26+00:00 METHOD=POST
2025-10-06T22:02:26+00:00 HEADERS={"User-Agent":"okhttp\/4.12.0","Accept-Encoding":"gzip","Content-Length":"179","Content-Type":"application\/json","X-Api-Key":"YOUR_SECURE_RANDOM_KEY","Host":"wjin.upv.edu.es"}
2025-10-06T22:02:26+00:00 RAW={"mac":"E6:14:89:83:B3:B9","major":2967,"minor":500,"nombre":"GTI-3A","rssi":-56,"timestamp":1759788146634,"txPower":203,"uuid":"45:50:53:47:2d:47:54:49:2d:50:52:4f:59:2d:33:41:"}
2025-10-06T22:02:26+00:00 METHOD=POST
2025-10-06T22:02:26+00:00 HEADERS={"User-Agent":"okhttp\/4.12.0","Accept-Encoding":"gzip","Content-Length":"179","Content-Type":"application\/json","X-Api-Key":"YOUR_SECURE_RANDOM_KEY","Host":"wjin.upv.edu.es"}
2025-10-06T22:02:26+00:00 RAW={"mac":"E6:14:89:83:B3:B9","major":2967,"minor":500,"nombre":"GTI-3A","rssi":-56,"timestamp":1759788146647,"txPower":203,"uuid":"45:50:53:47:2d:47:54:49:2d:50:52:4f:59:2d:33:41:"}
2025-10-06T22:02:26+00:00 METHOD=POST
2025-10-06T22:02:26+00:00 HEADERS={"User-Agent":"okhttp\/4.12.0","Accept-Encoding":"gzip","Content-Length":"179","Content-Type":"application\/json","X-Api-Key":"YOUR_SECURE_RANDOM_KEY","Host":"wjin.upv.edu.es"}
2025-10-06T22:02:26+00:00 RAW={"mac":"E6:14:89:83:B3:B9","major":2967,"minor":500,"nombre":"GTI-3A","rssi":-54,"timestamp":1759788146751,"txPower":203,"uuid":"45:50:53:47:2d:47:54:49:2d:50:52:4f:59:2d:33:41:"}
2025-10-06T22:02:26+00:00 METHOD=POST
2025-10-06T22:02:26+00:00 HEADERS={"User-Agent":"okhttp\/4.12.0","Accept-Encoding":"gzip","Content-Length":"179","Content-Type":"application\/json","X-Api-Key":"YOUR_SECURE_RANDOM_KEY","Host":"wjin.upv.edu.es"}
2025-10-06T22:02:26+00:00 RAW={"mac":"E6:14:89:83:B3:B9","major":2967,"minor":500,"nombre":"GTI-3A","rssi":-54,"timestamp":1759788146769,"txPower":203,"uuid":"45:50:53:47:2d:47:54:49:2d:50:52:4f:59:2d:33:41:"}
2025-10-06T22:02:26+00:00 METHOD=POST
2025-10-06T22:02:26+00:00 HEADERS={"User-Agent":"okhttp\/4.12.0","Accept-Encoding":"gzip","Content-Length":"179","Content-Type":"application\/json","X-Api-Key":"YOUR_SECURE_RANDOM_KEY","Host":"wjin.upv.edu.es"}
2025-10-06T22:02:26+00:00 RAW={"mac":"E6:14:89:83:B3:B9","major":2967,"minor":500,"nombre":"GTI-3A","rssi":-56,"timestamp":1759788146901,"txPower":203,"uuid":"45:50:53:47:2d:47:54:49:2d:50:52:4f:59:2d:33:41:"}
2025-10-06T22:02:26+00:00 METHOD=POST
2025-10-06T22:02:26+00:00 HEADERS={"User-Agent":"okhttp\/4.12.0","Accept-Encoding":"gzip","Content-Length":"179","Content-Type":"application\/json","X-Api-Key":"YOUR_SECURE_RANDOM_KEY","Host":"wjin.upv.edu.es"}
2025-10-06T22:02:26+00:00 RAW={"mac":"E6:14:89:83:B3:B9","major":2967,"minor":500,"nombre":"GTI-3A","rssi":-56,"timestamp":1759788146913,"txPower":203,"uuid":"45:50:53:47:2d:47:54:49:2d:50:52:4f:59:2d:33:41:"}
2025-10-06T22:02:26+00:00 METHOD=POST
2025-10-06T22:02:26+00:00 HEADERS={"User-Agent":"okhttp\/4.12.0","Accept-Encoding":"gzip","Content-Length":"179","Content-Type":"application\/json","X-Api-Key":"YOUR_SECURE_RANDOM_KEY","Host":"wjin.upv.edu.es"}
2025-10-06T22:02:26+00:00 RAW={"mac":"E6:14:89:83:B3:B9","major":2967,"minor":500,"nombre":"GTI-3A","rssi":-53,"timestamp":1759788146952,"txPower":203,"uuid":"45:50:53:47:2d:47:54:49:2d:50:52:4f:59:2d:33:41:"}
2025-10-06T22:02:26+00:00 METHOD=POST
2025-10-06T22:02:26+00:00 HEADERS={"User-Agent":"okhttp\/4.12.0","Accept-Encoding":"gzip","Content-Length":"179","Content-Type":"application\/json","X-Api-Key":"YOUR_SECURE_RANDOM_KEY","Host":"wjin.upv.edu.es"}
2025-10-06T22:02:26+00:00 RAW={"mac":"E6:14:89:83:B3:B9","major":2967,"minor":500,"nombre":"GTI-3A","rssi":-53,"timestamp":1759788146964,"txPower":203,"uuid":"45:50:53:47:2d:47:54:49:2d:50:52:4f:59:2d:33:41:"}
2025-10-06T22:02:26+00:00 METHOD=POST
2025-10-06T22:02:26+00:00 HEADERS={"User-Agent":"okhttp\/4.12.0","Accept-Encoding":"gzip","Content-Length":"179","Content-Type":"application\/json","X-Api-Key":"YOUR_SECURE_RANDOM_KEY","Host":"wjin.upv.edu.es"}
2025-10-06T22:02:26+00:00 RAW={"mac":"E6:14:89:83:B3:B9","major":2967,"minor":500,"nombre":"GTI-3A","rssi":-55,"timestamp":1759788147050,"txPower":203,"uuid":"45:50:53:47:2d:47:54:49:2d:50:52:4f:59:2d:33:41:"}
2025-10-06T22:02:26+00:00 METHOD=POST
2025-10-06T22:02:26+00:00 HEADERS={"User-Agent":"okhttp\/4.12.0","Accept-Encoding":"gzip","Content-Length":"179","Content-Type":"application\/json","X-Api-Key":"YOUR_SECURE_RANDOM_KEY","Host":"wjin.upv.edu.es"}
2025-10-06T22:02:26+00:00 RAW={"mac":"E6:14:89:83:B3:B9","major":2967,"minor":500,"nombre":"GTI-3A","rssi":-55,"timestamp":1759788147063,"txPower":203,"uuid":"45:50:53:47:2d:47:54:49:2d:50:52:4f:59:2d:33:41:"}
2025-10-06T22:02:26+00:00 METHOD=POST
2025-10-06T22:02:26+00:00 HEADERS={"User-Agent":"okhttp\/4.12.0","Accept-Encoding":"gzip","Content-Length":"179","Content-Type":"application\/json","X-Api-Key":"YOUR_SECURE_RANDOM_KEY","Host":"wjin.upv.edu.es"}
2025-10-06T22:02:26+00:00 RAW={"mac":"E6:14:89:83:B3:B9","major":2967,"minor":500,"nombre":"GTI-3A","rssi":-57,"timestamp":1759788147109,"txPower":203,"uuid":"45:50:53:47:2d:47:54:49:2d:50:52:4f:59:2d:33:41:"}
2025-10-06T22:02:26+00:00 METHOD=POST
2025-10-06T22:02:26+00:00 HEADERS={"User-Agent":"okhttp\/4.12.0","Accept-Encoding":"gzip","Content-Length":"179","Content-Type":"application\/json","X-Api-Key":"YOUR_SECURE_RANDOM_KEY","Host":"wjin.upv.edu.es"}
2025-10-06T22:02:26+00:00 RAW={"mac":"E6:14:89:83:B3:B9","major":2967,"minor":500,"nombre":"GTI-3A","rssi":-57,"timestamp":1759788147121,"txPower":203,"uuid":"45:50:53:47:2d:47:54:49:2d:50:52:4f:59:2d:33:41:"}
2025-10-06T22:02:26+00:00 METHOD=POST
2025-10-06T22:02:26+00:00 HEADERS={"User-Agent":"okhttp\/4.12.0","Accept-Encoding":"gzip","Content-Length":"179","Content-Type":"application\/json","X-Api-Key":"YOUR_SECURE_RANDOM_KEY","Host":"wjin.upv.edu.es"}
2025-10-06T22:02:26+00:00 RAW={"mac":"E6:14:89:83:B3:B9","major":2967,"minor":500,"nombre":"GTI-3A","rssi":-54,"timestamp":1759788147178,"txPower":203,"uuid":"45:50:53:47:2d:47:54:49:2d:50:52:4f:59:2d:33:41:"}
2025-10-06T22:02:26+00:00 METHOD=POST
2025-10-06T22:02:26+00:00 HEADERS={"User-Agent":"okhttp\/4.12.0","Accept-Encoding":"gzip","Content-Length":"179","Content-Type":"application\/json","X-Api-Key":"YOUR_SECURE_RANDOM_KEY","Host":"wjin.upv.edu.es"}
2025-10-06T22:02:26+00:00 RAW={"mac":"E6:14:89:83:B3:B9","major":2967,"minor":500,"nombre":"GTI-3A","rssi":-54,"timestamp":1759788147191,"txPower":203,"uuid":"45:50:53:47:2d:47:54:49:2d:50:52:4f:59:2d:33:41:"}
2025-10-06T22:02:26+00:00 METHOD=POST
2025-10-06T22:02:26+00:00 HEADERS={"User-Agent":"okhttp\/4.12.0","Accept-Encoding":"gzip","Content-Length":"179","Content-Type":"application\/json","X-Api-Key":"YOUR_SECURE_RANDOM_KEY","Host":"wjin.upv.edu.es"}
2025-10-06T22:02:26+00:00 RAW={"mac":"E6:14:89:83:B3:B9","major":2967,"minor":500,"nombre":"GTI-3A","rssi":-53,"timestamp":1759788147233,"txPower":203,"uuid":"45:50:53:47:2d:47:54:49:2d:50:52:4f:59:2d:33:41:"}
2025-10-06T22:02:26+00:00 METHOD=POST
2025-10-06T22:02:26+00:00 HEADERS={"User-Agent":"okhttp\/4.12.0","Accept-Encoding":"gzip","Content-Length":"179","Content-Type":"application\/json","X-Api-Key":"YOUR_SECURE_RANDOM_KEY","Host":"wjin.upv.edu.es"}
2025-10-06T22:02:26+00:00 RAW={"mac":"E6:14:89:83:B3:B9","major":2967,"minor":500,"nombre":"GTI-3A","rssi":-53,"timestamp":1759788147245,"txPower":203,"uuid":"45:50:53:47:2d:47:54:49:2d:50:52:4f:59:2d:33:41:"}
2025-10-06T22:02:32+00:00 METHOD=POST
2025-10-06T22:02:32+00:00 HEADERS={"User-Agent":"okhttp\/4.12.0","Accept-Encoding":"gzip","Content-Length":"179","Content-Type":"application\/json","X-Api-Key":"YOUR_SECURE_RANDOM_KEY","Host":"wjin.upv.edu.es"}
2025-10-06T22:02:32+00:00 RAW={"mac":"E6:14:89:83:B3:B9","major":2968,"minor":500,"nombre":"GTI-3A","rssi":-53,"timestamp":1759788152932,"txPower":203,"uuid":"45:50:53:47:2d:47:54:49:2d:50:52:4f:59:2d:33:41:"}
2025-10-06T22:02:32+00:00 METHOD=POST
2025-10-06T22:02:32+00:00 HEADERS={"User-Agent":"okhttp\/4.12.0","Accept-Encoding":"gzip","Content-Length":"179","Content-Type":"application\/json","X-Api-Key":"YOUR_SECURE_RANDOM_KEY","Host":"wjin.upv.edu.es"}
2025-10-06T22:02:32+00:00 RAW={"mac":"E6:14:89:83:B3:B9","major":2968,"minor":500,"nombre":"GTI-3A","rssi":-53,"timestamp":1759788152953,"txPower":203,"uuid":"45:50:53:47:2d:47:54:49:2d:50:52:4f:59:2d:33:41:"}
2025-10-06T22:02:32+00:00 METHOD=POST
2025-10-06T22:02:32+00:00 HEADERS={"User-Agent":"okhttp\/4.12.0","Accept-Encoding":"gzip","Content-Length":"179","Content-Type":"application\/json","X-Api-Key":"YOUR_SECURE_RANDOM_KEY","Host":"wjin.upv.edu.es"}
2025-10-06T22:02:32+00:00 RAW={"mac":"E6:14:89:83:B3:B9","major":2968,"minor":500,"nombre":"GTI-3A","rssi":-53,"timestamp":1759788152984,"txPower":203,"uuid":"45:50:53:47:2d:47:54:49:2d:50:52:4f:59:2d:33:41:"}
2025-10-06T22:02:32+00:00 METHOD=POST
2025-10-06T22:02:32+00:00 HEADERS={"User-Agent":"okhttp\/4.12.0","Accept-Encoding":"gzip","Content-Length":"179","Content-Type":"application\/json","X-Api-Key":"YOUR_SECURE_RANDOM_KEY","Host":"wjin.upv.edu.es"}
2025-10-06T22:02:32+00:00 RAW={"mac":"E6:14:89:83:B3:B9","major":2968,"minor":500,"nombre":"GTI-3A","rssi":-53,"timestamp":1759788153075,"txPower":203,"uuid":"45:50:53:47:2d:47:54:49:2d:50:52:4f:59:2d:33:41:"}
2025-10-06T22:02:32+00:00 METHOD=POST
2025-10-06T22:02:32+00:00 HEADERS={"User-Agent":"okhttp\/4.12.0","Accept-Encoding":"gzip","Content-Length":"179","Content-Type":"application\/json","X-Api-Key":"YOUR_SECURE_RANDOM_KEY","Host":"wjin.upv.edu.es"}
2025-10-06T22:02:32+00:00 RAW={"mac":"E6:14:89:83:B3:B9","major":2968,"minor":500,"nombre":"GTI-3A","rssi":-53,"timestamp":1759788153090,"txPower":203,"uuid":"45:50:53:47:2d:47:54:49:2d:50:52:4f:59:2d:33:41:"}
2025-10-06T22:02:33+00:00 METHOD=POST
2025-10-06T22:02:33+00:00 METHOD=POST
2025-10-06T22:02:33+00:00 METHOD=POST
2025-10-06T22:02:33+00:00 METHOD=POST
2025-10-06T22:02:33+00:00 METHOD=POST
2025-10-06T22:02:33+00:00 HEADERS={"User-Agent":"okhttp\/4.12.0","Accept-Encoding":"gzip","Content-Length":"179","Content-Type":"application\/json","X-Api-Key":"YOUR_SECURE_RANDOM_KEY","Host":"wjin.upv.edu.es"}
2025-10-06T22:02:33+00:00 HEADERS={"User-Agent":"okhttp\/4.12.0","Accept-Encoding":"gzip","Content-Length":"179","Content-Type":"application\/json","X-Api-Key":"YOUR_SECURE_RANDOM_KEY","Host":"wjin.upv.edu.es"}
2025-10-06T22:02:33+00:00 HEADERS={"User-Agent":"okhttp\/4.12.0","Accept-Encoding":"gzip","Content-Length":"179","Content-Type":"application\/json","X-Api-Key":"YOUR_SECURE_RANDOM_KEY","Host":"wjin.upv.edu.es"}
2025-10-06T22:02:33+00:00 HEADERS={"User-Agent":"okhttp\/4.12.0","Accept-Encoding":"gzip","Content-Length":"179","Content-Type":"application\/json","X-Api-Key":"YOUR_SECURE_RANDOM_KEY","Host":"wjin.upv.edu.es"}
2025-10-06T22:02:33+00:00 HEADERS={"User-Agent":"okhttp\/4.12.0","Accept-Encoding":"gzip","Content-Length":"179","Content-Type":"application\/json","X-Api-Key":"YOUR_SECURE_RANDOM_KEY","Host":"wjin.upv.edu.es"}
2025-10-06T22:02:33+00:00 RAW={"mac":"E6:14:89:83:B3:B9","major":2968,"minor":500,"nombre":"GTI-3A","rssi":-53,"timestamp":1759788153216,"txPower":203,"uuid":"45:50:53:47:2d:47:54:49:2d:50:52:4f:59:2d:33:41:"}
2025-10-06T22:02:33+00:00 RAW={"mac":"E6:14:89:83:B3:B9","major":2968,"minor":500,"nombre":"GTI-3A","rssi":-55,"timestamp":1759788153269,"txPower":203,"uuid":"45:50:53:47:2d:47:54:49:2d:50:52:4f:59:2d:33:41:"}
2025-10-06T22:02:33+00:00 RAW={"mac":"E6:14:89:83:B3:B9","major":2968,"minor":500,"nombre":"GTI-3A","rssi":-53,"timestamp":1759788153127,"txPower":203,"uuid":"45:50:53:47:2d:47:54:49:2d:50:52:4f:59:2d:33:41:"}
2025-10-06T22:02:33+00:00 RAW={"mac":"E6:14:89:83:B3:B9","major":2968,"minor":500,"nombre":"GTI-3A","rssi":-53,"timestamp":1759788153157,"txPower":203,"uuid":"45:50:53:47:2d:47:54:49:2d:50:52:4f:59:2d:33:41:"}
2025-10-06T22:02:33+00:00 RAW={"mac":"E6:14:89:83:B3:B9","major":2968,"minor":500,"nombre":"GTI-3A","rssi":-55,"timestamp":1759788153296,"txPower":203,"uuid":"45:50:53:47:2d:47:54:49:2d:50:52:4f:59:2d:33:41:"}
2025-10-06T22:02:33+00:00 METHOD=POST
2025-10-06T22:02:33+00:00 HEADERS={"User-Agent":"okhttp\/4.12.0","Accept-Encoding":"gzip","Content-Length":"179","Content-Type":"application\/json","X-Api-Key":"YOUR_SECURE_RANDOM_KEY","Host":"wjin.upv.edu.es"}
2025-10-06T22:02:33+00:00 RAW={"mac":"E6:14:89:83:B3:B9","major":2968,"minor":500,"nombre":"GTI-3A","rssi":-55,"timestamp":1759788153311,"txPower":203,"uuid":"45:50:53:47:2d:47:54:49:2d:50:52:4f:59:2d:33:41:"}
2025-10-06T22:02:33+00:00 METHOD=POST
2025-10-06T22:02:33+00:00 METHOD=POST
2025-10-06T22:02:33+00:00 METHOD=POST
2025-10-06T22:02:33+00:00 HEADERS={"User-Agent":"okhttp\/4.12.0","Accept-Encoding":"gzip","Content-Length":"179","Content-Type":"application\/json","X-Api-Key":"YOUR_SECURE_RANDOM_KEY","Host":"wjin.upv.edu.es"}
2025-10-06T22:02:33+00:00 HEADERS={"User-Agent":"okhttp\/4.12.0","Accept-Encoding":"gzip","Content-Length":"179","Content-Type":"application\/json","X-Api-Key":"YOUR_SECURE_RANDOM_KEY","Host":"wjin.upv.edu.es"}
2025-10-06T22:02:33+00:00 HEADERS={"User-Agent":"okhttp\/4.12.0","Accept-Encoding":"gzip","Content-Length":"179","Content-Type":"application\/json","X-Api-Key":"YOUR_SECURE_RANDOM_KEY","Host":"wjin.upv.edu.es"}
2025-10-06T22:02:33+00:00 RAW={"mac":"E6:14:89:83:B3:B9","major":2968,"minor":500,"nombre":"GTI-3A","rssi":-55,"timestamp":1759788153334,"txPower":203,"uuid":"45:50:53:47:2d:47:54:49:2d:50:52:4f:59:2d:33:41:"}
2025-10-06T22:02:33+00:00 RAW={"mac":"E6:14:89:83:B3:B9","major":2968,"minor":500,"nombre":"GTI-3A","rssi":-55,"timestamp":1759788153346,"txPower":203,"uuid":"45:50:53:47:2d:47:54:49:2d:50:52:4f:59:2d:33:41:"}
2025-10-06T22:02:33+00:00 RAW={"mac":"E6:14:89:83:B3:B9","major":2968,"minor":500,"nombre":"GTI-3A","rssi":-55,"timestamp":1759788153323,"txPower":203,"uuid":"45:50:53:47:2d:47:54:49:2d:50:52:4f:59:2d:33:41:"}
2025-10-06T22:02:33+00:00 METHOD=POST
2025-10-06T22:02:33+00:00 METHOD=POST
2025-10-06T22:02:33+00:00 HEADERS={"User-Agent":"okhttp\/4.12.0","Accept-Encoding":"gzip","Content-Length":"179","Content-Type":"application\/json","X-Api-Key":"YOUR_SECURE_RANDOM_KEY","Host":"wjin.upv.edu.es"}
2025-10-06T22:02:33+00:00 HEADERS={"User-Agent":"okhttp\/4.12.0","Accept-Encoding":"gzip","Content-Length":"179","Content-Type":"application\/json","X-Api-Key":"YOUR_SECURE_RANDOM_KEY","Host":"wjin.upv.edu.es"}
2025-10-06T22:02:33+00:00 RAW={"mac":"E6:14:89:83:B3:B9","major":2968,"minor":500,"nombre":"GTI-3A","rssi":-55,"timestamp":1759788153358,"txPower":203,"uuid":"45:50:53:47:2d:47:54:49:2d:50:52:4f:59:2d:33:41:"}
2025-10-06T22:02:33+00:00 RAW={"mac":"E6:14:89:83:B3:B9","major":2968,"minor":500,"nombre":"GTI-3A","rssi":-55,"timestamp":1759788153376,"txPower":203,"uuid":"45:50:53:47:2d:47:54:49:2d:50:52:4f:59:2d:33:41:"}
2025-10-06T22:02:33+00:00 METHOD=POST
2025-10-06T22:02:33+00:00 HEADERS={"User-Agent":"okhttp\/4.12.0","Accept-Encoding":"gzip","Content-Length":"179","Content-Type":"application\/json","X-Api-Key":"YOUR_SECURE_RANDOM_KEY","Host":"wjin.upv.edu.es"}
2025-10-06T22:02:33+00:00 RAW={"mac":"E6:14:89:83:B3:B9","major":2968,"minor":500,"nombre":"GTI-3A","rssi":-57,"timestamp":1759788153429,"txPower":203,"uuid":"45:50:53:47:2d:47:54:49:2d:50:52:4f:59:2d:33:41:"}
2025-10-06T22:02:33+00:00 METHOD=POST
2025-10-06T22:02:33+00:00 METHOD=POST
2025-10-06T22:02:33+00:00 METHOD=POST
2025-10-06T22:02:33+00:00 HEADERS={"User-Agent":"okhttp\/4.12.0","Accept-Encoding":"gzip","Content-Length":"179","Content-Type":"application\/json","X-Api-Key":"YOUR_SECURE_RANDOM_KEY","Host":"wjin.upv.edu.es"}
2025-10-06T22:02:33+00:00 HEADERS={"User-Agent":"okhttp\/4.12.0","Accept-Encoding":"gzip","Content-Length":"179","Content-Type":"application\/json","X-Api-Key":"YOUR_SECURE_RANDOM_KEY","Host":"wjin.upv.edu.es"}
2025-10-06T22:02:33+00:00 METHOD=POST
2025-10-06T22:02:33+00:00 HEADERS={"User-Agent":"okhttp\/4.12.0","Accept-Encoding":"gzip","Content-Length":"179","Content-Type":"application\/json","X-Api-Key":"YOUR_SECURE_RANDOM_KEY","Host":"wjin.upv.edu.es"}
2025-10-06T22:02:33+00:00 RAW={"mac":"E6:14:89:83:B3:B9","major":2968,"minor":500,"nombre":"GTI-3A","rssi":-57,"timestamp":1759788153470,"txPower":203,"uuid":"45:50:53:47:2d:47:54:49:2d:50:52:4f:59:2d:33:41:"}
2025-10-06T22:02:33+00:00 RAW={"mac":"E6:14:89:83:B3:B9","major":2968,"minor":500,"nombre":"GTI-3A","rssi":-57,"timestamp":1759788153442,"txPower":203,"uuid":"45:50:53:47:2d:47:54:49:2d:50:52:4f:59:2d:33:41:"}
2025-10-06T22:02:33+00:00 HEADERS={"User-Agent":"okhttp\/4.12.0","Accept-Encoding":"gzip","Content-Length":"179","Content-Type":"application\/json","X-Api-Key":"YOUR_SECURE_RANDOM_KEY","Host":"wjin.upv.edu.es"}
2025-10-06T22:02:33+00:00 RAW={"mac":"E6:14:89:83:B3:B9","major":2968,"minor":500,"nombre":"GTI-3A","rssi":-57,"timestamp":1759788153490,"txPower":203,"uuid":"45:50:53:47:2d:47:54:49:2d:50:52:4f:59:2d:33:41:"}
2025-10-06T22:02:33+00:00 RAW={"mac":"E6:14:89:83:B3:B9","major":2968,"minor":500,"nombre":"GTI-3A","rssi":-57,"timestamp":1759788153506,"txPower":203,"uuid":"45:50:53:47:2d:47:54:49:2d:50:52:4f:59:2d:33:41:"}
2025-10-06T22:02:33+00:00 METHOD=POST
2025-10-06T22:02:33+00:00 HEADERS={"User-Agent":"okhttp\/4.12.0","Accept-Encoding":"gzip","Content-Length":"179","Content-Type":"application\/json","X-Api-Key":"YOUR_SECURE_RANDOM_KEY","Host":"wjin.upv.edu.es"}
2025-10-06T22:02:33+00:00 RAW={"mac":"E6:14:89:83:B3:B9","major":2968,"minor":500,"nombre":"GTI-3A","rssi":-57,"timestamp":1759788153520,"txPower":203,"uuid":"45:50:53:47:2d:47:54:49:2d:50:52:4f:59:2d:33:41:"}
2025-10-06T22:02:33+00:00 METHOD=POST
2025-10-06T22:02:33+00:00 HEADERS={"User-Agent":"okhttp\/4.12.0","Accept-Encoding":"gzip","Content-Length":"179","Content-Type":"application\/json","X-Api-Key":"YOUR_SECURE_RANDOM_KEY","Host":"wjin.upv.edu.es"}
2025-10-06T22:02:33+00:00 RAW={"mac":"E6:14:89:83:B3:B9","major":2968,"minor":500,"nombre":"GTI-3A","rssi":-57,"timestamp":1759788153532,"txPower":203,"uuid":"45:50:53:47:2d:47:54:49:2d:50:52:4f:59:2d:33:41:"}
2025-10-06T22:02:33+00:00 METHOD=POST
2025-10-06T22:02:33+00:00 HEADERS={"User-Agent":"okhttp\/4.12.0","Accept-Encoding":"gzip","Content-Length":"179","Content-Type":"application\/json","X-Api-Key":"YOUR_SECURE_RANDOM_KEY","Host":"wjin.upv.edu.es"}
2025-10-06T22:02:33+00:00 RAW={"mac":"E6:14:89:83:B3:B9","major":2968,"minor":500,"nombre":"GTI-3A","rssi":-57,"timestamp":1759788153563,"txPower":203,"uuid":"45:50:53:47:2d:47:54:49:2d:50:52:4f:59:2d:33:41:"}
2025-10-06T22:02:33+00:00 METHOD=POST
2025-10-06T22:02:33+00:00 HEADERS={"User-Agent":"okhttp\/4.12.0","Accept-Encoding":"gzip","Content-Length":"179","Content-Type":"application\/json","X-Api-Key":"YOUR_SECURE_RANDOM_KEY","Host":"wjin.upv.edu.es"}
2025-10-06T22:02:33+00:00 RAW={"mac":"E6:14:89:83:B3:B9","major":2968,"minor":500,"nombre":"GTI-3A","rssi":-57,"timestamp":1759788153602,"txPower":203,"uuid":"45:50:53:47:2d:47:54:49:2d:50:52:4f:59:2d:33:41:"}
2025-10-06T22:02:33+00:00 METHOD=POST
2025-10-06T22:02:33+00:00 HEADERS={"User-Agent":"okhttp\/4.12.0","Accept-Encoding":"gzip","Content-Length":"179","Content-Type":"application\/json","X-Api-Key":"YOUR_SECURE_RANDOM_KEY","Host":"wjin.upv.edu.es"}
2025-10-06T22:02:33+00:00 RAW={"mac":"E6:14:89:83:B3:B9","major":2968,"minor":500,"nombre":"GTI-3A","rssi":-57,"timestamp":1759788153661,"txPower":203,"uuid":"45:50:53:47:2d:47:54:49:2d:50:52:4f:59:2d:33:41:"}
2025-10-06T22:02:33+00:00 METHOD=POST
2025-10-06T22:02:33+00:00 HEADERS={"User-Agent":"okhttp\/4.12.0","Accept-Encoding":"gzip","Content-Length":"179","Content-Type":"application\/json","X-Api-Key":"YOUR_SECURE_RANDOM_KEY","Host":"wjin.upv.edu.es"}
2025-10-06T22:02:33+00:00 RAW={"mac":"E6:14:89:83:B3:B9","major":2968,"minor":500,"nombre":"GTI-3A","rssi":-57,"timestamp":1759788153757,"txPower":203,"uuid":"45:50:53:47:2d:47:54:49:2d:50:52:4f:59:2d:33:41:"}
2025-10-06T22:02:33+00:00 METHOD=POST
2025-10-06T22:02:33+00:00 HEADERS={"User-Agent":"okhttp\/4.12.0","Accept-Encoding":"gzip","Content-Length":"179","Content-Type":"application\/json","X-Api-Key":"YOUR_SECURE_RANDOM_KEY","Host":"wjin.upv.edu.es"}
2025-10-06T22:02:33+00:00 RAW={"mac":"E6:14:89:83:B3:B9","major":2968,"minor":500,"nombre":"GTI-3A","rssi":-57,"timestamp":1759788153786,"txPower":203,"uuid":"45:50:53:47:2d:47:54:49:2d:50:52:4f:59:2d:33:41:"}
2025-10-06T22:02:33+00:00 METHOD=POST
2025-10-06T22:02:33+00:00 HEADERS={"User-Agent":"okhttp\/4.12.0","Accept-Encoding":"gzip","Content-Length":"179","Content-Type":"application\/json","X-Api-Key":"YOUR_SECURE_RANDOM_KEY","Host":"wjin.upv.edu.es"}
2025-10-06T22:02:33+00:00 RAW={"mac":"E6:14:89:83:B3:B9","major":2968,"minor":500,"nombre":"GTI-3A","rssi":-57,"timestamp":1759788153810,"txPower":203,"uuid":"45:50:53:47:2d:47:54:49:2d:50:52:4f:59:2d:33:41:"}
2025-10-06T22:02:33+00:00 METHOD=POST
2025-10-06T22:02:33+00:00 HEADERS={"User-Agent":"okhttp\/4.12.0","Accept-Encoding":"gzip","Content-Length":"179","Content-Type":"application\/json","X-Api-Key":"YOUR_SECURE_RANDOM_KEY","Host":"wjin.upv.edu.es"}
2025-10-06T22:02:33+00:00 RAW={"mac":"E6:14:89:83:B3:B9","major":2968,"minor":500,"nombre":"GTI-3A","rssi":-57,"timestamp":1759788153839,"txPower":203,"uuid":"45:50:53:47:2d:47:54:49:2d:50:52:4f:59:2d:33:41:"}
2025-10-06T22:02:33+00:00 METHOD=POST
2025-10-06T22:02:33+00:00 HEADERS={"User-Agent":"okhttp\/4.12.0","Accept-Encoding":"gzip","Content-Length":"179","Content-Type":"application\/json","X-Api-Key":"YOUR_SECURE_RANDOM_KEY","Host":"wjin.upv.edu.es"}
2025-10-06T22:02:33+00:00 RAW={"mac":"E6:14:89:83:B3:B9","major":2968,"minor":500,"nombre":"GTI-3A","rssi":-57,"timestamp":1759788153861,"txPower":203,"uuid":"45:50:53:47:2d:47:54:49:2d:50:52:4f:59:2d:33:41:"}
2025-10-06T22:02:33+00:00 METHOD=POST
2025-10-06T22:02:33+00:00 HEADERS={"User-Agent":"okhttp\/4.12.0","Accept-Encoding":"gzip","Content-Length":"179","Content-Type":"application\/json","X-Api-Key":"YOUR_SECURE_RANDOM_KEY","Host":"wjin.upv.edu.es"}
2025-10-06T22:02:33+00:00 RAW={"mac":"E6:14:89:83:B3:B9","major":2968,"minor":500,"nombre":"GTI-3A","rssi":-57,"timestamp":1759788153913,"txPower":203,"uuid":"45:50:53:47:2d:47:54:49:2d:50:52:4f:59:2d:33:41:"}
2025-10-06T22:02:33+00:00 METHOD=POST
2025-10-06T22:02:33+00:00 HEADERS={"User-Agent":"okhttp\/4.12.0","Accept-Encoding":"gzip","Content-Length":"179","Content-Type":"application\/json","X-Api-Key":"YOUR_SECURE_RANDOM_KEY","Host":"wjin.upv.edu.es"}
2025-10-06T22:02:33+00:00 RAW={"mac":"E6:14:89:83:B3:B9","major":2968,"minor":500,"nombre":"GTI-3A","rssi":-53,"timestamp":1759788153980,"txPower":203,"uuid":"45:50:53:47:2d:47:54:49:2d:50:52:4f:59:2d:33:41:"}
2025-10-06T22:02:33+00:00 METHOD=POST
2025-10-06T22:02:33+00:00 HEADERS={"User-Agent":"okhttp\/4.12.0","Accept-Encoding":"gzip","Content-Length":"179","Content-Type":"application\/json","X-Api-Key":"YOUR_SECURE_RANDOM_KEY","Host":"wjin.upv.edu.es"}
2025-10-06T22:02:33+00:00 RAW={"mac":"E6:14:89:83:B3:B9","major":2968,"minor":500,"nombre":"GTI-3A","rssi":-53,"timestamp":1759788154065,"txPower":203,"uuid":"45:50:53:47:2d:47:54:49:2d:50:52:4f:59:2d:33:41:"}
2025-10-06T22:02:33+00:00 METHOD=POST
2025-10-06T22:02:33+00:00 HEADERS={"User-Agent":"okhttp\/4.12.0","Accept-Encoding":"gzip","Content-Length":"179","Content-Type":"application\/json","X-Api-Key":"YOUR_SECURE_RANDOM_KEY","Host":"wjin.upv.edu.es"}
2025-10-06T22:02:33+00:00 RAW={"mac":"E6:14:89:83:B3:B9","major":2968,"minor":500,"nombre":"GTI-3A","rssi":-53,"timestamp":1759788154125,"txPower":203,"uuid":"45:50:53:47:2d:47:54:49:2d:50:52:4f:59:2d:33:41:"}
2025-10-06T22:02:33+00:00 METHOD=POST
2025-10-06T22:02:33+00:00 HEADERS={"User-Agent":"okhttp\/4.12.0","Accept-Encoding":"gzip","Content-Length":"179","Content-Type":"application\/json","X-Api-Key":"YOUR_SECURE_RANDOM_KEY","Host":"wjin.upv.edu.es"}
2025-10-06T22:02:33+00:00 RAW={"mac":"E6:14:89:83:B3:B9","major":2968,"minor":500,"nombre":"GTI-3A","rssi":-53,"timestamp":1759788154156,"txPower":203,"uuid":"45:50:53:47:2d:47:54:49:2d:50:52:4f:59:2d:33:41:"}
2025-10-06T22:02:33+00:00 METHOD=POST
2025-10-06T22:02:33+00:00 HEADERS={"User-Agent":"okhttp\/4.12.0","Accept-Encoding":"gzip","Content-Length":"179","Content-Type":"application\/json","X-Api-Key":"YOUR_SECURE_RANDOM_KEY","Host":"wjin.upv.edu.es"}
2025-10-06T22:02:33+00:00 RAW={"mac":"E6:14:89:83:B3:B9","major":2968,"minor":500,"nombre":"GTI-3A","rssi":-53,"timestamp":1759788154182,"txPower":203,"uuid":"45:50:53:47:2d:47:54:49:2d:50:52:4f:59:2d:33:41:"}
2025-10-06T22:02:33+00:00 METHOD=POST
2025-10-06T22:02:33+00:00 HEADERS={"User-Agent":"okhttp\/4.12.0","Accept-Encoding":"gzip","Content-Length":"179","Content-Type":"application\/json","X-Api-Key":"YOUR_SECURE_RANDOM_KEY","Host":"wjin.upv.edu.es"}
2025-10-06T22:02:33+00:00 RAW={"mac":"E6:14:89:83:B3:B9","major":2968,"minor":500,"nombre":"GTI-3A","rssi":-53,"timestamp":1759788154223,"txPower":203,"uuid":"45:50:53:47:2d:47:54:49:2d:50:52:4f:59:2d:33:41:"}
2025-10-06T22:02:33+00:00 METHOD=POST
2025-10-06T22:02:33+00:00 HEADERS={"User-Agent":"okhttp\/4.12.0","Accept-Encoding":"gzip","Content-Length":"179","Content-Type":"application\/json","X-Api-Key":"YOUR_SECURE_RANDOM_KEY","Host":"wjin.upv.edu.es"}
2025-10-06T22:02:33+00:00 RAW={"mac":"E6:14:89:83:B3:B9","major":2968,"minor":500,"nombre":"GTI-3A","rssi":-53,"timestamp":1759788154256,"txPower":203,"uuid":"45:50:53:47:2d:47:54:49:2d:50:52:4f:59:2d:33:41:"}
2025-10-06T22:02:33+00:00 METHOD=POST
2025-10-06T22:02:33+00:00 HEADERS={"User-Agent":"okhttp\/4.12.0","Accept-Encoding":"gzip","Content-Length":"179","Content-Type":"application\/json","X-Api-Key":"YOUR_SECURE_RANDOM_KEY","Host":"wjin.upv.edu.es"}
2025-10-06T22:02:33+00:00 RAW={"mac":"E6:14:89:83:B3:B9","major":2968,"minor":500,"nombre":"GTI-3A","rssi":-53,"timestamp":1759788154290,"txPower":203,"uuid":"45:50:53:47:2d:47:54:49:2d:50:52:4f:59:2d:33:41:"}
2025-10-06T22:02:34+00:00 METHOD=POST
2025-10-06T22:02:34+00:00 HEADERS={"User-Agent":"okhttp\/4.12.0","Accept-Encoding":"gzip","Content-Length":"179","Content-Type":"application\/json","X-Api-Key":"YOUR_SECURE_RANDOM_KEY","Host":"wjin.upv.edu.es"}
2025-10-06T22:02:34+00:00 RAW={"mac":"E6:14:89:83:B3:B9","major":2968,"minor":500,"nombre":"GTI-3A","rssi":-55,"timestamp":1759788154415,"txPower":203,"uuid":"45:50:53:47:2d:47:54:49:2d:50:52:4f:59:2d:33:41:"}
2025-10-06T22:02:34+00:00 METHOD=POST
2025-10-06T22:02:34+00:00 HEADERS={"User-Agent":"okhttp\/4.12.0","Accept-Encoding":"gzip","Content-Length":"179","Content-Type":"application\/json","X-Api-Key":"YOUR_SECURE_RANDOM_KEY","Host":"wjin.upv.edu.es"}
2025-10-06T22:02:34+00:00 RAW={"mac":"E6:14:89:83:B3:B9","major":2968,"minor":500,"nombre":"GTI-3A","rssi":-55,"timestamp":1759788154493,"txPower":203,"uuid":"45:50:53:47:2d:47:54:49:2d:50:52:4f:59:2d:33:41:"}
2025-10-06T22:02:34+00:00 METHOD=POST
2025-10-06T22:02:34+00:00 HEADERS={"User-Agent":"okhttp\/4.12.0","Accept-Encoding":"gzip","Content-Length":"179","Content-Type":"application\/json","X-Api-Key":"YOUR_SECURE_RANDOM_KEY","Host":"wjin.upv.edu.es"}
2025-10-06T22:02:34+00:00 RAW={"mac":"E6:14:89:83:B3:B9","major":2968,"minor":500,"nombre":"GTI-3A","rssi":-55,"timestamp":1759788154527,"txPower":203,"uuid":"45:50:53:47:2d:47:54:49:2d:50:52:4f:59:2d:33:41:"}
2025-10-06T22:02:34+00:00 METHOD=POST
2025-10-06T22:02:34+00:00 HEADERS={"User-Agent":"okhttp\/4.12.0","Accept-Encoding":"gzip","Content-Length":"179","Content-Type":"application\/json","X-Api-Key":"YOUR_SECURE_RANDOM_KEY","Host":"wjin.upv.edu.es"}
2025-10-06T22:02:34+00:00 RAW={"mac":"E6:14:89:83:B3:B9","major":2968,"minor":500,"nombre":"GTI-3A","rssi":-55,"timestamp":1759788154565,"txPower":203,"uuid":"45:50:53:47:2d:47:54:49:2d:50:52:4f:59:2d:33:41:"}
2025-10-06T22:02:34+00:00 METHOD=POST
2025-10-06T22:02:34+00:00 HEADERS={"User-Agent":"okhttp\/4.12.0","Accept-Encoding":"gzip","Content-Length":"179","Content-Type":"application\/json","X-Api-Key":"YOUR_SECURE_RANDOM_KEY","Host":"wjin.upv.edu.es"}
2025-10-06T22:02:34+00:00 RAW={"mac":"E6:14:89:83:B3:B9","major":2968,"minor":500,"nombre":"GTI-3A","rssi":-55,"timestamp":1759788154593,"txPower":203,"uuid":"45:50:53:47:2d:47:54:49:2d:50:52:4f:59:2d:33:41:"}
2025-10-06T22:02:34+00:00 METHOD=POST
2025-10-06T22:02:34+00:00 HEADERS={"User-Agent":"okhttp\/4.12.0","Accept-Encoding":"gzip","Content-Length":"179","Content-Type":"application\/json","X-Api-Key":"YOUR_SECURE_RANDOM_KEY","Host":"wjin.upv.edu.es"}
2025-10-06T22:02:34+00:00 RAW={"mac":"E6:14:89:83:B3:B9","major":2968,"minor":500,"nombre":"GTI-3A","rssi":-55,"timestamp":1759788154622,"txPower":203,"uuid":"45:50:53:47:2d:47:54:49:2d:50:52:4f:59:2d:33:41:"}
2025-10-06T22:02:34+00:00 METHOD=POST
2025-10-06T22:02:34+00:00 HEADERS={"User-Agent":"okhttp\/4.12.0","Accept-Encoding":"gzip","Content-Length":"179","Content-Type":"application\/json","X-Api-Key":"YOUR_SECURE_RANDOM_KEY","Host":"wjin.upv.edu.es"}
2025-10-06T22:02:34+00:00 RAW={"mac":"E6:14:89:83:B3:B9","major":2968,"minor":500,"nombre":"GTI-3A","rssi":-55,"timestamp":1759788154644,"txPower":203,"uuid":"45:50:53:47:2d:47:54:49:2d:50:52:4f:59:2d:33:41:"}
2025-10-06T22:02:34+00:00 METHOD=POST
2025-10-06T22:02:34+00:00 HEADERS={"User-Agent":"okhttp\/4.12.0","Accept-Encoding":"gzip","Content-Length":"179","Content-Type":"application\/json","X-Api-Key":"YOUR_SECURE_RANDOM_KEY","Host":"wjin.upv.edu.es"}
2025-10-06T22:02:34+00:00 RAW={"mac":"E6:14:89:83:B3:B9","major":2968,"minor":500,"nombre":"GTI-3A","rssi":-55,"timestamp":1759788154661,"txPower":203,"uuid":"45:50:53:47:2d:47:54:49:2d:50:52:4f:59:2d:33:41:"}
2025-10-06T22:02:34+00:00 METHOD=POST
2025-10-06T22:02:34+00:00 HEADERS={"User-Agent":"okhttp\/4.12.0","Accept-Encoding":"gzip","Content-Length":"179","Content-Type":"application\/json","X-Api-Key":"YOUR_SECURE_RANDOM_KEY","Host":"wjin.upv.edu.es"}
2025-10-06T22:02:34+00:00 RAW={"mac":"E6:14:89:83:B3:B9","major":2968,"minor":500,"nombre":"GTI-3A","rssi":-57,"timestamp":1759788154755,"txPower":203,"uuid":"45:50:53:47:2d:47:54:49:2d:50:52:4f:59:2d:33:41:"}
2025-10-06T22:02:34+00:00 METHOD=POST
2025-10-06T22:02:34+00:00 HEADERS={"User-Agent":"okhttp\/4.12.0","Accept-Encoding":"gzip","Content-Length":"179","Content-Type":"application\/json","X-Api-Key":"YOUR_SECURE_RANDOM_KEY","Host":"wjin.upv.edu.es"}
2025-10-06T22:02:34+00:00 RAW={"mac":"E6:14:89:83:B3:B9","major":2968,"minor":500,"nombre":"GTI-3A","rssi":-57,"timestamp":1759788154778,"txPower":203,"uuid":"45:50:53:47:2d:47:54:49:2d:50:52:4f:59:2d:33:41:"}
2025-10-06T22:02:34+00:00 METHOD=POST
2025-10-06T22:02:34+00:00 HEADERS={"User-Agent":"okhttp\/4.12.0","Accept-Encoding":"gzip","Content-Length":"179","Content-Type":"application\/json","X-Api-Key":"YOUR_SECURE_RANDOM_KEY","Host":"wjin.upv.edu.es"}
2025-10-06T22:02:34+00:00 RAW={"mac":"E6:14:89:83:B3:B9","major":2968,"minor":500,"nombre":"GTI-3A","rssi":-57,"timestamp":1759788154842,"txPower":203,"uuid":"45:50:53:47:2d:47:54:49:2d:50:52:4f:59:2d:33:41:"}
2025-10-06T22:02:34+00:00 METHOD=POST
2025-10-06T22:02:34+00:00 HEADERS={"User-Agent":"okhttp\/4.12.0","Accept-Encoding":"gzip","Content-Length":"179","Content-Type":"application\/json","X-Api-Key":"YOUR_SECURE_RANDOM_KEY","Host":"wjin.upv.edu.es"}
2025-10-06T22:02:34+00:00 RAW={"mac":"E6:14:89:83:B3:B9","major":2968,"minor":500,"nombre":"GTI-3A","rssi":-57,"timestamp":1759788154897,"txPower":203,"uuid":"45:50:53:47:2d:47:54:49:2d:50:52:4f:59:2d:33:41:"}
2025-10-06T22:02:34+00:00 METHOD=POST
2025-10-06T22:02:34+00:00 HEADERS={"User-Agent":"okhttp\/4.12.0","Accept-Encoding":"gzip","Content-Length":"179","Content-Type":"application\/json","X-Api-Key":"YOUR_SECURE_RANDOM_KEY","Host":"wjin.upv.edu.es"}
2025-10-06T22:02:34+00:00 RAW={"mac":"E6:14:89:83:B3:B9","major":2968,"minor":500,"nombre":"GTI-3A","rssi":-57,"timestamp":1759788154875,"txPower":203,"uuid":"45:50:53:47:2d:47:54:49:2d:50:52:4f:59:2d:33:41:"}
2025-10-06T22:02:34+00:00 METHOD=POST
2025-10-06T22:02:34+00:00 HEADERS={"User-Agent":"okhttp\/4.12.0","Accept-Encoding":"gzip","Content-Length":"179","Content-Type":"application\/json","X-Api-Key":"YOUR_SECURE_RANDOM_KEY","Host":"wjin.upv.edu.es"}
2025-10-06T22:02:34+00:00 RAW={"mac":"E6:14:89:83:B3:B9","major":2968,"minor":500,"nombre":"GTI-3A","rssi":-57,"timestamp":1759788154927,"txPower":203,"uuid":"45:50:53:47:2d:47:54:49:2d:50:52:4f:59:2d:33:41:"}
2025-10-06T22:02:34+00:00 METHOD=POST
2025-10-06T22:02:34+00:00 HEADERS={"User-Agent":"okhttp\/4.12.0","Accept-Encoding":"gzip","Content-Length":"179","Content-Type":"application\/json","X-Api-Key":"YOUR_SECURE_RANDOM_KEY","Host":"wjin.upv.edu.es"}
2025-10-06T22:02:34+00:00 RAW={"mac":"E6:14:89:83:B3:B9","major":2968,"minor":500,"nombre":"GTI-3A","rssi":-57,"timestamp":1759788154944,"txPower":203,"uuid":"45:50:53:47:2d:47:54:49:2d:50:52:4f:59:2d:33:41:"}
2025-10-06T22:02:34+00:00 METHOD=POST
2025-10-06T22:02:34+00:00 HEADERS={"User-Agent":"okhttp\/4.12.0","Accept-Encoding":"gzip","Content-Length":"179","Content-Type":"application\/json","X-Api-Key":"YOUR_SECURE_RANDOM_KEY","Host":"wjin.upv.edu.es"}
2025-10-06T22:02:34+00:00 RAW={"mac":"E6:14:89:83:B3:B9","major":2968,"minor":500,"nombre":"GTI-3A","rssi":-57,"timestamp":1759788154967,"txPower":203,"uuid":"45:50:53:47:2d:47:54:49:2d:50:52:4f:59:2d:33:41:"}
2025-10-06T22:02:34+00:00 METHOD=POST
2025-10-06T22:02:34+00:00 HEADERS={"User-Agent":"okhttp\/4.12.0","Accept-Encoding":"gzip","Content-Length":"179","Content-Type":"application\/json","X-Api-Key":"YOUR_SECURE_RANDOM_KEY","Host":"wjin.upv.edu.es"}
2025-10-06T22:02:34+00:00 RAW={"mac":"E6:14:89:83:B3:B9","major":2968,"minor":500,"nombre":"GTI-3A","rssi":-53,"timestamp":1759788155034,"txPower":203,"uuid":"45:50:53:47:2d:47:54:49:2d:50:52:4f:59:2d:33:41:"}
2025-10-06T22:02:34+00:00 METHOD=POST
2025-10-06T22:02:34+00:00 HEADERS={"User-Agent":"okhttp\/4.12.0","Accept-Encoding":"gzip","Content-Length":"179","Content-Type":"application\/json","X-Api-Key":"YOUR_SECURE_RANDOM_KEY","Host":"wjin.upv.edu.es"}
2025-10-06T22:02:34+00:00 RAW={"mac":"E6:14:89:83:B3:B9","major":2968,"minor":500,"nombre":"GTI-3A","rssi":-53,"timestamp":1759788155054,"txPower":203,"uuid":"45:50:53:47:2d:47:54:49:2d:50:52:4f:59:2d:33:41:"}
2025-10-06T22:02:34+00:00 METHOD=POST
2025-10-06T22:02:34+00:00 HEADERS={"User-Agent":"okhttp\/4.12.0","Accept-Encoding":"gzip","Content-Length":"179","Content-Type":"application\/json","X-Api-Key":"YOUR_SECURE_RANDOM_KEY","Host":"wjin.upv.edu.es"}
2025-10-06T22:02:34+00:00 RAW={"mac":"E6:14:89:83:B3:B9","major":2968,"minor":500,"nombre":"GTI-3A","rssi":-53,"timestamp":1759788155105,"txPower":203,"uuid":"45:50:53:47:2d:47:54:49:2d:50:52:4f:59:2d:33:41:"}
2025-10-06T22:02:34+00:00 METHOD=POST
2025-10-06T22:02:34+00:00 HEADERS={"User-Agent":"okhttp\/4.12.0","Accept-Encoding":"gzip","Content-Length":"179","Content-Type":"application\/json","X-Api-Key":"YOUR_SECURE_RANDOM_KEY","Host":"wjin.upv.edu.es"}
2025-10-06T22:02:34+00:00 RAW={"mac":"E6:14:89:83:B3:B9","major":2968,"minor":500,"nombre":"GTI-3A","rssi":-53,"timestamp":1759788155119,"txPower":203,"uuid":"45:50:53:47:2d:47:54:49:2d:50:52:4f:59:2d:33:41:"}
2025-10-06T22:02:34+00:00 METHOD=POST
2025-10-06T22:02:34+00:00 HEADERS={"User-Agent":"okhttp\/4.12.0","Accept-Encoding":"gzip","Content-Length":"179","Content-Type":"application\/json","X-Api-Key":"YOUR_SECURE_RANDOM_KEY","Host":"wjin.upv.edu.es"}
2025-10-06T22:02:34+00:00 RAW={"mac":"E6:14:89:83:B3:B9","major":2968,"minor":500,"nombre":"GTI-3A","rssi":-53,"timestamp":1759788155144,"txPower":203,"uuid":"45:50:53:47:2d:47:54:49:2d:50:52:4f:59:2d:33:41:"}
2025-10-06T22:02:34+00:00 METHOD=POST
2025-10-06T22:02:34+00:00 HEADERS={"User-Agent":"okhttp\/4.12.0","Accept-Encoding":"gzip","Content-Length":"179","Content-Type":"application\/json","X-Api-Key":"YOUR_SECURE_RANDOM_KEY","Host":"wjin.upv.edu.es"}
2025-10-06T22:02:34+00:00 RAW={"mac":"E6:14:89:83:B3:B9","major":2968,"minor":500,"nombre":"GTI-3A","rssi":-53,"timestamp":1759788155170,"txPower":203,"uuid":"45:50:53:47:2d:47:54:49:2d:50:52:4f:59:2d:33:41:"}
2025-10-06T22:02:35+00:00 METHOD=POST
2025-10-06T22:02:35+00:00 METHOD=POST
2025-10-06T22:02:35+00:00 METHOD=POST
2025-10-06T22:02:35+00:00 METHOD=POST
2025-10-06T22:02:35+00:00 METHOD=POST
2025-10-06T22:02:35+00:00 HEADERS={"User-Agent":"okhttp\/4.12.0","Accept-Encoding":"gzip","Content-Length":"179","Content-Type":"application\/json","X-Api-Key":"YOUR_SECURE_RANDOM_KEY","Host":"wjin.upv.edu.es"}
2025-10-06T22:02:35+00:00 HEADERS={"User-Agent":"okhttp\/4.12.0","Accept-Encoding":"gzip","Content-Length":"179","Content-Type":"application\/json","X-Api-Key":"YOUR_SECURE_RANDOM_KEY","Host":"wjin.upv.edu.es"}
2025-10-06T22:02:35+00:00 HEADERS={"User-Agent":"okhttp\/4.12.0","Accept-Encoding":"gzip","Content-Length":"179","Content-Type":"application\/json","X-Api-Key":"YOUR_SECURE_RANDOM_KEY","Host":"wjin.upv.edu.es"}
2025-10-06T22:02:35+00:00 HEADERS={"User-Agent":"okhttp\/4.12.0","Accept-Encoding":"gzip","Content-Length":"179","Content-Type":"application\/json","X-Api-Key":"YOUR_SECURE_RANDOM_KEY","Host":"wjin.upv.edu.es"}
2025-10-06T22:02:35+00:00 HEADERS={"User-Agent":"okhttp\/4.12.0","Accept-Encoding":"gzip","Content-Length":"179","Content-Type":"application\/json","X-Api-Key":"YOUR_SECURE_RANDOM_KEY","Host":"wjin.upv.edu.es"}
2025-10-06T22:02:35+00:00 RAW={"mac":"E6:14:89:83:B3:B9","major":2968,"minor":500,"nombre":"GTI-3A","rssi":-53,"timestamp":1759788155192,"txPower":203,"uuid":"45:50:53:47:2d:47:54:49:2d:50:52:4f:59:2d:33:41:"}
2025-10-06T22:02:35+00:00 RAW={"mac":"E6:14:89:83:B3:B9","major":2968,"minor":500,"nombre":"GTI-3A","rssi":-53,"timestamp":1759788155221,"txPower":203,"uuid":"45:50:53:47:2d:47:54:49:2d:50:52:4f:59:2d:33:41:"}
2025-10-06T22:02:35+00:00 RAW={"mac":"E6:14:89:83:B3:B9","major":2968,"minor":500,"nombre":"GTI-3A","rssi":-53,"timestamp":1759788155279,"txPower":203,"uuid":"45:50:53:47:2d:47:54:49:2d:50:52:4f:59:2d:33:41:"}
2025-10-06T22:02:35+00:00 RAW={"mac":"E6:14:89:83:B3:B9","major":2968,"minor":500,"nombre":"GTI-3A","rssi":-53,"timestamp":1759788155307,"txPower":203,"uuid":"45:50:53:47:2d:47:54:49:2d:50:52:4f:59:2d:33:41:"}
2025-10-06T22:02:35+00:00 RAW={"mac":"E6:14:89:83:B3:B9","major":2968,"minor":500,"nombre":"GTI-3A","rssi":-53,"timestamp":1759788155343,"txPower":203,"uuid":"45:50:53:47:2d:47:54:49:2d:50:52:4f:59:2d:33:41:"}
2025-10-06T22:02:35+00:00 METHOD=POST
2025-10-06T22:02:35+00:00 HEADERS={"User-Agent":"okhttp\/4.12.0","Accept-Encoding":"gzip","Content-Length":"179","Content-Type":"application\/json","X-Api-Key":"YOUR_SECURE_RANDOM_KEY","Host":"wjin.upv.edu.es"}
2025-10-06T22:02:35+00:00 RAW={"mac":"E6:14:89:83:B3:B9","major":2968,"minor":500,"nombre":"GTI-3A","rssi":-53,"timestamp":1759788155357,"txPower":203,"uuid":"45:50:53:47:2d:47:54:49:2d:50:52:4f:59:2d:33:41:"}
2025-10-06T22:02:35+00:00 METHOD=POST
2025-10-06T22:02:35+00:00 HEADERS={"User-Agent":"okhttp\/4.12.0","Accept-Encoding":"gzip","Content-Length":"179","Content-Type":"application\/json","X-Api-Key":"YOUR_SECURE_RANDOM_KEY","Host":"wjin.upv.edu.es"}
2025-10-06T22:02:35+00:00 RAW={"mac":"E6:14:89:83:B3:B9","major":2968,"minor":500,"nombre":"GTI-3A","rssi":-53,"timestamp":1759788155376,"txPower":203,"uuid":"45:50:53:47:2d:47:54:49:2d:50:52:4f:59:2d:33:41:"}
2025-10-06T22:02:35+00:00 METHOD=POST
2025-10-06T22:02:35+00:00 METHOD=POST
2025-10-06T22:02:35+00:00 HEADERS={"User-Agent":"okhttp\/4.12.0","Accept-Encoding":"gzip","Content-Length":"179","Content-Type":"application\/json","X-Api-Key":"YOUR_SECURE_RANDOM_KEY","Host":"wjin.upv.edu.es"}
2025-10-06T22:02:35+00:00 HEADERS={"User-Agent":"okhttp\/4.12.0","Accept-Encoding":"gzip","Content-Length":"179","Content-Type":"application\/json","X-Api-Key":"YOUR_SECURE_RANDOM_KEY","Host":"wjin.upv.edu.es"}
2025-10-06T22:02:35+00:00 RAW={"mac":"E6:14:89:83:B3:B9","major":2968,"minor":500,"nombre":"GTI-3A","rssi":-53,"timestamp":1759788155391,"txPower":203,"uuid":"45:50:53:47:2d:47:54:49:2d:50:52:4f:59:2d:33:41:"}
2025-10-06T22:02:35+00:00 RAW={"mac":"E6:14:89:83:B3:B9","major":2968,"minor":500,"nombre":"GTI-3A","rssi":-53,"timestamp":1759788155413,"txPower":203,"uuid":"45:50:53:47:2d:47:54:49:2d:50:52:4f:59:2d:33:41:"}
2025-10-06T22:02:35+00:00 METHOD=POST
2025-10-06T22:02:35+00:00 HEADERS={"User-Agent":"okhttp\/4.12.0","Accept-Encoding":"gzip","Content-Length":"179","Content-Type":"application\/json","X-Api-Key":"YOUR_SECURE_RANDOM_KEY","Host":"wjin.upv.edu.es"}
2025-10-06T22:02:35+00:00 RAW={"mac":"E6:14:89:83:B3:B9","major":2968,"minor":500,"nombre":"GTI-3A","rssi":-53,"timestamp":1759788155426,"txPower":203,"uuid":"45:50:53:47:2d:47:54:49:2d:50:52:4f:59:2d:33:41:"}
2025-10-06T22:02:35+00:00 METHOD=POST
2025-10-06T22:02:35+00:00 METHOD=POST
2025-10-06T22:02:35+00:00 HEADERS={"User-Agent":"okhttp\/4.12.0","Accept-Encoding":"gzip","Content-Length":"179","Content-Type":"application\/json","X-Api-Key":"YOUR_SECURE_RANDOM_KEY","Host":"wjin.upv.edu.es"}
2025-10-06T22:02:35+00:00 HEADERS={"User-Agent":"okhttp\/4.12.0","Accept-Encoding":"gzip","Content-Length":"179","Content-Type":"application\/json","X-Api-Key":"YOUR_SECURE_RANDOM_KEY","Host":"wjin.upv.edu.es"}
2025-10-06T22:02:35+00:00 RAW={"mac":"E6:14:89:83:B3:B9","major":2968,"minor":500,"nombre":"GTI-3A","rssi":-55,"timestamp":1759788155457,"txPower":203,"uuid":"45:50:53:47:2d:47:54:49:2d:50:52:4f:59:2d:33:41:"}
2025-10-06T22:02:35+00:00 RAW={"mac":"E6:14:89:83:B3:B9","major":2968,"minor":500,"nombre":"GTI-3A","rssi":-55,"timestamp":1759788155484,"txPower":203,"uuid":"45:50:53:47:2d:47:54:49:2d:50:52:4f:59:2d:33:41:"}
2025-10-06T22:02:35+00:00 METHOD=POST
2025-10-06T22:02:35+00:00 HEADERS={"User-Agent":"okhttp\/4.12.0","Accept-Encoding":"gzip","Content-Length":"179","Content-Type":"application\/json","X-Api-Key":"YOUR_SECURE_RANDOM_KEY","Host":"wjin.upv.edu.es"}
2025-10-06T22:02:35+00:00 RAW={"mac":"E6:14:89:83:B3:B9","major":2968,"minor":500,"nombre":"GTI-3A","rssi":-55,"timestamp":1759788155549,"txPower":203,"uuid":"45:50:53:47:2d:47:54:49:2d:50:52:4f:59:2d:33:41:"}
2025-10-06T22:02:35+00:00 METHOD=POST
2025-10-06T22:02:35+00:00 METHOD=POST
2025-10-06T22:02:35+00:00 HEADERS={"User-Agent":"okhttp\/4.12.0","Accept-Encoding":"gzip","Content-Length":"179","Content-Type":"application\/json","X-Api-Key":"YOUR_SECURE_RANDOM_KEY","Host":"wjin.upv.edu.es"}
2025-10-06T22:02:35+00:00 HEADERS={"User-Agent":"okhttp\/4.12.0","Accept-Encoding":"gzip","Content-Length":"179","Content-Type":"application\/json","X-Api-Key":"YOUR_SECURE_RANDOM_KEY","Host":"wjin.upv.edu.es"}
2025-10-06T22:02:35+00:00 RAW={"mac":"E6:14:89:83:B3:B9","major":2968,"minor":500,"nombre":"GTI-3A","rssi":-55,"timestamp":1759788155523,"txPower":203,"uuid":"45:50:53:47:2d:47:54:49:2d:50:52:4f:59:2d:33:41:"}
2025-10-06T22:02:35+00:00 RAW={"mac":"E6:14:89:83:B3:B9","major":2968,"minor":500,"nombre":"GTI-3A","rssi":-55,"timestamp":1759788155595,"txPower":203,"uuid":"45:50:53:47:2d:47:54:49:2d:50:52:4f:59:2d:33:41:"}
2025-10-06T22:02:35+00:00 METHOD=POST
2025-10-06T22:02:35+00:00 HEADERS={"User-Agent":"okhttp\/4.12.0","Accept-Encoding":"gzip","Content-Length":"179","Content-Type":"application\/json","X-Api-Key":"YOUR_SECURE_RANDOM_KEY","Host":"wjin.upv.edu.es"}
2025-10-06T22:02:35+00:00 RAW={"mac":"E6:14:89:83:B3:B9","major":2968,"minor":500,"nombre":"GTI-3A","rssi":-55,"timestamp":1759788155621,"txPower":203,"uuid":"45:50:53:47:2d:47:54:49:2d:50:52:4f:59:2d:33:41:"}
2025-10-06T22:02:35+00:00 METHOD=POST
2025-10-06T22:02:35+00:00 HEADERS={"User-Agent":"okhttp\/4.12.0","Accept-Encoding":"gzip","Content-Length":"179","Content-Type":"application\/json","X-Api-Key":"YOUR_SECURE_RANDOM_KEY","Host":"wjin.upv.edu.es"}
2025-10-06T22:02:35+00:00 RAW={"mac":"E6:14:89:83:B3:B9","major":2968,"minor":500,"nombre":"GTI-3A","rssi":-55,"timestamp":1759788155641,"txPower":203,"uuid":"45:50:53:47:2d:47:54:49:2d:50:52:4f:59:2d:33:41:"}
2025-10-06T22:02:35+00:00 METHOD=POST
2025-10-06T22:02:35+00:00 HEADERS={"User-Agent":"okhttp\/4.12.0","Accept-Encoding":"gzip","Content-Length":"179","Content-Type":"application\/json","X-Api-Key":"YOUR_SECURE_RANDOM_KEY","Host":"wjin.upv.edu.es"}
2025-10-06T22:02:35+00:00 RAW={"mac":"E6:14:89:83:B3:B9","major":2968,"minor":500,"nombre":"GTI-3A","rssi":-55,"timestamp":1759788155668,"txPower":203,"uuid":"45:50:53:47:2d:47:54:49:2d:50:52:4f:59:2d:33:41:"}
2025-10-06T22:02:35+00:00 METHOD=POST
2025-10-06T22:02:35+00:00 HEADERS={"User-Agent":"okhttp\/4.12.0","Accept-Encoding":"gzip","Content-Length":"179","Content-Type":"application\/json","X-Api-Key":"YOUR_SECURE_RANDOM_KEY","Host":"wjin.upv.edu.es"}
2025-10-06T22:02:35+00:00 RAW={"mac":"E6:14:89:83:B3:B9","major":2968,"minor":500,"nombre":"GTI-3A","rssi":-57,"timestamp":1759788155829,"txPower":203,"uuid":"45:50:53:47:2d:47:54:49:2d:50:52:4f:59:2d:33:41:"}
2025-10-06T22:02:35+00:00 METHOD=POST
2025-10-06T22:02:35+00:00 HEADERS={"User-Agent":"okhttp\/4.12.0","Accept-Encoding":"gzip","Content-Length":"179","Content-Type":"application\/json","X-Api-Key":"YOUR_SECURE_RANDOM_KEY","Host":"wjin.upv.edu.es"}
2025-10-06T22:02:35+00:00 RAW={"mac":"E6:14:89:83:B3:B9","major":2968,"minor":500,"nombre":"GTI-3A","rssi":-57,"timestamp":1759788155842,"txPower":203,"uuid":"45:50:53:47:2d:47:54:49:2d:50:52:4f:59:2d:33:41:"}
2025-10-06T22:02:35+00:00 METHOD=POST
2025-10-06T22:02:35+00:00 HEADERS={"User-Agent":"okhttp\/4.12.0","Accept-Encoding":"gzip","Content-Length":"179","Content-Type":"application\/json","X-Api-Key":"YOUR_SECURE_RANDOM_KEY","Host":"wjin.upv.edu.es"}
2025-10-06T22:02:35+00:00 RAW={"mac":"E6:14:89:83:B3:B9","major":2968,"minor":500,"nombre":"GTI-3A","rssi":-57,"timestamp":1759788155910,"txPower":203,"uuid":"45:50:53:47:2d:47:54:49:2d:50:52:4f:59:2d:33:41:"}
2025-10-06T22:02:35+00:00 METHOD=POST
2025-10-06T22:02:35+00:00 HEADERS={"User-Agent":"okhttp\/4.12.0","Accept-Encoding":"gzip","Content-Length":"179","Content-Type":"application\/json","X-Api-Key":"YOUR_SECURE_RANDOM_KEY","Host":"wjin.upv.edu.es"}
2025-10-06T22:02:35+00:00 RAW={"mac":"E6:14:89:83:B3:B9","major":2968,"minor":500,"nombre":"GTI-3A","rssi":-57,"timestamp":1759788155959,"txPower":203,"uuid":"45:50:53:47:2d:47:54:49:2d:50:52:4f:59:2d:33:41:"}
2025-10-06T22:02:35+00:00 METHOD=POST
2025-10-06T22:02:35+00:00 HEADERS={"User-Agent":"okhttp\/4.12.0","Accept-Encoding":"gzip","Content-Length":"179","Content-Type":"application\/json","X-Api-Key":"YOUR_SECURE_RANDOM_KEY","Host":"wjin.upv.edu.es"}
2025-10-06T22:02:35+00:00 RAW={"mac":"E6:14:89:83:B3:B9","major":2968,"minor":500,"nombre":"GTI-3A","rssi":-57,"timestamp":1759788155995,"txPower":203,"uuid":"45:50:53:47:2d:47:54:49:2d:50:52:4f:59:2d:33:41:"}
2025-10-06T22:02:35+00:00 METHOD=POST
2025-10-06T22:02:35+00:00 HEADERS={"User-Agent":"okhttp\/4.12.0","Accept-Encoding":"gzip","Content-Length":"179","Content-Type":"application\/json","X-Api-Key":"YOUR_SECURE_RANDOM_KEY","Host":"wjin.upv.edu.es"}
2025-10-06T22:02:35+00:00 RAW={"mac":"E6:14:89:83:B3:B9","major":2968,"minor":500,"nombre":"GTI-3A","rssi":-57,"timestamp":1759788155976,"txPower":203,"uuid":"45:50:53:47:2d:47:54:49:2d:50:52:4f:59:2d:33:41:"}
2025-10-06T22:02:35+00:00 METHOD=POST
2025-10-06T22:02:35+00:00 HEADERS={"User-Agent":"okhttp\/4.12.0","Accept-Encoding":"gzip","Content-Length":"179","Content-Type":"application\/json","X-Api-Key":"YOUR_SECURE_RANDOM_KEY","Host":"wjin.upv.edu.es"}
2025-10-06T22:02:35+00:00 RAW={"mac":"E6:14:89:83:B3:B9","major":2968,"minor":500,"nombre":"GTI-3A","rssi":-57,"timestamp":1759788156019,"txPower":203,"uuid":"45:50:53:47:2d:47:54:49:2d:50:52:4f:59:2d:33:41:"}
2025-10-06T22:02:35+00:00 METHOD=POST
2025-10-06T22:02:35+00:00 HEADERS={"User-Agent":"okhttp\/4.12.0","Accept-Encoding":"gzip","Content-Length":"179","Content-Type":"application\/json","X-Api-Key":"YOUR_SECURE_RANDOM_KEY","Host":"wjin.upv.edu.es"}
2025-10-06T22:02:35+00:00 RAW={"mac":"E6:14:89:83:B3:B9","major":2968,"minor":500,"nombre":"GTI-3A","rssi":-57,"timestamp":1759788156053,"txPower":203,"uuid":"45:50:53:47:2d:47:54:49:2d:50:52:4f:59:2d:33:41:"}
2025-10-06T22:02:35+00:00 METHOD=POST
2025-10-06T22:02:35+00:00 HEADERS={"User-Agent":"okhttp\/4.12.0","Accept-Encoding":"gzip","Content-Length":"179","Content-Type":"application\/json","X-Api-Key":"YOUR_SECURE_RANDOM_KEY","Host":"wjin.upv.edu.es"}
2025-10-06T22:02:35+00:00 RAW={"mac":"E6:14:89:83:B3:B9","major":2968,"minor":500,"nombre":"GTI-3A","rssi":-57,"timestamp":1759788156147,"txPower":203,"uuid":"45:50:53:47:2d:47:54:49:2d:50:52:4f:59:2d:33:41:"}
2025-10-06T22:02:35+00:00 METHOD=POST
2025-10-06T22:02:35+00:00 HEADERS={"User-Agent":"okhttp\/4.12.0","Accept-Encoding":"gzip","Content-Length":"179","Content-Type":"application\/json","X-Api-Key":"YOUR_SECURE_RANDOM_KEY","Host":"wjin.upv.edu.es"}
2025-10-06T22:02:35+00:00 RAW={"mac":"E6:14:89:83:B3:B9","major":2968,"minor":500,"nombre":"GTI-3A","rssi":-57,"timestamp":1759788156169,"txPower":203,"uuid":"45:50:53:47:2d:47:54:49:2d:50:52:4f:59:2d:33:41:"}
2025-10-06T22:02:35+00:00 METHOD=POST
2025-10-06T22:02:35+00:00 HEADERS={"User-Agent":"okhttp\/4.12.0","Accept-Encoding":"gzip","Content-Length":"179","Content-Type":"application\/json","X-Api-Key":"YOUR_SECURE_RANDOM_KEY","Host":"wjin.upv.edu.es"}
2025-10-06T22:02:35+00:00 RAW={"mac":"E6:14:89:83:B3:B9","major":2968,"minor":500,"nombre":"GTI-3A","rssi":-57,"timestamp":1759788156220,"txPower":203,"uuid":"45:50:53:47:2d:47:54:49:2d:50:52:4f:59:2d:33:41:"}
2025-10-06T22:02:35+00:00 METHOD=POST
2025-10-06T22:02:35+00:00 HEADERS={"User-Agent":"okhttp\/4.12.0","Accept-Encoding":"gzip","Content-Length":"179","Content-Type":"application\/json","X-Api-Key":"YOUR_SECURE_RANDOM_KEY","Host":"wjin.upv.edu.es"}
2025-10-06T22:02:35+00:00 RAW={"mac":"E6:14:89:83:B3:B9","major":2968,"minor":500,"nombre":"GTI-3A","rssi":-57,"timestamp":1759788156243,"txPower":203,"uuid":"45:50:53:47:2d:47:54:49:2d:50:52:4f:59:2d:33:41:"}
2025-10-06T22:02:35+00:00 METHOD=POST
2025-10-06T22:02:35+00:00 HEADERS={"User-Agent":"okhttp\/4.12.0","Accept-Encoding":"gzip","Content-Length":"179","Content-Type":"application\/json","X-Api-Key":"YOUR_SECURE_RANDOM_KEY","Host":"wjin.upv.edu.es"}
2025-10-06T22:02:35+00:00 RAW={"mac":"E6:14:89:83:B3:B9","major":2968,"minor":500,"nombre":"GTI-3A","rssi":-57,"timestamp":1759788156271,"txPower":203,"uuid":"45:50:53:47:2d:47:54:49:2d:50:52:4f:59:2d:33:41:"}
2025-10-06T22:02:35+00:00 METHOD=POST
2025-10-06T22:02:35+00:00 HEADERS={"User-Agent":"okhttp\/4.12.0","Accept-Encoding":"gzip","Content-Length":"179","Content-Type":"application\/json","X-Api-Key":"YOUR_SECURE_RANDOM_KEY","Host":"wjin.upv.edu.es"}
2025-10-06T22:02:35+00:00 RAW={"mac":"E6:14:89:83:B3:B9","major":2968,"minor":500,"nombre":"GTI-3A","rssi":-57,"timestamp":1759788156309,"txPower":203,"uuid":"45:50:53:47:2d:47:54:49:2d:50:52:4f:59:2d:33:41:"}
2025-10-06T22:02:36+00:00 METHOD=POST
2025-10-06T22:02:36+00:00 HEADERS={"User-Agent":"okhttp\/4.12.0","Accept-Encoding":"gzip","Content-Length":"179","Content-Type":"application\/json","X-Api-Key":"YOUR_SECURE_RANDOM_KEY","Host":"wjin.upv.edu.es"}
2025-10-06T22:02:36+00:00 RAW={"mac":"E6:14:89:83:B3:B9","major":2968,"minor":500,"nombre":"GTI-3A","rssi":-57,"timestamp":1759788156331,"txPower":203,"uuid":"45:50:53:47:2d:47:54:49:2d:50:52:4f:59:2d:33:41:"}
2025-10-06T22:02:36+00:00 METHOD=POST
2025-10-06T22:02:36+00:00 HEADERS={"User-Agent":"okhttp\/4.12.0","Accept-Encoding":"gzip","Content-Length":"179","Content-Type":"application\/json","X-Api-Key":"YOUR_SECURE_RANDOM_KEY","Host":"wjin.upv.edu.es"}
2025-10-06T22:02:36+00:00 RAW={"mac":"E6:14:89:83:B3:B9","major":2968,"minor":500,"nombre":"GTI-3A","rssi":-57,"timestamp":1759788156351,"txPower":203,"uuid":"45:50:53:47:2d:47:54:49:2d:50:52:4f:59:2d:33:41:"}
2025-10-06T22:16:48+00:00 METHOD=POST
2025-10-06T22:16:48+00:00 METHOD=POST
2025-10-06T22:16:48+00:00 HEADERS={"User-Agent":"okhttp\/4.12.0","Accept-Encoding":"gzip","Content-Length":"179","Content-Type":"application\/json","X-Api-Key":"YOUR_SECURE_RANDOM_KEY","Host":"wjin.upv.edu.es"}
2025-10-06T22:16:48+00:00 HEADERS={"User-Agent":"okhttp\/4.12.0","Accept-Encoding":"gzip","Content-Length":"179","Content-Type":"application\/json","X-Api-Key":"YOUR_SECURE_RANDOM_KEY","Host":"wjin.upv.edu.es"}
2025-10-06T22:16:48+00:00 RAW={"mac":"E6:14:89:83:B3:B9","major":2823,"minor":500,"nombre":"GTI-3A","rssi":-61,"timestamp":1759789008392,"txPower":203,"uuid":"45:50:53:47:2d:47:54:49:2d:50:52:4f:59:2d:33:41:"}
2025-10-06T22:16:48+00:00 RAW={"mac":"E6:14:89:83:B3:B9","major":2823,"minor":500,"nombre":"GTI-3A","rssi":-59,"timestamp":1759789008283,"txPower":203,"uuid":"45:50:53:47:2d:47:54:49:2d:50:52:4f:59:2d:33:41:"}
2025-10-06T22:16:48+00:00 METHOD=POST
2025-10-06T22:16:48+00:00 HEADERS={"User-Agent":"okhttp\/4.12.0","Accept-Encoding":"gzip","Content-Length":"179","Content-Type":"application\/json","X-Api-Key":"YOUR_SECURE_RANDOM_KEY","Host":"wjin.upv.edu.es"}
2025-10-06T22:16:48+00:00 METHOD=POST
2025-10-06T22:16:48+00:00 RAW={"mac":"E6:14:89:83:B3:B9","major":2823,"minor":500,"nombre":"GTI-3A","rssi":-66,"timestamp":1759789008308,"txPower":203,"uuid":"45:50:53:47:2d:47:54:49:2d:50:52:4f:59:2d:33:41:"}
2025-10-06T22:16:48+00:00 HEADERS={"User-Agent":"okhttp\/4.12.0","Accept-Encoding":"gzip","Content-Length":"179","Content-Type":"application\/json","X-Api-Key":"YOUR_SECURE_RANDOM_KEY","Host":"wjin.upv.edu.es"}
2025-10-06T22:16:48+00:00 RAW={"mac":"E6:14:89:83:B3:B9","major":2823,"minor":500,"nombre":"GTI-3A","rssi":-60,"timestamp":1759789008463,"txPower":203,"uuid":"45:50:53:47:2d:47:54:49:2d:50:52:4f:59:2d:33:41:"}
2025-10-06T22:16:48+00:00 METHOD=POST
2025-10-06T22:16:48+00:00 HEADERS={"User-Agent":"okhttp\/4.12.0","Accept-Encoding":"gzip","Content-Length":"179","Content-Type":"application\/json","X-Api-Key":"YOUR_SECURE_RANDOM_KEY","Host":"wjin.upv.edu.es"}
2025-10-06T22:16:48+00:00 RAW={"mac":"E6:14:89:83:B3:B9","major":2823,"minor":500,"nombre":"GTI-3A","rssi":-61,"timestamp":1759789008523,"txPower":203,"uuid":"45:50:53:47:2d:47:54:49:2d:50:52:4f:59:2d:33:41:"}
2025-10-06T22:16:48+00:00 METHOD=POST
2025-10-06T22:16:48+00:00 HEADERS={"User-Agent":"okhttp\/4.12.0","Accept-Encoding":"gzip","Content-Length":"179","Content-Type":"application\/json","X-Api-Key":"YOUR_SECURE_RANDOM_KEY","Host":"wjin.upv.edu.es"}
2025-10-06T22:16:48+00:00 RAW={"mac":"E6:14:89:83:B3:B9","major":2823,"minor":500,"nombre":"GTI-3A","rssi":-62,"timestamp":1759789008589,"txPower":203,"uuid":"45:50:53:47:2d:47:54:49:2d:50:52:4f:59:2d:33:41:"}
2025-10-06T22:16:48+00:00 METHOD=POST
2025-10-06T22:16:48+00:00 HEADERS={"User-Agent":"okhttp\/4.12.0","Accept-Encoding":"gzip","Content-Length":"179","Content-Type":"application\/json","X-Api-Key":"YOUR_SECURE_RANDOM_KEY","Host":"wjin.upv.edu.es"}
2025-10-06T22:16:48+00:00 RAW={"mac":"E6:14:89:83:B3:B9","major":2823,"minor":500,"nombre":"GTI-3A","rssi":-62,"timestamp":1759789008651,"txPower":203,"uuid":"45:50:53:47:2d:47:54:49:2d:50:52:4f:59:2d:33:41:"}
2025-10-06T22:16:48+00:00 METHOD=POST
2025-10-06T22:16:48+00:00 HEADERS={"User-Agent":"okhttp\/4.12.0","Accept-Encoding":"gzip","Content-Length":"179","Content-Type":"application\/json","X-Api-Key":"YOUR_SECURE_RANDOM_KEY","Host":"wjin.upv.edu.es"}
2025-10-06T22:16:48+00:00 RAW={"mac":"E6:14:89:83:B3:B9","major":2823,"minor":500,"nombre":"GTI-3A","rssi":-61,"timestamp":1759789008727,"txPower":203,"uuid":"45:50:53:47:2d:47:54:49:2d:50:52:4f:59:2d:33:41:"}
2025-10-06T22:16:48+00:00 METHOD=POST
2025-10-06T22:16:48+00:00 HEADERS={"User-Agent":"okhttp\/4.12.0","Accept-Encoding":"gzip","Content-Length":"179","Content-Type":"application\/json","X-Api-Key":"YOUR_SECURE_RANDOM_KEY","Host":"wjin.upv.edu.es"}
2025-10-06T22:16:48+00:00 RAW={"mac":"E6:14:89:83:B3:B9","major":2823,"minor":500,"nombre":"GTI-3A","rssi":-61,"timestamp":1759789008864,"txPower":203,"uuid":"45:50:53:47:2d:47:54:49:2d:50:52:4f:59:2d:33:41:"}
2025-10-06T22:16:48+00:00 METHOD=POST
2025-10-06T22:16:48+00:00 HEADERS={"User-Agent":"okhttp\/4.12.0","Accept-Encoding":"gzip","Content-Length":"179","Content-Type":"application\/json","X-Api-Key":"YOUR_SECURE_RANDOM_KEY","Host":"wjin.upv.edu.es"}
2025-10-06T22:16:48+00:00 RAW={"mac":"E6:14:89:83:B3:B9","major":2823,"minor":500,"nombre":"GTI-3A","rssi":-61,"timestamp":1759789008939,"txPower":203,"uuid":"45:50:53:47:2d:47:54:49:2d:50:52:4f:59:2d:33:41:"}
2025-10-06T22:16:48+00:00 METHOD=POST
2025-10-06T22:16:48+00:00 HEADERS={"User-Agent":"okhttp\/4.12.0","Accept-Encoding":"gzip","Content-Length":"179","Content-Type":"application\/json","X-Api-Key":"YOUR_SECURE_RANDOM_KEY","Host":"wjin.upv.edu.es"}
2025-10-06T22:16:48+00:00 RAW={"mac":"E6:14:89:83:B3:B9","major":2823,"minor":500,"nombre":"GTI-3A","rssi":-60,"timestamp":1759789009001,"txPower":203,"uuid":"45:50:53:47:2d:47:54:49:2d:50:52:4f:59:2d:33:41:"}
2025-10-06T22:16:48+00:00 METHOD=POST
2025-10-06T22:16:48+00:00 HEADERS={"User-Agent":"okhttp\/4.12.0","Accept-Encoding":"gzip","Content-Length":"179","Content-Type":"application\/json","X-Api-Key":"YOUR_SECURE_RANDOM_KEY","Host":"wjin.upv.edu.es"}
2025-10-06T22:16:48+00:00 RAW={"mac":"E6:14:89:83:B3:B9","major":2823,"minor":500,"nombre":"GTI-3A","rssi":-60,"timestamp":1759789009065,"txPower":203,"uuid":"45:50:53:47:2d:47:54:49:2d:50:52:4f:59:2d:33:41:"}
2025-10-06T22:16:48+00:00 METHOD=POST
2025-10-06T22:16:48+00:00 HEADERS={"User-Agent":"okhttp\/4.12.0","Accept-Encoding":"gzip","Content-Length":"179","Content-Type":"application\/json","X-Api-Key":"YOUR_SECURE_RANDOM_KEY","Host":"wjin.upv.edu.es"}
2025-10-06T22:16:48+00:00 RAW={"mac":"E6:14:89:83:B3:B9","major":2823,"minor":500,"nombre":"GTI-3A","rssi":-61,"timestamp":1759789009144,"txPower":203,"uuid":"45:50:53:47:2d:47:54:49:2d:50:52:4f:59:2d:33:41:"}
2025-10-06T22:16:48+00:00 METHOD=POST
2025-10-06T22:16:48+00:00 HEADERS={"User-Agent":"okhttp\/4.12.0","Accept-Encoding":"gzip","Content-Length":"179","Content-Type":"application\/json","X-Api-Key":"YOUR_SECURE_RANDOM_KEY","Host":"wjin.upv.edu.es"}
2025-10-06T22:16:48+00:00 RAW={"mac":"E6:14:89:83:B3:B9","major":2823,"minor":500,"nombre":"GTI-3A","rssi":-61,"timestamp":1759789009221,"txPower":203,"uuid":"45:50:53:47:2d:47:54:49:2d:50:52:4f:59:2d:33:41:"}
2025-10-06T22:16:54+00:00 METHOD=POST
2025-10-06T22:16:54+00:00 METHOD=POST
2025-10-06T22:16:54+00:00 HEADERS={"User-Agent":"okhttp\/4.12.0","Accept-Encoding":"gzip","Content-Length":"179","Content-Type":"application\/json","X-Api-Key":"YOUR_SECURE_RANDOM_KEY","Host":"wjin.upv.edu.es"}
2025-10-06T22:16:54+00:00 HEADERS={"User-Agent":"okhttp\/4.12.0","Accept-Encoding":"gzip","Content-Length":"179","Content-Type":"application\/json","X-Api-Key":"YOUR_SECURE_RANDOM_KEY","Host":"wjin.upv.edu.es"}
2025-10-06T22:16:54+00:00 RAW={"mac":"E6:14:89:83:B3:B9","major":2824,"minor":500,"nombre":"GTI-3A","rssi":-61,"timestamp":1759789014771,"txPower":203,"uuid":"45:50:53:47:2d:47:54:49:2d:50:52:4f:59:2d:33:41:"}
2025-10-06T22:16:54+00:00 RAW={"mac":"E6:14:89:83:B3:B9","major":2824,"minor":500,"nombre":"GTI-3A","rssi":-62,"timestamp":1759789014826,"txPower":203,"uuid":"45:50:53:47:2d:47:54:49:2d:50:52:4f:59:2d:33:41:"}
2025-10-06T22:16:54+00:00 METHOD=POST
2025-10-06T22:16:54+00:00 METHOD=POST
2025-10-06T22:16:54+00:00 HEADERS={"User-Agent":"okhttp\/4.12.0","Accept-Encoding":"gzip","Content-Length":"179","Content-Type":"application\/json","X-Api-Key":"YOUR_SECURE_RANDOM_KEY","Host":"wjin.upv.edu.es"}
2025-10-06T22:16:54+00:00 HEADERS={"User-Agent":"okhttp\/4.12.0","Accept-Encoding":"gzip","Content-Length":"179","Content-Type":"application\/json","X-Api-Key":"YOUR_SECURE_RANDOM_KEY","Host":"wjin.upv.edu.es"}
2025-10-06T22:16:54+00:00 RAW={"mac":"E6:14:89:83:B3:B9","major":2824,"minor":500,"nombre":"GTI-3A","rssi":-62,"timestamp":1759789014896,"txPower":203,"uuid":"45:50:53:47:2d:47:54:49:2d:50:52:4f:59:2d:33:41:"}
2025-10-06T22:16:54+00:00 RAW={"mac":"E6:14:89:83:B3:B9","major":2824,"minor":500,"nombre":"GTI-3A","rssi":-64,"timestamp":1759789014955,"txPower":203,"uuid":"45:50:53:47:2d:47:54:49:2d:50:52:4f:59:2d:33:41:"}
2025-10-06T22:16:54+00:00 METHOD=POST
2025-10-06T22:16:54+00:00 HEADERS={"User-Agent":"okhttp\/4.12.0","Accept-Encoding":"gzip","Content-Length":"179","Content-Type":"application\/json","X-Api-Key":"YOUR_SECURE_RANDOM_KEY","Host":"wjin.upv.edu.es"}
2025-10-06T22:16:54+00:00 RAW={"mac":"E6:14:89:83:B3:B9","major":2824,"minor":500,"nombre":"GTI-3A","rssi":-60,"timestamp":1759789015025,"txPower":203,"uuid":"45:50:53:47:2d:47:54:49:2d:50:52:4f:59:2d:33:41:"}
2025-10-06T22:16:54+00:00 METHOD=POST
2025-10-06T22:16:54+00:00 HEADERS={"User-Agent":"okhttp\/4.12.0","Accept-Encoding":"gzip","Content-Length":"179","Content-Type":"application\/json","X-Api-Key":"YOUR_SECURE_RANDOM_KEY","Host":"wjin.upv.edu.es"}
2025-10-06T22:16:54+00:00 RAW={"mac":"E6:14:89:83:B3:B9","major":2824,"minor":500,"nombre":"GTI-3A","rssi":-61,"timestamp":1759789015090,"txPower":203,"uuid":"45:50:53:47:2d:47:54:49:2d:50:52:4f:59:2d:33:41:"}
2025-10-06T22:16:54+00:00 METHOD=POST
2025-10-06T22:16:54+00:00 HEADERS={"User-Agent":"okhttp\/4.12.0","Accept-Encoding":"gzip","Content-Length":"179","Content-Type":"application\/json","X-Api-Key":"YOUR_SECURE_RANDOM_KEY","Host":"wjin.upv.edu.es"}
2025-10-06T22:16:54+00:00 RAW={"mac":"E6:14:89:83:B3:B9","major":2824,"minor":500,"nombre":"GTI-3A","rssi":-61,"timestamp":1759789015157,"txPower":203,"uuid":"45:50:53:47:2d:47:54:49:2d:50:52:4f:59:2d:33:41:"}
2025-10-06T22:16:54+00:00 METHOD=POST
2025-10-06T22:16:54+00:00 HEADERS={"User-Agent":"okhttp\/4.12.0","Accept-Encoding":"gzip","Content-Length":"179","Content-Type":"application\/json","X-Api-Key":"YOUR_SECURE_RANDOM_KEY","Host":"wjin.upv.edu.es"}
2025-10-06T22:16:55+00:00 RAW={"mac":"E6:14:89:83:B3:B9","major":2824,"minor":500,"nombre":"GTI-3A","rssi":-63,"timestamp":1759789015299,"txPower":203,"uuid":"45:50:53:47:2d:47:54:49:2d:50:52:4f:59:2d:33:41:"}
2025-10-06T22:16:55+00:00 METHOD=POST
2025-10-06T22:16:55+00:00 HEADERS={"User-Agent":"okhttp\/4.12.0","Accept-Encoding":"gzip","Content-Length":"179","Content-Type":"application\/json","X-Api-Key":"YOUR_SECURE_RANDOM_KEY","Host":"wjin.upv.edu.es"}
2025-10-06T22:16:55+00:00 RAW={"mac":"E6:14:89:83:B3:B9","major":2824,"minor":500,"nombre":"GTI-3A","rssi":-60,"timestamp":1759789015364,"txPower":203,"uuid":"45:50:53:47:2d:47:54:49:2d:50:52:4f:59:2d:33:41:"}
2025-10-06T22:16:55+00:00 METHOD=POST
2025-10-06T22:16:55+00:00 HEADERS={"User-Agent":"okhttp\/4.12.0","Accept-Encoding":"gzip","Content-Length":"179","Content-Type":"application\/json","X-Api-Key":"YOUR_SECURE_RANDOM_KEY","Host":"wjin.upv.edu.es"}
2025-10-06T22:16:55+00:00 RAW={"mac":"E6:14:89:83:B3:B9","major":2824,"minor":500,"nombre":"GTI-3A","rssi":-61,"timestamp":1759789015425,"txPower":203,"uuid":"45:50:53:47:2d:47:54:49:2d:50:52:4f:59:2d:33:41:"}
2025-10-06T22:16:55+00:00 METHOD=POST
2025-10-06T22:16:55+00:00 HEADERS={"User-Agent":"okhttp\/4.12.0","Accept-Encoding":"gzip","Content-Length":"179","Content-Type":"application\/json","X-Api-Key":"YOUR_SECURE_RANDOM_KEY","Host":"wjin.upv.edu.es"}
2025-10-06T22:16:55+00:00 RAW={"mac":"E6:14:89:83:B3:B9","major":2824,"minor":500,"nombre":"GTI-3A","rssi":-61,"timestamp":1759789015492,"txPower":203,"uuid":"45:50:53:47:2d:47:54:49:2d:50:52:4f:59:2d:33:41:"}
2025-10-06T22:16:55+00:00 METHOD=POST
2025-10-06T22:16:55+00:00 HEADERS={"User-Agent":"okhttp\/4.12.0","Accept-Encoding":"gzip","Content-Length":"179","Content-Type":"application\/json","X-Api-Key":"YOUR_SECURE_RANDOM_KEY","Host":"wjin.upv.edu.es"}
2025-10-06T22:16:55+00:00 RAW={"mac":"E6:14:89:83:B3:B9","major":2824,"minor":500,"nombre":"GTI-3A","rssi":-63,"timestamp":1759789015554,"txPower":203,"uuid":"45:50:53:47:2d:47:54:49:2d:50:52:4f:59:2d:33:41:"}
2025-10-06T22:16:55+00:00 METHOD=POST
2025-10-06T22:16:55+00:00 HEADERS={"User-Agent":"okhttp\/4.12.0","Accept-Encoding":"gzip","Content-Length":"179","Content-Type":"application\/json","X-Api-Key":"YOUR_SECURE_RANDOM_KEY","Host":"wjin.upv.edu.es"}
2025-10-06T22:16:55+00:00 RAW={"mac":"E6:14:89:83:B3:B9","major":2824,"minor":500,"nombre":"GTI-3A","rssi":-60,"timestamp":1759789015625,"txPower":203,"uuid":"45:50:53:47:2d:47:54:49:2d:50:52:4f:59:2d:33:41:"}
2025-10-06T22:16:55+00:00 METHOD=POST
2025-10-06T22:16:55+00:00 HEADERS={"User-Agent":"okhttp\/4.12.0","Accept-Encoding":"gzip","Content-Length":"179","Content-Type":"application\/json","X-Api-Key":"YOUR_SECURE_RANDOM_KEY","Host":"wjin.upv.edu.es"}
2025-10-06T22:16:55+00:00 RAW={"mac":"E6:14:89:83:B3:B9","major":2824,"minor":500,"nombre":"GTI-3A","rssi":-59,"timestamp":1759789015700,"txPower":203,"uuid":"45:50:53:47:2d:47:54:49:2d:50:52:4f:59:2d:33:41:"}
2025-10-06T22:17:01+00:00 METHOD=POST
2025-10-06T22:17:01+00:00 HEADERS={"User-Agent":"okhttp\/4.12.0","Accept-Encoding":"gzip","Content-Length":"179","Content-Type":"application\/json","X-Api-Key":"YOUR_SECURE_RANDOM_KEY","Host":"wjin.upv.edu.es"}
2025-10-06T22:17:01+00:00 RAW={"mac":"E6:14:89:83:B3:B9","major":2825,"minor":500,"nombre":"GTI-3A","rssi":-60,"timestamp":1759789021268,"txPower":203,"uuid":"45:50:53:47:2d:47:54:49:2d:50:52:4f:59:2d:33:41:"}
2025-10-06T22:17:01+00:00 METHOD=POST
2025-10-06T22:17:01+00:00 HEADERS={"User-Agent":"okhttp\/4.12.0","Accept-Encoding":"gzip","Content-Length":"179","Content-Type":"application\/json","X-Api-Key":"YOUR_SECURE_RANDOM_KEY","Host":"wjin.upv.edu.es"}
2025-10-06T22:17:01+00:00 RAW={"mac":"E6:14:89:83:B3:B9","major":2825,"minor":500,"nombre":"GTI-3A","rssi":-58,"timestamp":1759789021318,"txPower":203,"uuid":"45:50:53:47:2d:47:54:49:2d:50:52:4f:59:2d:33:41:"}
2025-10-06T22:17:01+00:00 METHOD=POST
2025-10-06T22:17:01+00:00 HEADERS={"User-Agent":"okhttp\/4.12.0","Accept-Encoding":"gzip","Content-Length":"179","Content-Type":"application\/json","X-Api-Key":"YOUR_SECURE_RANDOM_KEY","Host":"wjin.upv.edu.es"}
2025-10-06T22:17:01+00:00 RAW={"mac":"E6:14:89:83:B3:B9","major":2825,"minor":500,"nombre":"GTI-3A","rssi":-58,"timestamp":1759789021386,"txPower":203,"uuid":"45:50:53:47:2d:47:54:49:2d:50:52:4f:59:2d:33:41:"}
2025-10-06T22:17:01+00:00 METHOD=POST
2025-10-06T22:17:01+00:00 HEADERS={"User-Agent":"okhttp\/4.12.0","Accept-Encoding":"gzip","Content-Length":"179","Content-Type":"application\/json","X-Api-Key":"YOUR_SECURE_RANDOM_KEY","Host":"wjin.upv.edu.es"}
2025-10-06T22:17:01+00:00 RAW={"mac":"E6:14:89:83:B3:B9","major":2825,"minor":500,"nombre":"GTI-3A","rssi":-60,"timestamp":1759789021534,"txPower":203,"uuid":"45:50:53:47:2d:47:54:49:2d:50:52:4f:59:2d:33:41:"}
2025-10-06T22:17:01+00:00 METHOD=POST
2025-10-06T22:17:01+00:00 HEADERS={"User-Agent":"okhttp\/4.12.0","Accept-Encoding":"gzip","Content-Length":"179","Content-Type":"application\/json","X-Api-Key":"YOUR_SECURE_RANDOM_KEY","Host":"wjin.upv.edu.es"}
2025-10-06T22:17:01+00:00 RAW={"mac":"E6:14:89:83:B3:B9","major":2825,"minor":500,"nombre":"GTI-3A","rssi":-60,"timestamp":1759789021586,"txPower":203,"uuid":"45:50:53:47:2d:47:54:49:2d:50:52:4f:59:2d:33:41:"}
2025-10-06T22:17:01+00:00 METHOD=POST
2025-10-06T22:17:01+00:00 HEADERS={"User-Agent":"okhttp\/4.12.0","Accept-Encoding":"gzip","Content-Length":"179","Content-Type":"application\/json","X-Api-Key":"YOUR_SECURE_RANDOM_KEY","Host":"wjin.upv.edu.es"}
2025-10-06T22:17:01+00:00 RAW={"mac":"E6:14:89:83:B3:B9","major":2825,"minor":500,"nombre":"GTI-3A","rssi":-59,"timestamp":1759789021658,"txPower":203,"uuid":"45:50:53:47:2d:47:54:49:2d:50:52:4f:59:2d:33:41:"}
2025-10-06T22:17:01+00:00 METHOD=POST
2025-10-06T22:17:01+00:00 HEADERS={"User-Agent":"okhttp\/4.12.0","Accept-Encoding":"gzip","Content-Length":"179","Content-Type":"application\/json","X-Api-Key":"YOUR_SECURE_RANDOM_KEY","Host":"wjin.upv.edu.es"}
2025-10-06T22:17:01+00:00 RAW={"mac":"E6:14:89:83:B3:B9","major":2825,"minor":500,"nombre":"GTI-3A","rssi":-59,"timestamp":1759789021729,"txPower":203,"uuid":"45:50:53:47:2d:47:54:49:2d:50:52:4f:59:2d:33:41:"}
2025-10-06T22:17:01+00:00 METHOD=POST
2025-10-06T22:17:01+00:00 HEADERS={"User-Agent":"okhttp\/4.12.0","Accept-Encoding":"gzip","Content-Length":"179","Content-Type":"application\/json","X-Api-Key":"YOUR_SECURE_RANDOM_KEY","Host":"wjin.upv.edu.es"}
2025-10-06T22:17:01+00:00 RAW={"mac":"E6:14:89:83:B3:B9","major":2825,"minor":500,"nombre":"GTI-3A","rssi":-60,"timestamp":1759789021869,"txPower":203,"uuid":"45:50:53:47:2d:47:54:49:2d:50:52:4f:59:2d:33:41:"}
2025-10-06T22:17:01+00:00 METHOD=POST
2025-10-06T22:17:01+00:00 HEADERS={"User-Agent":"okhttp\/4.12.0","Accept-Encoding":"gzip","Content-Length":"179","Content-Type":"application\/json","X-Api-Key":"YOUR_SECURE_RANDOM_KEY","Host":"wjin.upv.edu.es"}
2025-10-06T22:17:01+00:00 RAW={"mac":"E6:14:89:83:B3:B9","major":2825,"minor":500,"nombre":"GTI-3A","rssi":-58,"timestamp":1759789021931,"txPower":203,"uuid":"45:50:53:47:2d:47:54:49:2d:50:52:4f:59:2d:33:41:"}
2025-10-06T22:17:01+00:00 METHOD=POST
2025-10-06T22:17:01+00:00 HEADERS={"User-Agent":"okhttp\/4.12.0","Accept-Encoding":"gzip","Content-Length":"179","Content-Type":"application\/json","X-Api-Key":"YOUR_SECURE_RANDOM_KEY","Host":"wjin.upv.edu.es"}
2025-10-06T22:17:01+00:00 RAW={"mac":"E6:14:89:83:B3:B9","major":2825,"minor":500,"nombre":"GTI-3A","rssi":-59,"timestamp":1759789022004,"txPower":203,"uuid":"45:50:53:47:2d:47:54:49:2d:50:52:4f:59:2d:33:41:"}
2025-10-06T22:17:01+00:00 METHOD=POST
2025-10-06T22:17:01+00:00 HEADERS={"User-Agent":"okhttp\/4.12.0","Accept-Encoding":"gzip","Content-Length":"179","Content-Type":"application\/json","X-Api-Key":"YOUR_SECURE_RANDOM_KEY","Host":"wjin.upv.edu.es"}
2025-10-06T22:17:01+00:00 RAW={"mac":"E6:14:89:83:B3:B9","major":2825,"minor":500,"nombre":"GTI-3A","rssi":-60,"timestamp":1759789022141,"txPower":203,"uuid":"45:50:53:47:2d:47:54:49:2d:50:52:4f:59:2d:33:41:"}
2025-10-06T22:17:01+00:00 METHOD=POST
2025-10-06T22:17:01+00:00 HEADERS={"User-Agent":"okhttp\/4.12.0","Accept-Encoding":"gzip","Content-Length":"179","Content-Type":"application\/json","X-Api-Key":"YOUR_SECURE_RANDOM_KEY","Host":"wjin.upv.edu.es"}
2025-10-06T22:17:01+00:00 RAW={"mac":"E6:14:89:83:B3:B9","major":2825,"minor":500,"nombre":"GTI-3A","rssi":-58,"timestamp":1759789022196,"txPower":203,"uuid":"45:50:53:47:2d:47:54:49:2d:50:52:4f:59:2d:33:41:"}
2025-10-06T22:21:40+00:00 METHOD=POST
2025-10-06T22:21:40+00:00 HEADERS={"User-Agent":"okhttp\/4.12.0","Accept-Encoding":"gzip","Content-Length":"179","Content-Type":"application\/json","X-Api-Key":"YOUR_SECURE_RANDOM_KEY","Host":"wjin.upv.edu.es"}
2025-10-06T22:21:40+00:00 RAW={"mac":"E6:14:89:83:B3:B9","major":2868,"minor":500,"nombre":"GTI-3A","rssi":-60,"timestamp":1759789300663,"txPower":203,"uuid":"45:50:53:47:2d:47:54:49:2d:50:52:4f:59:2d:33:41:"}
2025-10-06T22:21:40+00:00 METHOD=POST
2025-10-06T22:21:40+00:00 HEADERS={"User-Agent":"okhttp\/4.12.0","Accept-Encoding":"gzip","Content-Length":"179","Content-Type":"application\/json","X-Api-Key":"YOUR_SECURE_RANDOM_KEY","Host":"wjin.upv.edu.es"}
2025-10-06T22:21:40+00:00 RAW={"mac":"E6:14:89:83:B3:B9","major":2868,"minor":500,"nombre":"GTI-3A","rssi":-58,"timestamp":1759789300705,"txPower":203,"uuid":"45:50:53:47:2d:47:54:49:2d:50:52:4f:59:2d:33:41:"}
2025-10-06T22:21:40+00:00 METHOD=POST
2025-10-06T22:21:40+00:00 HEADERS={"User-Agent":"okhttp\/4.12.0","Accept-Encoding":"gzip","Content-Length":"179","Content-Type":"application\/json","X-Api-Key":"YOUR_SECURE_RANDOM_KEY","Host":"wjin.upv.edu.es"}
2025-10-06T22:21:40+00:00 RAW={"mac":"E6:14:89:83:B3:B9","major":2868,"minor":500,"nombre":"GTI-3A","rssi":-59,"timestamp":1759789300818,"txPower":203,"uuid":"45:50:53:47:2d:47:54:49:2d:50:52:4f:59:2d:33:41:"}
2025-10-06T22:21:40+00:00 METHOD=POST
2025-10-06T22:21:40+00:00 HEADERS={"User-Agent":"okhttp\/4.12.0","Accept-Encoding":"gzip","Content-Length":"179","Content-Type":"application\/json","X-Api-Key":"YOUR_SECURE_RANDOM_KEY","Host":"wjin.upv.edu.es"}
2025-10-06T22:21:40+00:00 RAW={"mac":"E6:14:89:83:B3:B9","major":2868,"minor":500,"nombre":"GTI-3A","rssi":-60,"timestamp":1759789300892,"txPower":203,"uuid":"45:50:53:47:2d:47:54:49:2d:50:52:4f:59:2d:33:41:"}
2025-10-06T22:21:40+00:00 METHOD=POST
2025-10-06T22:21:40+00:00 HEADERS={"User-Agent":"okhttp\/4.12.0","Accept-Encoding":"gzip","Content-Length":"179","Content-Type":"application\/json","X-Api-Key":"YOUR_SECURE_RANDOM_KEY","Host":"wjin.upv.edu.es"}
2025-10-06T22:21:40+00:00 RAW={"mac":"E6:14:89:83:B3:B9","major":2868,"minor":500,"nombre":"GTI-3A","rssi":-58,"timestamp":1759789301042,"txPower":203,"uuid":"45:50:53:47:2d:47:54:49:2d:50:52:4f:59:2d:33:41:"}
2025-10-06T22:21:40+00:00 METHOD=POST
2025-10-06T22:21:40+00:00 HEADERS={"User-Agent":"okhttp\/4.12.0","Accept-Encoding":"gzip","Content-Length":"179","Content-Type":"application\/json","X-Api-Key":"YOUR_SECURE_RANDOM_KEY","Host":"wjin.upv.edu.es"}
2025-10-06T22:21:40+00:00 RAW={"mac":"E6:14:89:83:B3:B9","major":2868,"minor":500,"nombre":"GTI-3A","rssi":-60,"timestamp":1759789301170,"txPower":203,"uuid":"45:50:53:47:2d:47:54:49:2d:50:52:4f:59:2d:33:41:"}
2025-10-06T22:21:40+00:00 METHOD=POST
2025-10-06T22:21:40+00:00 HEADERS={"User-Agent":"okhttp\/4.12.0","Accept-Encoding":"gzip","Content-Length":"179","Content-Type":"application\/json","X-Api-Key":"YOUR_SECURE_RANDOM_KEY","Host":"wjin.upv.edu.es"}
2025-10-06T22:21:40+00:00 RAW={"mac":"E6:14:89:83:B3:B9","major":2868,"minor":500,"nombre":"GTI-3A","rssi":-60,"timestamp":1759789301236,"txPower":203,"uuid":"45:50:53:47:2d:47:54:49:2d:50:52:4f:59:2d:33:41:"}
2025-10-06T22:21:40+00:00 METHOD=POST
2025-10-06T22:21:40+00:00 HEADERS={"User-Agent":"okhttp\/4.12.0","Accept-Encoding":"gzip","Content-Length":"179","Content-Type":"application\/json","X-Api-Key":"YOUR_SECURE_RANDOM_KEY","Host":"wjin.upv.edu.es"}
2025-10-06T22:21:40+00:00 RAW={"mac":"E6:14:89:83:B3:B9","major":2868,"minor":500,"nombre":"GTI-3A","rssi":-58,"timestamp":1759789301300,"txPower":203,"uuid":"45:50:53:47:2d:47:54:49:2d:50:52:4f:59:2d:33:41:"}
2025-10-06T22:21:41+00:00 METHOD=POST
2025-10-06T22:21:41+00:00 HEADERS={"User-Agent":"okhttp\/4.12.0","Accept-Encoding":"gzip","Content-Length":"179","Content-Type":"application\/json","X-Api-Key":"YOUR_SECURE_RANDOM_KEY","Host":"wjin.upv.edu.es"}
2025-10-06T22:21:41+00:00 RAW={"mac":"E6:14:89:83:B3:B9","major":2868,"minor":500,"nombre":"GTI-3A","rssi":-57,"timestamp":1759789301504,"txPower":203,"uuid":"45:50:53:47:2d:47:54:49:2d:50:52:4f:59:2d:33:41:"}
2025-10-06T22:21:41+00:00 METHOD=POST
2025-10-06T22:21:41+00:00 HEADERS={"User-Agent":"okhttp\/4.12.0","Accept-Encoding":"gzip","Content-Length":"179","Content-Type":"application\/json","X-Api-Key":"YOUR_SECURE_RANDOM_KEY","Host":"wjin.upv.edu.es"}
2025-10-06T22:21:41+00:00 RAW={"mac":"E6:14:89:83:B3:B9","major":2868,"minor":500,"nombre":"GTI-3A","rssi":-59,"timestamp":1759789301565,"txPower":203,"uuid":"45:50:53:47:2d:47:54:49:2d:50:52:4f:59:2d:33:41:"}
2025-10-06T23:17:18+00:00 METHOD=GET
2025-10-06T23:17:18+00:00 HEADERS={"Cookie":"sites-dynamic-list-state-collapsed=%7B%22domain%3A3651%22%3A0%7D; PLESKSESSID=9442b6958298ffae0a60bb2b16fc815f","Priority":"u=0, i","Accept-Language":"zh-CN,zh;q=0.9,es;q=0.8","Accept-Encoding":"gzip, deflate, br, zstd","Referer":"https:\/\/wjin.upv.edu.es:8443\/","Sec-Fetch-Dest":"document","Sec-Fetch-User":"?1","Sec-Fetch-Mode":"navigate","Sec-Fetch-Site":"same-site","Accept":"text\/html,application\/xhtml+xml,application\/xml;q=0.9,image\/avif,image\/webp,image\/apng,*\/*;q=0.8,application\/signed-exchange;v=b3;q=0.7","User-Agent":"Mozilla\/5.0 (Windows NT 10.0; Win64; x64) AppleWebKit\/537.36 (KHTML, like Gecko) Chrome\/134.0.0.0 Safari\/537.36","Upgrade-Insecure-Requests":"1","Sec-Ch-Ua-Platform":"\"Windows\"","Sec-Ch-Ua-Mobile":"?0","Sec-Ch-Ua":"\"Chromium\";v=\"134\", \"Not:A-Brand\";v=\"24\", \"Google Chrome\";v=\"134\"","Host":"wjin.upv.edu.es","Content-Length":"","Content-Type":""}
2025-10-06T23:17:18+00:00 RAW=
2025-10-06T23:31:57+00:00 METHOD=POST
2025-10-06T23:31:57+00:00 RAW={"mac":"E6:14:89:83:B3:B9","major":3005,"minor":500,"nombre":"GTI-3A","rssi":-51,"timestamp":1759793517262,"txPower":203,"uuid":"45:50:53:47:2d:47:54:49:2d:50:52:4f:59:2d:33:41:"}
2025-10-06T23:31:57+00:00 METHOD=POST
2025-10-06T23:31:57+00:00 RAW={"mac":"E6:14:89:83:B3:B9","major":3005,"minor":500,"nombre":"GTI-3A","rssi":-51,"timestamp":1759793517211,"txPower":203,"uuid":"45:50:53:47:2d:47:54:49:2d:50:52:4f:59:2d:33:41:"}
2025-10-06T23:31:57+00:00 METHOD=POST
2025-10-06T23:31:57+00:00 RAW={"mac":"E6:14:89:83:B3:B9","major":3005,"minor":500,"nombre":"GTI-3A","rssi":-53,"timestamp":1759793517281,"txPower":203,"uuid":"45:50:53:47:2d:47:54:49:2d:50:52:4f:59:2d:33:41:"}
2025-10-06T23:31:57+00:00 METHOD=POST
2025-10-06T23:31:57+00:00 RAW={"mac":"E6:14:89:83:B3:B9","major":3005,"minor":500,"nombre":"GTI-3A","rssi":-53,"timestamp":1759793517299,"txPower":203,"uuid":"45:50:53:47:2d:47:54:49:2d:50:52:4f:59:2d:33:41:"}
2025-10-06T23:31:57+00:00 METHOD=POST
2025-10-06T23:31:57+00:00 RAW={"mac":"E6:14:89:83:B3:B9","major":3005,"minor":500,"nombre":"GTI-3A","rssi":-53,"timestamp":1759793517365,"txPower":203,"uuid":"45:50:53:47:2d:47:54:49:2d:50:52:4f:59:2d:33:41:"}
2025-10-06T23:31:57+00:00 METHOD=POST
2025-10-06T23:31:57+00:00 RAW={"mac":"E6:14:89:83:B3:B9","major":3005,"minor":500,"nombre":"GTI-3A","rssi":-52,"timestamp":1759793517434,"txPower":203,"uuid":"45:50:53:47:2d:47:54:49:2d:50:52:4f:59:2d:33:41:"}
2025-10-06T23:31:57+00:00 METHOD=POST
2025-10-06T23:31:57+00:00 RAW={"mac":"E6:14:89:83:B3:B9","major":3005,"minor":500,"nombre":"GTI-3A","rssi":-52,"timestamp":1759793517488,"txPower":203,"uuid":"45:50:53:47:2d:47:54:49:2d:50:52:4f:59:2d:33:41:"}
2025-10-06T23:31:57+00:00 METHOD=POST
2025-10-06T23:31:57+00:00 RAW={"mac":"E6:14:89:83:B3:B9","major":3005,"minor":500,"nombre":"GTI-3A","rssi":-52,"timestamp":1759793517631,"txPower":203,"uuid":"45:50:53:47:2d:47:54:49:2d:50:52:4f:59:2d:33:41:"}
2025-10-06T23:31:57+00:00 METHOD=POST
2025-10-06T23:31:57+00:00 RAW={"mac":"E6:14:89:83:B3:B9","major":3005,"minor":500,"nombre":"GTI-3A","rssi":-53,"timestamp":1759793517698,"txPower":203,"uuid":"45:50:53:47:2d:47:54:49:2d:50:52:4f:59:2d:33:41:"}
2025-10-06T23:31:57+00:00 METHOD=POST
2025-10-06T23:31:57+00:00 RAW={"mac":"E6:14:89:83:B3:B9","major":3005,"minor":500,"nombre":"GTI-3A","rssi":-52,"timestamp":1759793517762,"txPower":203,"uuid":"45:50:53:47:2d:47:54:49:2d:50:52:4f:59:2d:33:41:"}
2025-10-06T23:31:57+00:00 METHOD=POST
2025-10-06T23:31:57+00:00 RAW={"mac":"E6:14:89:83:B3:B9","major":3005,"minor":500,"nombre":"GTI-3A","rssi":-52,"timestamp":1759793517829,"txPower":203,"uuid":"45:50:53:47:2d:47:54:49:2d:50:52:4f:59:2d:33:41:"}
2025-10-06T23:31:57+00:00 METHOD=POST
2025-10-06T23:31:57+00:00 RAW={"mac":"E6:14:89:83:B3:B9","major":3005,"minor":500,"nombre":"GTI-3A","rssi":-53,"timestamp":1759793517901,"txPower":203,"uuid":"45:50:53:47:2d:47:54:49:2d:50:52:4f:59:2d:33:41:"}
2025-10-06T23:31:57+00:00 METHOD=POST
2025-10-06T23:31:57+00:00 RAW={"mac":"E6:14:89:83:B3:B9","major":3005,"minor":500,"nombre":"GTI-3A","rssi":-52,"timestamp":1759793518040,"txPower":203,"uuid":"45:50:53:47:2d:47:54:49:2d:50:52:4f:59:2d:33:41:"}
2025-10-07T00:02:03+00:00 METHOD=POST
2025-10-07T00:02:03+00:00 RAW={"nombre":"GTI-3A","mac":"AA:BB:CC:DD:EE:FF","rssi":-53,"uuid":"EPSG-GTI-PROY-3A","major":2816,"minor":523,"txPower":4,"timestamp":1759795323068}
2025-10-08T14:09:52+00:00 METHOD=POST
2025-10-08T14:09:52+00:00 RAW={"mac":"EE:32:49:23:4F:89","major":3150,"minor":-12,"nombre":"GTI-Mery","rssi":-87,"timestamp":1759932593126,"txPower":203,"uuid":"45:50:53:47:2d:47:54:49:2d:50:52:4f:59:2d:33:41:"}
2025-10-08T14:09:59+00:00 METHOD=POST
2025-10-08T14:09:59+00:00 RAW={"mac":"EE:32:49:23:4F:89","major":2895,"minor":333,"nombre":"GTI-Mery","rssi":-77,"timestamp":1759932599692,"txPower":203,"uuid":"45:50:53:47:2d:47:54:49:2d:50:52:4f:59:2d:33:41:"}
2025-10-08T14:09:59+00:00 METHOD=POST
2025-10-08T14:09:59+00:00 RAW={"mac":"EE:32:49:23:4F:89","major":2895,"minor":333,"nombre":"GTI-Mery","rssi":-84,"timestamp":1759932599739,"txPower":203,"uuid":"45:50:53:47:2d:47:54:49:2d:50:52:4f:59:2d:33:41:"}
2025-10-08T14:09:59+00:00 METHOD=POST
2025-10-08T14:09:59+00:00 RAW={"mac":"EE:32:49:23:4F:89","major":2895,"minor":333,"nombre":"GTI-Mery","rssi":-84,"timestamp":1759932599814,"txPower":203,"uuid":"45:50:53:47:2d:47:54:49:2d:50:52:4f:59:2d:33:41:"}
2025-10-08T14:09:59+00:00 METHOD=POST
2025-10-08T14:09:59+00:00 RAW={"mac":"EE:32:49:23:4F:89","major":2895,"minor":333,"nombre":"GTI-Mery","rssi":-77,"timestamp":1759932599962,"txPower":203,"uuid":"45:50:53:47:2d:47:54:49:2d:50:52:4f:59:2d:33:41:"}
2025-10-08T14:09:59+00:00 METHOD=POST
2025-10-08T14:09:59+00:00 RAW={"mac":"EE:32:49:23:4F:89","major":2895,"minor":333,"nombre":"GTI-Mery","rssi":-83,"timestamp":1759932600020,"txPower":203,"uuid":"45:50:53:47:2d:47:54:49:2d:50:52:4f:59:2d:33:41:"}
2025-10-08T14:09:59+00:00 METHOD=POST
2025-10-08T14:09:59+00:00 RAW={"mac":"EE:32:49:23:4F:89","major":2895,"minor":333,"nombre":"GTI-Mery","rssi":-84,"timestamp":1759932600089,"txPower":203,"uuid":"45:50:53:47:2d:47:54:49:2d:50:52:4f:59:2d:33:41:"}
2025-10-08T14:09:59+00:00 METHOD=POST
2025-10-08T14:09:59+00:00 RAW={"mac":"EE:32:49:23:4F:89","major":2895,"minor":333,"nombre":"GTI-Mery","rssi":-78,"timestamp":1759932600230,"txPower":203,"uuid":"45:50:53:47:2d:47:54:49:2d:50:52:4f:59:2d:33:41:"}
2025-10-08T14:09:59+00:00 METHOD=POST
2025-10-08T14:09:59+00:00 RAW={"mac":"EE:32:49:23:4F:89","major":2895,"minor":333,"nombre":"GTI-Mery","rssi":-77,"timestamp":1759932600300,"txPower":203,"uuid":"45:50:53:47:2d:47:54:49:2d:50:52:4f:59:2d:33:41:"}
2025-10-08T14:09:59+00:00 METHOD=POST
2025-10-08T14:09:59+00:00 RAW={"mac":"EE:32:49:23:4F:89","major":2895,"minor":333,"nombre":"GTI-Mery","rssi":-84,"timestamp":1759932600359,"txPower":203,"uuid":"45:50:53:47:2d:47:54:49:2d:50:52:4f:59:2d:33:41:"}
2025-10-08T14:10:00+00:00 METHOD=POST
2025-10-08T14:10:00+00:00 RAW={"mac":"EE:32:49:23:4F:89","major":3151,"minor":-12,"nombre":"GTI-Mery","rssi":-84,"timestamp":1759932600960,"txPower":203,"uuid":"45:50:53:47:2d:47:54:49:2d:50:52:4f:59:2d:33:41:"}
2025-10-08T14:10:00+00:00 METHOD=POST
2025-10-08T14:10:00+00:00 RAW={"mac":"EE:32:49:23:4F:89","major":3151,"minor":-12,"nombre":"GTI-Mery","rssi":-77,"timestamp":1759932601139,"txPower":203,"uuid":"45:50:53:47:2d:47:54:49:2d:50:52:4f:59:2d:33:41:"}
2025-10-08T14:10:00+00:00 METHOD=POST
2025-10-08T14:10:00+00:00 RAW={"mac":"EE:32:49:23:4F:89","major":3151,"minor":-12,"nombre":"GTI-Mery","rssi":-77,"timestamp":1759932601208,"txPower":203,"uuid":"45:50:53:47:2d:47:54:49:2d:50:52:4f:59:2d:33:41:"}
2025-10-08T14:10:00+00:00 METHOD=POST
2025-10-08T14:10:00+00:00 RAW={"mac":"EE:32:49:23:4F:89","major":3151,"minor":-12,"nombre":"GTI-Mery","rssi":-82,"timestamp":1759932601270,"txPower":203,"uuid":"45:50:53:47:2d:47:54:49:2d:50:52:4f:59:2d:33:41:"}
2025-10-08T14:10:01+00:00 METHOD=POST
2025-10-08T14:10:01+00:00 RAW={"mac":"EE:32:49:23:4F:89","major":3151,"minor":-12,"nombre":"GTI-Mery","rssi":-80,"timestamp":1759932601506,"txPower":203,"uuid":"45:50:53:47:2d:47:54:49:2d:50:52:4f:59:2d:33:41:"}
2025-10-08T14:10:01+00:00 METHOD=POST
2025-10-08T14:10:01+00:00 RAW={"mac":"EE:32:49:23:4F:89","major":3151,"minor":-12,"nombre":"GTI-Mery","rssi":-81,"timestamp":1759932601543,"txPower":203,"uuid":"45:50:53:47:2d:47:54:49:2d:50:52:4f:59:2d:33:41:"}
2025-10-08T14:10:01+00:00 METHOD=POST
2025-10-08T14:10:01+00:00 RAW={"mac":"EE:32:49:23:4F:89","major":3151,"minor":-12,"nombre":"GTI-Mery","rssi":-82,"timestamp":1759932601620,"txPower":203,"uuid":"45:50:53:47:2d:47:54:49:2d:50:52:4f:59:2d:33:41:"}
2025-10-08T14:41:33+00:00 METHOD=POST
2025-10-08T14:41:33+00:00 RAW={"nombre":"GTI-3A","mac":"AA:BB:CC:DD:EE:FF","rssi":-53,"uuid":"EPSG-GTI-PROY-3A","major":2816,"minor":523,"txPower":4,"timestamp":1759934493500}
